"PMID","BibTeX key","Monomer(s) mapped in source table","Class(es)","Bibliographic title","Primary evidence classification","Direct isolated monomer experimental evidence","Animal-validated monomer evidence","Cell-only monomer evidence","Combination therapy evidence","Immune microenvironment evidence","Ferroptosis/redox evidence","Formulation/nanodelivery evidence","Extract/formula/decoction contextual evidence","Network pharmacology/in silico evidence","Review/background evidence","Models recorded","Exposure recorded","Mechanism tags","Use in review","Publication year","PubMed publication date","Compound name","Source medicinal material","TCM or Chinese materia medica association","Type of association","Supporting reference","Material actually tested","Counting unit"
"23745612","PMID23745612","syringic acid","Phenolic acids","Syringic acid from Tamarix aucheriana possesses antimitogenic and chemo-sensitizing activities in human colorectal cancer cells.","Cell-only isolated monomer evidence","Yes","No","Yes","Yes","Yes","No","No","No","No","No","体外细胞实验模型，包括人结直肠癌细胞和正常成纤维细胞。","not captured in source extraction","Apoptosis/cell cycle; EMT/ECM/metastasis; Immune microenvironment","Direct mechanistic evidence requiring in vivo validation.","2013","2013/09/01","syringic acid","植物 Tamarix aucheriana（阿拉伯传统药用植物）","Not established from supplied source field","Generic botanical, dietary, computational, or unspecified association","PMID 23745612; PMID23745612","Purified isolated compound(s): syringic acid","One unique PMID-linked reference"
"30199885","PMID30199885","emodin/aloe-emodin","Anthraquinones","Aloe-Emodin Induces Endoplasmic Reticulum Stress-Dependent Apoptosis in Colorectal Cancer Cells.","Cell-only isolated monomer evidence","Yes","No","Yes","No","No","Yes","No","No","No","No","体外：SW620 和 HT29 结直肠癌细胞系；AE 浓度为 10, 20, 40 μM","Aloe-emodin 10, 20, and 40 µM in SW620 and HT29 cells","Apoptosis/cell cycle; MAPK/JNK/ERK; ROS/ferroptosis","Direct mechanistic evidence requiring in vivo validation.","2018","2018/09/10","emodin/aloe-emodin","芦荟","Not established from supplied source field","Generic botanical, dietary, computational, or unspecified association","PMID 30199885; PMID30199885","Purified isolated compound(s): emodin/aloe-emodin","One unique PMID-linked reference"
"31164916","PMID31164916","1,4,6-tri-O-galloyl-β-d-glucopyranose","Hydrolysable tannins","A tannin compound from Sanguisorba officinalis blocks Wnt/beta-catenin signaling pathway and induces apoptosis of colorectal cancer cells.","Animal-validated isolated monomer evidence","Yes","Yes","No","No","No","No","No","No","No","No","体外模型：
人结直肠癌细胞系：HCT116、SW480、DLD-1、HT29
正常结肠上皮细胞：NCM460
体内模型：
裸鼠皮下异种移植瘤模型（HCT116细胞接种）","not captured in source extraction","Apoptosis/cell cycle; Wnt/beta-catenin/stemness","High-information direct preclinical evidence.","2019","2019/05/31","1,4,6-tri-O-galloyl-β-d-glucopyranose","地榆（Sanguisorba officinalis）干燥根茎","Not established from supplied source field","Generic botanical, dietary, computational, or unspecified association","PMID 31164916; PMID31164916","Purified isolated compound(s): 1,4,6-tri-O-galloyl-β-d-glucopyranose","One unique PMID-linked reference"
"31180555","PMID31180555","Kaempferol","Flavonoids","Synergistic effect of kaempferol and 5fluorouracil on the growth of colorectal cancer cells by regulating the PI3K/Akt signaling pathway.","Cell-only isolated monomer evidence","Yes","No","Yes","Yes","No","No","No","No","No","No","体外细胞模型：
人结直肠癌细胞 HT-29","100 µM kaempferol with 50 µM 5-FU for 48 h","Apoptosis/cell cycle; PI3K/Akt/mTOR/metabolism","Direct mechanistic evidence requiring in vivo validation.","2019","2019/07/01","Kaempferol","天然黄酮类化合物","Not established from this row alone","Dietary, generic botanical, or non-specific natural-product source","PMID 31180555; PMID31180555","Purified isolated compound(s): Kaempferol","One unique PMID-linked reference"
"32532192","PMID32532192","ellagic acid","Polyphenols","Lignans and Polyphenols of Phyllanthus amarus Schumach and Thonn Induce Apoptosis in HCT116 Human Colon Cancer Cells through Caspases-Dependent Pathway.","Extract/formula/decoction contextual evidence","No","No","No","No","No","No","No","Yes","No","No","HCT116 细胞、CCD18Co 正常细胞；体外实验","not captured in source extraction","Apoptosis/cell cycle","Context only; preparation effects are not assigned to an isolated monomer.","2021","2021/01/01","ellagic acid","Phyllanthus amarus 植物提取物","Not established from supplied source field","Generic botanical, dietary, computational, or unspecified association","PMID 32532192; PMID32532192","Extract/formula/decoction contextual evidence","One unique PMID-linked reference"
"32592323","PMID32592323","beta-Lapachone","Quinones","Novel beta-carboline-based indole-4,7-quinone derivatives as NAD(P)H: Quinone-oxidoreductase-1 inhibitor with potent antitumor activities by inducing reactive oxygen species, apoptosis, and DNA damage.","Derivative/metabolite contextual evidence","No","No","No","No","No","Yes","No","No","No","No","体外：三种肿瘤细胞系（其中之一HT29）；体内：HT29异种移植小鼠模型","not captured in source extraction","Apoptosis/cell cycle; ROS/ferroptosis","Context only; The tested antitumour agent was a beta-carboline-based quinone derivative, not isolated beta-lapachone.","2020","2020/12/01","beta-Lapachone","天然获得","No—direct Chinese materia medica association not established in supplied sources","Related natural-product evidence only","PMID 32592323; PMID32592323","Derivative/metabolite contextual evidence","One unique PMID-linked reference"
"32706272","PMID32706272","beta-Lapachone","Quinones","A pH/ROS cascade-responsive and self-accelerating drug release nanosystem for the targeted treatment of multi-drug-resistant colon cancer.","Formulation/nanodelivery contextual evidence","No","No","No","No","No","Yes","Yes","No","No","No","体外和体内实验","not captured in source extraction","ROS/ferroptosis; Wnt/beta-catenin/stemness","Context only; the delivery system cannot be attributed to isolated monomer activity.","2020","2020/12/01","beta-Lapachone","拉帕乔树的树皮","No—direct Chinese materia medica association not established in supplied sources","Related natural-product evidence only","PMID 32706272; PMID32706272","Formulation/nanodelivery contextual evidence","One unique PMID-linked reference"
"32930006","PMID32930006","Luteolin","Flavonoids","Differential Cytotoxicity of Rooibos and Green Tea Extracts against Primary Rat Hepatocytes and Human Liver and Colon Cancer Cells - Causal Role of Major Flavonoids.","Extract/formula/decoction contextual evidence","No","No","No","No","No","No","No","Yes","No","No","原发性大鼠肝细胞 （PH） 和人肝脏 （HepG2） 和结肠 （HT-29） 癌细胞","not captured in source extraction","Apoptosis/cell cycle","Context only; preparation effects are not assigned to an isolated monomer.","2021","2021/01/01","Luteolin","绿色路易波士茶提取物 （GRE）","Not established from this row alone","Dietary, generic botanical, or non-specific natural-product source","PMID 32930006; PMID32930006","Extract/formula/decoction contextual evidence","One unique PMID-linked reference"
"33137468","PMID33137468","macrocarpal I","Meroterpenoids","The inhibition of colorectal cancer growth by the natural product macrocarpal I.","Animal-validated isolated monomer evidence","Yes","Yes","No","No","No","No","No","No","No","No","体外：CRC细胞；体内：裸鼠皮下成瘤模型","not captured in source extraction","Apoptosis/cell cycle","High-information direct preclinical evidence.","2021","2021/01/01","macrocarpal I","植物","No—direct Chinese materia medica association not established in supplied sources","Related natural-product evidence only","PMID 33137468; PMID33137468","Purified isolated compound(s): macrocarpal I","One unique PMID-linked reference"
"33153029","PMID33153029","Pinocembrin","Flavonoids","New Oleoyl Hybrids of Natural Antioxidants: Synthesis and In Vitro Evaluation as Inducers of Apoptosis in Colorectal Cancer Cells.","Derivative/metabolite contextual evidence","No","No","No","No","No","No","No","No","No","No","多种人癌细胞系，重点为结直肠癌细胞","not captured in source extraction","Apoptosis/cell cycle","Context only; The tested agents were oleoyl hybrids rather than isolated pinocembrin.","2020","2020/11/03","Pinocembrin","蜂胶","Not established from supplied source field","Generic botanical, dietary, computational, or unspecified association","PMID 33153029; PMID33153029","Derivative/metabolite contextual evidence","One unique PMID-linked reference"
"33221063","PMID33221063","Neothalfine","Alkaloids","Neothalfine, a potent natural anti-tumor agent against metastatic colorectal cancer and its primary mechanism.","Cell-only isolated monomer evidence","Yes","No","Yes","No","No","No","No","No","No","No","HCT116、SW620、T84 等结直肠癌细胞系","not captured in source extraction","Apoptosis/cell cycle; EMT/ECM/metastasis","Direct mechanistic evidence requiring in vivo validation.","2021","2021/01/01","Neothalfine","药用植物","Not established from supplied source field","Generic botanical, dietary, computational, or unspecified association","PMID 33221063; PMID33221063","Purified isolated compound(s): Neothalfine","One unique PMID-linked reference"
"33395536","PMID33395536","Pinocembrin","Flavonoids","Pinocembrin Inhibits the Proliferation, Migration, Invasiveness, and Epithelial-Mesenchymal Transition of Colorectal Cancer Cells by Regulating LACTB.","Cell-only isolated monomer evidence","Yes","No","Yes","No","No","No","No","No","No","No","人结直肠癌细胞系 HT29 和 HCT116（体外模型）","not captured in source extraction","EMT/ECM/metastasis","Direct mechanistic evidence requiring in vivo validation.","2022","2022/09/01","Pinocembrin","天然黄酮类化合物","Not established from supplied source field","Generic botanical, dietary, computational, or unspecified association","PMID 33395536; PMID33395536","Purified isolated compound(s): Pinocembrin","One unique PMID-linked reference"
"33425893","PMID33425893","caffeic acid","Phenolic acids","A Novel Therapeutic Approach for Colorectal Cancer Stem Cells: Blocking the PI3K/Akt Signaling Axis With Caffeic Acid.","Cell-only isolated monomer evidence","Yes","No","Yes","No","No","No","No","No","No","No","CD44+/CD133+ 结直肠癌干细胞","not captured in source extraction","EMT/ECM/metastasis; PI3K/Akt/mTOR/metabolism; Wnt/beta-catenin/stemness","Direct mechanistic evidence requiring in vivo validation.","2020","2020/12/23","caffeic acid","咖啡","Not established from supplied source field","Generic botanical, dietary, computational, or unspecified association","PMID 33425893; PMID33425893","Purified isolated compound(s): caffeic acid","One unique PMID-linked reference"
"33535870","PMID33535870","Tanshinone IIA","Diterpenoid quinones","Tanshinone IIA attenuates AOM/DSS-induced colorectal tumorigenesis in mice via inhibition of intestinal inflammation.","Animal-validated isolated monomer evidence","Yes","Yes","No","No","No","No","No","No","No","No","1. 体内模型（in vivo）： AOM/DSS诱导的结肠炎相关性结直肠癌小鼠模型），使用雄性C57BL/6小鼠；
2. 体外模型（in vitro）： 脂多糖（LPS）诱导的中性粒细胞活化实验","AOM 10 mg/kg and 2.5% DSS; tanshinone IIA 200 mg/kg intraperitoneally","NF-kB/STAT3/inflammation","High-information direct preclinical evidence.","2021","2021/12/01","Tanshinone IIA","丹参","Yes—directly traceable in supplied records","Constituent of Danshen (Salvia miltiorrhiza)","PMID 33535870; PMID33535870","Purified isolated compound(s): Tanshinone IIA","One unique PMID-linked reference"
"33596716","PMID33596716","silibinin","Flavonoids","Modulation of the Canonical Wnt Signaling Pathway by Dietary Polyphenols, an Opportunity for Colorectal Cancer Chemoprevention and Treatment.","Review/background evidence","No","No","No","No","No","No","No","No","No","Yes","体内：使用 DMH 诱导的雄性 Wistar 大鼠结肠肿瘤模型。","not captured in source extraction","Wnt/beta-catenin/stemness","Background synthesis only; not counted as new efficacy evidence.","2022","2022/01/01","silibinin","水飞蓟","Not established from supplied source field","Generic botanical, dietary, computational, or unspecified association","PMID 33596716; PMID33596716","Review/background evidence","One unique PMID-linked reference"
"33658761","PMID33658761","Formononetin; Hederagenin; Jaranol; Kaempferol; Stigmasterol","Flavonoids; Phytosterols; Triterpenoids","Danggui Buxue Decoction in the Treatment of Metastatic Colon Cancer: Network Pharmacology Analysis and Experimental Validation.","Extract/formula/decoction contextual evidence","No","No","No","No","No","No","No","Yes","Yes","No","计算模型：网络药理学分析；体内动物模型：转移性结肠癌小鼠模型 | 转移性结肠癌小鼠模型 Western blot","not captured in source extraction","Apoptosis/cell cycle; EMT/ECM/metastasis","Context only; preparation effects are not assigned to an isolated monomer.","2021","2021/02/24","Formononetin; Hederagenin; Jaranol; Kaempferol; Stigmasterol","当归; 黄芪","Source-dependent—named Chinese medicinal material or TCM preparation recorded","Constituent association is source-dependent and is not assigned to the isolated compound","PMID 33658761; PMID33658761","Extract/formula/decoction contextual evidence","One unique PMID-linked reference"
"33663206","PMID33663206","Kaempferol","Flavonoids","Kaempferol Reverses Aerobic Glycolysis via miR-339-5p-Mediated PKM Alternative Splicing in Colon Cancer Cells.","Cell-only isolated monomer evidence","Yes","No","Yes","No","No","No","No","No","No","No","人结肠癌细胞系：HCT116 和 DLD1","not captured in source extraction","Apoptosis/cell cycle; PI3K/Akt/mTOR/metabolism","Direct mechanistic evidence requiring in vivo validation.","2021","2021/03/17","Kaempferol","天然黄酮类化合物","Not established from this row alone","Dietary, generic botanical, or non-specific natural-product source","PMID 33663206; PMID33663206","Purified isolated compound(s): Kaempferol","One unique PMID-linked reference"
"33688358","PMID33688358","Kaempferol; Stigmasterol","Flavonoids; Phytosterols","Network Pharmacology Interpretation of Fuzheng-Jiedu Decoction against Colorectal Cancer.","Extract/formula/decoction contextual evidence","No","No","No","No","Yes","No","No","Yes","Yes","No","纯计算性网络药理学分析","not captured in source extraction","Apoptosis/cell cycle; EMT/ECM/metastasis; Immune microenvironment; MAPK/JNK/ERK; NF-kB/STAT3/inflammation; PI3K/Akt/mTOR/metabolism","Context only; preparation effects are not assigned to an isolated monomer.","2021","2021/02/20","Kaempferol; Stigmasterol","扶正解毒方; 扶正解毒汤","Source-dependent—named Chinese medicinal material or TCM preparation recorded","Constituent association is source-dependent and is not assigned to the isolated compound","PMID 33688358; PMID33688358","Extract/formula/decoction contextual evidence","One unique PMID-linked reference"
"33757400","PMID33757400","Luteolin","Flavonoids","Luteolin Induces Apoptosis and Autophagy in HCT116 Colon Cancer Cells via p53-Dependent Pathway.","Cell-only isolated monomer evidence","Yes","No","Yes","No","No","No","No","No","No","No","HCT116 结肠癌细胞","10-20 µM luteolin (HCT116; PDF abstract)","Apoptosis/cell cycle","Direct mechanistic evidence requiring in vivo validation.","2022","2022/01/01","Luteolin","芹菜、欧芹、紫苏叶、辣椒和橙子","Not established from this row alone","Dietary, generic botanical, or non-specific natural-product source","PMID 33757400; PMID33757400","Purified isolated compound(s): Luteolin","One unique PMID-linked reference"
"33946531","PMID33946531","rhein","Anthraquinones","Rhein Suppresses Colorectal Cancer Cell Growth by Inhibiting the mTOR Pathway In Vitro and In Vivo.","Animal-validated isolated monomer evidence","Yes","Yes","No","No","No","No","No","No","No","No","细胞模型人结直肠癌细胞系
体内实验模型： HCT116 细胞系来源的裸鼠异种移植瘤模型","not captured in source extraction","Apoptosis/cell cycle; EMT/ECM/metastasis; PI3K/Akt/mTOR/metabolism","High-information direct preclinical evidence.","2021","2021/04/30","rhein","药用植物中，特别是大黄","Not established from supplied source field","Generic botanical, dietary, computational, or unspecified association","PMID 33946531; PMID33946531","Purified isolated compound(s): rhein","One unique PMID-linked reference"
"34059044","PMID34059044","silibinin","Flavonoids","Targeting the hallmarks of cancer: the effects of silibinin on proliferation, cell death, angiogenesis, and migration in colorectal cancer.","Cell-only isolated monomer evidence","Yes","No","Yes","No","No","No","No","No","No","No","CT26 小鼠结肠癌细胞系（体外）","not captured in source extraction","Apoptosis/cell cycle; EMT/ECM/metastasis","Direct mechanistic evidence requiring in vivo validation.","2021","2021/05/31","silibinin","奶蓟草","Not established from supplied source field","Generic botanical, dietary, computational, or unspecified association","PMID 34059044; PMID34059044","Purified isolated compound(s): silibinin","One unique PMID-linked reference"
"34125845","PMID34125845","Kaempferol; Stigmasterol","Flavonoids; Phytosterols","Network pharmacology and molecular docking study on the mechanism of colorectal cancer treatment using Xiao-Chai-Hu-Tang.","Network pharmacology/in silico evidence","No","No","No","No","No","No","No","No","Yes","No","网络药理学 + 分子对接 | 纯计算性研究 | 分子对接","not captured in source extraction","Apoptosis/cell cycle; EMT/ECM/metastasis; MAPK/JNK/ERK; NF-kB/STAT3/inflammation; PI3K/Akt/mTOR/metabolism","Hypothesis generation only unless supported by a separate direct record.","2021","2021/06/14","Kaempferol; Stigmasterol","小柴胡汤","Source-dependent—named Chinese medicinal material or TCM preparation recorded","Constituent association is source-dependent and is not assigned to the isolated compound","PMID 34125845; PMID34125845","Network pharmacology/in silico evidence","One unique PMID-linked reference"
"34146630","PMID34146630","amygdalin","Cyanogenic glycosides","Phytochemical characterization and biological activity of apricot kernels' extract in yeast-cell based tests and hepatocellular and colorectal carcinoma cell lines.","Extract/formula/decoction contextual evidence","No","No","No","No","No","No","No","Yes","No","No","酵母（S. cerevisiae）+ 哺乳动物细胞（HepG2, HT-29, BJ 等）","not captured in source extraction","","Context only; preparation effects are not assigned to an isolated monomer.","2021","2021/10/28","amygdalin","保加利亚苦杏仁提取物","Not established from supplied source field","Generic botanical, dietary, computational, or unspecified association","PMID 34146630; PMID34146630","Extract/formula/decoction contextual evidence","One unique PMID-linked reference"
"34192810","PMID34192810","Honokiol","Neolignans","Honokiol inhibits proliferation of colorectal cancer cells by targeting Anoctamin 1/TMEM16A Ca2+-activated Cl- channels.","Cell-only isolated monomer evidence","Yes","No","Yes","No","Yes","No","No","No","No","No","HEK293(Ano1/Ano2过表达)， SW620 细胞或人肠上皮 NCM460 细胞，","not captured in source extraction","Immune microenvironment","Direct mechanistic evidence requiring in vivo validation.","2021","2021/10/01","Honokiol","木兰树","Yes—directly traceable in supplied records","Constituent of Houpo (Magnolia officinalis)","PMID 34192810; PMID34192810","Purified isolated compound(s): Honokiol","One unique PMID-linked reference"
"34206989","PMID34206989","Honokiol","Neolignans","Honokiol Affects Stem Cell Viability by Suppressing Oncogenic YAP1 Function to Inhibit Colon Tumorigenesis.","Animal-validated isolated monomer evidence","Yes","Yes","No","No","No","No","No","No","No","No","体外：结肠癌细胞、结肠球形成；体内：AOM/DSS 小鼠结肠炎相关癌模型","not captured in source extraction","Apoptosis/cell cycle; Wnt/beta-catenin/stemness","High-information direct preclinical evidence.","2021","2021/06/26","Honokiol","厚朴植物的叶子、树皮和根。","Yes—directly traceable in supplied records","Constituent of Houpo (Magnolia officinalis)","PMID 34206989; PMID34206989","Purified isolated compound(s): Honokiol","One unique PMID-linked reference"
"34219464","PMID34219464","Isovitexin","Flavonoids","Isovitexin attenuates tumor growth in human colon cancer cells through the modulation of apoptosis and epithelial-mesenchymal transition via PI3K/Akt/mTOR signaling pathway.","Cell-only isolated monomer evidence","Yes","No","Yes","No","No","No","No","No","No","No","人结肠上皮细胞 （HCEC） 和癌细胞","not captured in source extraction","Apoptosis/cell cycle; EMT/ECM/metastasis; PI3K/Akt/mTOR/metabolism","Direct mechanistic evidence requiring in vivo validation.","2021","2021/12/01","Isovitexin","葫芦科果实或木豆、小麦、三角果和竹叶的果实","Not established from supplied source field","Generic botanical, dietary, computational, or unspecified association","PMID 34219464; PMID34219464","Purified isolated compound(s): Isovitexin","One unique PMID-linked reference"
"34308509","PMID34308509","catechin","Flavonoids","Green tea catechins in combination with irinotecan attenuates tumorigenesis and treatment-associated toxicity in an inflammation-associated colon cancer mice model.","Extract/formula/decoction contextual evidence","No","No","No","Yes","No","No","No","Yes","No","No","AOM/DSS 诱导的炎症相关结肠癌小鼠模型","not captured in source extraction","NF-kB/STAT3/inflammation","Context only; preparation effects are not assigned to an isolated monomer.","2021","2021/07/26","catechin","绿茶","Not established from supplied source field","Generic botanical, dietary, computational, or unspecified association","PMID 34308509; PMID34308509","Extract/formula/decoction contextual evidence","One unique PMID-linked reference"
"34309458","PMID34309458","Luteolin","Flavonoids","Quercetin and Luteolin Improve the Anticancer Effects of 5-Fluorouracil in Human Colorectal Adenocarcinoma In Vitro Model: A Mechanistic Insight.","Cell-only isolated monomer evidence","Yes","No","Yes","Yes","No","No","No","No","No","No","HT-29 人结肠癌细胞系（体外模型）","not captured in source extraction","Apoptosis/cell cycle; MAPK/JNK/ERK; PI3K/Akt/mTOR/metabolism","Direct mechanistic evidence requiring in vivo validation.","2022","2022/01/01","Luteolin","药材、日常饮食中食用的水果和蔬菜","Source-dependent—named Chinese medicinal material or TCM preparation recorded","Constituent association is source-dependent and is not assigned to the isolated compound","PMID 34309458; PMID34309458","Purified isolated compound(s): Luteolin","One unique PMID-linked reference"
"34345202","PMID34345202","Tagitinin C","Sesquiterpene lactones","Tagitinin C induces ferroptosis through PERK-Nrf2-HO-1 signaling pathway in colorectal cancer cells.","Cell-only isolated monomer evidence","Yes","No","Yes","Yes","No","Yes","No","No","No","No","结直肠癌细胞系 HCT116","not captured in source extraction","EMT/ECM/metastasis; MAPK/JNK/ERK; ROS/ferroptosis","Direct mechanistic evidence requiring in vivo validation.","2021","2021/06/26","Tagitinin C","Tithonia diversifolia肿柄菊","Not established from supplied source field","Generic botanical, dietary, computational, or unspecified association","PMID 34345202; PMID34345202","Purified isolated compound(s): Tagitinin C","One unique PMID-linked reference"
"34503424","PMID34503424","Luteolin","Flavonoids","Anticancer Effect and Phytochemical Profile of the Extract from Achillea ketenoglui against Human Colorectal Cancer Cell Lines.","Extract/formula/decoction contextual evidence","No","No","No","No","No","No","No","Yes","No","No","HCT116 和 HT-29 人结直肠癌细胞系","not captured in source extraction","Apoptosis/cell cycle","Context only; preparation effects are not assigned to an isolated monomer.","2022","2022/01/01","Luteolin","Achillea ketenoglui 提取物","Not established from this row alone","Dietary, generic botanical, or non-specific natural-product source","PMID 34503424; PMID34503424","Extract/formula/decoction contextual evidence","One unique PMID-linked reference"
"34649363","PMID34649363","Luteolin","Flavonoids","Antiproliferative and palliative activity of flavonoids in colorectal cancer.","Cell-only isolated monomer evidence","Yes","No","Yes","No","No","No","No","No","No","No","HCT116、HT-29、T84 三种人结直肠癌细胞系","not captured in source extraction","","Direct mechanistic evidence requiring in vivo validation.","2021","2021/11/01","Luteolin","橄榄油、草药（鼠尾草、百里香、迷迭香）和其他食物（扁豆、开心果、橄榄、朝鲜蓟）","Not established from this row alone","Dietary, generic botanical, or non-specific natural-product source","PMID 34649363; PMID34649363","Purified isolated compound(s): Luteolin","One unique PMID-linked reference"
"34750753","PMID34750753","Kaempferol","Flavonoids","Kaempferol sensitizes cell proliferation inhibition in oxaliplatin-resistant colon cancer cells.","Cell-only isolated monomer evidence","Yes","No","Yes","Yes","No","No","No","No","No","No","体外细胞模型：
奥沙利铂敏感型 HCT116 细胞（HCT116-OxS）
奥沙利铂耐药型 HCT116 细胞（HCT116-OxR）
HT29 结肠癌细胞","not captured in source extraction","MAPK/JNK/ERK; PI3K/Akt/mTOR/metabolism","Direct mechanistic evidence requiring in vivo validation.","2021","2021/12/01","Kaempferol","大葱和菊苣的叶子中","Not established from this row alone","Dietary, generic botanical, or non-specific natural-product source","PMID 34750753; PMID34750753","Purified isolated compound(s): Kaempferol","One unique PMID-linked reference"
"34781857","PMID34781857","Kaempferol; isorhamnetin","Flavonoids","Network Pharmacology Analysis to Explore the Pharmacological Mechanism of Effective Chinese Medicines in Treating Metastatic Colorectal Cancer using Meta-Analysis Approach.","Network pharmacology/in silico evidence","No","No","No","No","No","No","No","No","Yes","No","基于临床 RCT 荟萃分析 + 网络药理学预测","not captured in source extraction","EMT/ECM/metastasis; MAPK/JNK/ERK; NF-kB/STAT3/inflammation","Hypothesis generation only unless supported by a separate direct record.","2021","2021/01/01","Kaempferol; isorhamnetin","治疗 mCRC 的高频中药复方","Source-dependent—named Chinese medicinal material or TCM preparation recorded","Constituent association is source-dependent and is not assigned to the isolated compound","PMID 34781857; PMID34781857","Network pharmacology/in silico evidence","One unique PMID-linked reference"
"34786663","PMID34786663","isorhamnetin","Flavonoids","Opuntia ficus-indica Extract and Isorhamnetin-3-O-Glucosyl-Rhamnoside Diminish Tumor Growth of Colon Cancer Cells Xenografted in Immune-Suppressed Mice through the Activation of Apoptosis Intrinsic Pathway.","Extract/formula/decoction contextual evidence","No","No","No","No","Yes","Yes","No","Yes","No","No","体外：HT-29 RFP 细胞；体内：免疫抑制小鼠异种移植模型","not captured in source extraction","Apoptosis/cell cycle; Immune microenvironment; ROS/ferroptosis","Context only; preparation effects are not assigned to an isolated monomer.","2021","2021/12/01","isorhamnetin","Opuntia ficus-indica 提取物","Not established from supplied source field","Generic botanical, dietary, computational, or unspecified association","PMID 34786663; PMID34786663","Extract/formula/decoction contextual evidence","One unique PMID-linked reference"
"34804370","PMID34804370","Tanshinone IIA","Diterpenoid quinones","Targeting the Ang2/Tie2 Axis with Tanshinone IIA Elicits Vascular Normalization in Ischemic Injury and Colon Cancer.","Animal-validated isolated monomer evidence","Yes","Yes","No","No","No","No","No","No","No","No","动物模型：HT-29 结肠癌异种移植 + 后肢缺血模型","not captured in source extraction","PI3K/Akt/mTOR/metabolism","High-information direct preclinical evidence.","2021","2021/11/10","Tanshinone IIA","丹参","Yes—directly traceable in supplied records","Constituent of Danshen (Salvia miltiorrhiza)","PMID 34804370; PMID34804370","Purified isolated compound(s): Tanshinone IIA","One unique PMID-linked reference"
"34942456","PMID34942456","beta-sitosterol","Phytosterols","Integrating network pharmacology deciphers the action mechanism of Zuojin capsule in suppressing colorectal cancer.","Extract/formula/decoction contextual evidence","No","No","No","No","No","No","No","Yes","Yes","No","1. 体外模型：结直肠癌细胞（CRC cells）
2. 体内模型：HCT-116 细胞系移植瘤小鼠模型（HCT-116 xenografted mice）","not captured in source extraction","Apoptosis/cell cycle; EMT/ECM/metastasis","Context only; preparation effects are not assigned to an isolated monomer.","2022","2022/02/01","beta-sitosterol","左金胶囊（Zuojin Capsule, ZJC）","Contextual association only","Compound annotated within a TCM formula or preparation","PMID 34942456; PMID34942456","Extract/formula/decoction contextual evidence","One unique PMID-linked reference"
"35065044","PMID35065044","Kaempferol","Flavonoids","Kaempferol acts on bile acid signaling and gut microbiota to attenuate the tumor burden in ApcMin/+ mice.","Animal-validated isolated monomer evidence","Yes","Yes","No","No","No","No","No","No","No","No","ApcMin/+ 小鼠（结肠癌易感转基因小鼠模型）","not captured in source extraction","Apoptosis/cell cycle","High-information direct preclinical evidence.","2022","2022/03/05","Kaempferol","日常饮食中的常见多酚","Not established from this row alone","Dietary, generic botanical, or non-specific natural-product source","PMID 35065044; PMID35065044","Purified isolated compound(s): Kaempferol","One unique PMID-linked reference"
"35119127","PMID35119127","Luteolin","Flavonoids","Targeting protein tyrosine phosphatase 1B in obesity-associated colon cancer: Possible role of sweet potato (Ipomoea batatas).","Network pharmacology/in silico evidence","No","No","No","No","No","Yes","No","No","Yes","No","计算机模拟 + 分子动力学（MD）模型","not captured in source extraction","ROS/ferroptosis","Hypothesis generation only unless supported by a separate direct record.","2022","2022/06/01","Luteolin","甘薯","Not established from this row alone","Dietary, generic botanical, or non-specific natural-product source","PMID 35119127; PMID35119127","Network pharmacology/in silico evidence","One unique PMID-linked reference"
"35167185","PMID35167185","Eucalyptol","Terpenoids","Constituents, Antibacterial Adhesion, Cytotoxic and in Vitro Metastasis Blocking Properties of Salvia fruticosa Essential Oils from Three Palestinian Localities.","Extract/formula/decoction contextual evidence","No","No","No","No","No","No","No","Yes","No","No","Caco-2（结直肠癌）、HeLa（宫颈癌）细胞系；Klebsiella pneumoniae 细菌；体外模型（MTT、粘附、迁移实验）","not captured in source extraction","EMT/ECM/metastasis","Context only; preparation effects are not assigned to an isolated monomer.","2022","2022/04/01","Eucalyptol","S. fruticosa essential oil (EO)/Essential oils (EOs) of Salvia fruticosa Mill. 迷迭香状鼠尾草精油","Not established from supplied source field","Generic botanical, dietary, computational, or unspecified association","PMID 35167185; PMID35167185","Extract/formula/decoction contextual evidence","One unique PMID-linked reference"
"35256690","PMID35256690","caffeic acid","Phenolic acids","The influence of the pH on the incorporation of caffeic acid into biomimetic membranes and cancer cells.","Cell-only isolated monomer evidence","Yes","No","Yes","No","No","No","No","No","No","No","细胞模型：
U118MG：人胶质母细胞瘤细胞系
DLD-1：人结直肠腺癌细胞系","not captured in source extraction","","Direct mechanistic evidence requiring in vivo validation.","2022","2022/03/07","caffeic acid","羟基肉桂酸","Not established from supplied source field","Generic botanical, dietary, computational, or unspecified association","PMID 35256690; PMID35256690","Purified isolated compound(s): caffeic acid","One unique PMID-linked reference"
"35408903","PMID35408903","Kaempferol","Flavonoids","Kaempferol Can Reverse the 5-Fu Resistance of Colorectal Cancer Cells by Inhibiting PKM2-Mediated Glycolysis.","Cell-only isolated monomer evidence","Yes","No","Yes","Yes","No","No","No","No","No","No","HCT8 and 5-FU-resistant HCT8-R colorectal cancer cells (verified in local PDF)","not captured in source extraction","PI3K/Akt/mTOR/metabolism","Direct mechanistic evidence requiring in vivo validation.","2022","2022/03/24","Kaempferol","姜科植物山奈的根茎、茶叶、花椰菜、山楂、蜂花粉、柚子等绿色植物中提取","Source-dependent—named Chinese medicinal material or TCM preparation recorded","Constituent association is source-dependent and is not assigned to the isolated compound","PMID 35408903; PMID35408903","Purified isolated compound(s): Kaempferol","One unique PMID-linked reference"
"35453311","PMID35453311","Luteolin","Flavonoids","Luteolin Synergistically Enhances Antitumor Activity of Oxaliplatin in Colorectal Carcinoma via AMPK Inhibition.","Animal-validated isolated monomer evidence","Yes","Yes","No","Yes","No","No","No","No","No","No","体外：人结肠癌细胞系 HCT116
体内：BALB/c nude mice（裸鼠）荷 HCT116 异种移植瘤","12.5 or 25 µM luteolin with 1 µM oxaliplatin in vitro; luteolin 50 mg/kg/day with oxaliplatin 10 mg/kg three times/week in xenograft mice","MAPK/JNK/ERK; PI3K/Akt/mTOR/metabolism","High-information direct preclinical evidence.","2022","2022/03/24","Luteolin","天然黄酮类化合物","Not established from this row alone","Dietary, generic botanical, or non-specific natural-product source","PMID 35453311; PMID35453311","Purified isolated compound(s): Luteolin","One unique PMID-linked reference"
"35473479","PMID35473479","Luteolin","Flavonoids","Luteolin impacts deoxyribonucleic acid repair by modulating the mitogen-activated protein kinase pathway in colorectal cancer.","Cell-only isolated monomer evidence","Yes","No","Yes","No","No","No","No","No","No","No","细胞系：人结直肠癌细胞 HCT-116 和 HT-29","not captured in source extraction","MAPK/JNK/ERK","Direct mechanistic evidence requiring in vivo validation.","2022","2022/04/01","Luteolin","蔬菜（如西兰花、胡萝卜、芹菜和胡椒）、水果（如蓝莓、蓝莓和黑莓）和草药（如金银花、细叶五味子和日梅）","Source-dependent—named Chinese medicinal material or TCM preparation recorded","Constituent association is source-dependent and is not assigned to the isolated compound","PMID 35473479; PMID35473479","Purified isolated compound(s): Luteolin","One unique PMID-linked reference"
"35489282","PMID35489282","catechin; emodin/aloe-emodin","Anthraquinones; Flavonoids","In-silico predicting as a tool to develop plant-based biomedicines and nanoparticles: Lycium shawii metabolites.","Formulation/nanodelivery contextual evidence","No","No","No","No","No","No","Yes","No","Yes","No","体外抗菌实验：测试了 L. shawii 提取物、AgNPs（银纳米粒子）和青霉素偶联 AgNPs（pen-AgNPs） 对细菌的抑制作用。
细胞毒性实验：使用以下三种细胞系：结直肠癌细胞 HCT116、正常乳腺上皮细胞 MCF 10 A、乳腺癌细胞 MDA-MB-231
计算机模拟（in silico）模型：用于预测代谢物的药理性质及分子靶点如分子对接。 | 体外实验模型（结直肠癌细胞系：HCT116、正常乳腺上皮细胞：MCF 10A、乳腺癌细胞系：MDA-MB-231）、计算机模拟模型","not captured in source extraction","","Context only; the delivery system cannot be attributed to isolated monomer activity.","2022","2022/06/01","catechin; emodin/aloe-emodin","Lycium shawii（枸杞属植物，一种灌木）; Lycium shawii（沙氏枸杞）提取物","Not established from supplied source field","Generic botanical, dietary, computational, or unspecified association","PMID 35489282; PMID35489282","Formulation/nanodelivery contextual evidence","One unique PMID-linked reference"
"35593352","PMID35593352","Tanshinone IIA","Diterpenoid quinones","Tanshinone IIA Alleviates the Biological Characteristics of Colorectal Cancer via Activating the ROS/JNK Signaling Pathway.","Animal-validated isolated monomer evidence","Yes","Yes","No","No","No","Yes","No","No","No","No","体外人结直肠癌（CRC）细胞系细胞实验 + 小鼠体内异种移植模型","not captured in source extraction","Apoptosis/cell cycle; MAPK/JNK/ERK; ROS/ferroptosis","Direct isolated-monomer experiment with animal evidence verified from the local article record.","2023","2023/01/01","Tanshinone IIA","丹参","Yes—directly traceable in supplied records","Constituent of Danshen (Salvia miltiorrhiza)","PMID 35593352; PMID35593352","Purified isolated compound(s): Tanshinone IIA","One unique PMID-linked reference"
"35767106","PMID35767106","myricetin","Flavonoids","Myricetin loaded in solid lipid nanoparticles induces apoptosis in the HT-29 colorectal cancer cells via mitochondrial dysfunction.","Formulation/nanodelivery contextual evidence","No","No","No","No","No","Yes","Yes","No","No","No","HT-29 人结直肠癌细胞（体外模型）","not captured in source extraction","Apoptosis/cell cycle; EMT/ECM/metastasis; ROS/ferroptosis","Context only; the delivery system cannot be attributed to isolated monomer activity.","2022","2022/09/01","myricetin","蔬菜、水果、浆果、茶、葡萄酒和核桃","Not established from supplied source field","Generic botanical, dietary, computational, or unspecified association","PMID 35767106; PMID35767106","Formulation/nanodelivery contextual evidence","One unique PMID-linked reference"
"35795631","PMID35795631","catechin","Flavonoids","Role of Ginseng, Quercetin, and Tea in Enhancing Chemotherapeutic Efficacy of Colorectal Cancer.","Other CRC-relevant contextual evidence","No","No","No","Yes","No","No","No","No","No","No","体外模型：HCT-116、SW480、DLD-1、HT-29 等人结直肠癌细胞系
体内模型：人源性 HCT-116 腺癌荷瘤裸鼠模型","not captured in source extraction","Apoptosis/cell cycle; NF-kB/STAT3/inflammation","Retained for mapping; not used for an isolated-monomer conclusion.","2022","2022/06/20","catechin","茶（Camellia sinensis 的叶和芽），是绿茶等茶类中的主要多酚类成分。","Not established from supplied source field","Generic botanical, dietary, computational, or unspecified association","PMID 35795631; PMID35795631","Other CRC-relevant contextual evidence","One unique PMID-linked reference"
"35820317","PMID35820317","Kaempferol; Luteolin","Flavonoids","Plant-derived bioactive compounds in colon cancer treatment: An updated review.","Review/background evidence","No","No","No","No","No","No","No","No","No","Yes","not reported","not captured in source extraction","Apoptosis/cell cycle","Background synthesis only; not counted as new efficacy evidence.","2022","2022/09/01","Kaempferol; Luteolin","药用植物","Not established from this row alone","Dietary, generic botanical, or non-specific natural-product source","PMID 35820317; PMID35820317","Review/background evidence","One unique PMID-linked reference"
"35831026","PMID35831026","Kaempferol; astragalin","Flavonoids","Total flavonoids from the dried root of Tetrastigma hemsleyanum Diels et Gilg inhibit colorectal cancer growth through PI3K/AKT/mTOR signaling pathway.","Extract/formula/decoction contextual evidence","No","No","No","No","No","No","No","Yes","No","No","体外：HCT-116 和 HT-29 人结直肠癌细胞系
体内：HCT-116 细胞裸鼠移植瘤模型 | HCT-116 和 HT-29 细胞","not captured in source extraction","Apoptosis/cell cycle; PI3K/Akt/mTOR/metabolism","Context only; preparation effects are not assigned to an isolated monomer.","2022","2022/11/01","Kaempferol; astragalin","Tetrastigma hemsleyanum Diels et Gilg 的干根; 三叶崖爬藤（Tetrastigma hemsleyanum）干燥根部的总黄酮提取物","Not established from this row alone","Dietary, generic botanical, or non-specific natural-product source","PMID 35831026; PMID35831026","Extract/formula/decoction contextual evidence","One unique PMID-linked reference"
"35899228","PMID35899228","Stigmasterol","Phytosterols","Network Pharmacology and Molecular Docking on the Molecular Mechanism of Jiawei-Huang Lian-Gan Jiang Decoction in the Treatment of Colorectal Adenomas.","Extract/formula/decoction contextual evidence","No","No","No","No","No","No","No","Yes","Yes","No","纯计算研究","not captured in source extraction","MAPK/JNK/ERK; PI3K/Akt/mTOR/metabolism","Context only; preparation effects are not assigned to an isolated monomer.","2022","2022/07/18","Stigmasterol","加味黄连干姜汤","Formula-level association only; not established for isolated stigmasterol","Stigmasterol was identified computationally within Jiawei-Huang Lian-Gan Jiang decoction; no isolated-compound experiment was reported.","PMID 35899228; PMID35899228","Extract/formula/decoction contextual evidence","One unique PMID-linked reference"
"35942366","PMID35942366","Kaempferol; Luteolin; isorhamnetin","Flavonoids","Study on the Action Mechanism of the Yifei Jianpi Tongfu Formula in Treatment of Colorectal Cancer Lung Metastasis Based on Network Analysis, Molecular Docking, and Experimental Validation.","Extract/formula/decoction contextual evidence","No","No","No","No","No","No","No","Yes","Yes","No","计算机模拟方法：
网络药理学预测靶点
分子对接 | 体内模型：结直肠癌肺转移小鼠模型 | 计算模型（网络药理学、分子对接）+ 小鼠肺转移模型","not captured in source extraction","EMT/ECM/metastasis; PI3K/Akt/mTOR/metabolism","Context only; preparation effects are not assigned to an isolated monomer.","2022","2022/07/30","Kaempferol; Luteolin; isorhamnetin","益肺健脾通腑方（YJTF）; 益肺健脾通腑方Yifei Jianpi Tongfu Formula (YJTF); 益津通腑YJTF","Source-dependent—named Chinese medicinal material or TCM preparation recorded","Constituent association is source-dependent and is not assigned to the isolated compound","PMID 35942366; PMID35942366","Extract/formula/decoction contextual evidence","One unique PMID-linked reference"
"35966396","PMID35966396","silibinin","Flavonoids","Curcumin, but not its degradation products, in combination with silibinin is primarily responsible for the inhibition of colon cancer cell proliferation.","Multi-compound combination contextual evidence","No","No","No","No","No","No","No","No","No","No","DLD-1 结肠癌细胞系。","not captured in source extraction","","Context only; The intervention was curcumin in combination with silibinin; it supports combination context only.","2022","2022/07/28","silibinin","奶蓟","Not established from supplied source field","Generic botanical, dietary, computational, or unspecified association","PMID 35966396; PMID35966396","Multi-compound combination contextual evidence","One unique PMID-linked reference"
"35968644","PMID35968644","ellagic acid","Polyphenols","Antibacterial potential of ellagic acid and gallic acid against IBD bacterial isolates and cytotoxicity against colorectal cancer.","Cell-only isolated monomer evidence","Yes","No","Yes","No","No","No","No","No","No","No","IBD细菌分离株、Caco-2/COLO.205/HT-29细胞、IEC-6细胞","not captured in source extraction","","Direct mechanistic evidence requiring in vivo validation.","2023","2023/06/01","ellagic acid","植物","Not established from supplied source field","Generic botanical, dietary, computational, or unspecified association","PMID 35968644; PMID35968644","Purified isolated compound(s): ellagic acid","One unique PMID-linked reference"
"35990576","PMID35990576","ellagic acid","Polyphenols","Ellagic acid modulates cisplatin toxicity in DMH induced colorectal cancer: Studies on membrane alterations.","Animal-validated isolated monomer evidence","Yes","Yes","No","Yes","No","No","No","No","No","No","DMH诱导的小鼠结直肠癌模型","not captured in source extraction","","Direct isolated-monomer experiment with animal evidence verified from the local article record.","2022","2022/08/05","ellagic acid","植物化学物","Not established from supplied source field","Generic botanical, dietary, computational, or unspecified association","PMID 35990576; PMID35990576","Purified isolated compound(s): ellagic acid","One unique PMID-linked reference"
"36102033","PMID36102033","catechin","Flavonoids","Effect of drying method on the production of in vitro short-chain fatty acids and histone deacetylase mediation of cocoa pod husk.","Extract/formula/decoction contextual evidence","No","No","No","No","No","No","No","Yes","No","No","体外结肠发酵模型：用于模拟人类结肠微生物代谢CPH；
细胞模型：人结肠癌细胞系 HT-29；
计算模型：用于预测化合物与HDAC6的相互作用","not captured in source extraction","","Context only; The tested CRC-relevant material was cocoa pod husk-derived material rather than isolated catechin.","2022","2022/10/01","catechin","可可果壳","Not established from supplied source field","Generic botanical, dietary, computational, or unspecified association","PMID 36102033; PMID36102033","Extract/formula/decoction contextual evidence","One unique PMID-linked reference"
"36204303","PMID36204303","Tanshinone IIA","Diterpenoid quinones","Transgelin-2 Involves in the Apoptosis of Colorectal Cancer Cells Induced by Tanshinone-IIA.","Animal-validated isolated monomer evidence","Yes","Yes","No","No","No","No","No","No","No","No","体外：结直肠癌细胞；体内：动物模型","not captured in source extraction","Apoptosis/cell cycle; MAPK/JNK/ERK","High-information direct preclinical evidence.","2022","2022/09/27","Tanshinone IIA","丹参","Yes—directly traceable in supplied records","Constituent of Danshen (Salvia miltiorrhiza)","PMID 36204303; PMID36204303","Purified isolated compound(s): Tanshinone IIA","One unique PMID-linked reference"
"36232319","PMID36232319","myricetin","Flavonoids","Synthesis of Silver Nano Particles Using Myricetin and the In-Vitro Assessment of Anti-Colorectal Cancer Activity: In-Silico Integration.","Formulation/nanodelivery contextual evidence","No","No","No","No","No","No","Yes","No","Yes","No","人结直肠癌细胞系","not captured in source extraction","Apoptosis/cell cycle","Context only; the delivery system cannot be attributed to isolated monomer activity.","2022","2022/09/20","myricetin","植物提取物","Not established from supplied source field","Generic botanical, dietary, computational, or unspecified association","PMID 36232319; PMID36232319","Formulation/nanodelivery contextual evidence","One unique PMID-linked reference"
"36353478","PMID36353478","Luteolin; beta-sitosterol","Flavonoids; Phytosterols","Identification of the effect and mechanism of Yiyi Fuzi Baijiang powder against colorectal cancer using network pharmacology and experimental validation.","Extract/formula/decoction contextual evidence","No","No","No","No","No","No","No","Yes","Yes","No","1. 体外模型：人结肠癌HT-29细胞系（用于CCK-8、划痕、侵袭、凋亡、ChIP等实验）；
2. 体内模型：BALB/c裸鼠皮下移植HT-29细胞构建的结肠癌异种移植瘤模型","not captured in source extraction","Apoptosis/cell cycle; EMT/ECM/metastasis; NF-kB/STAT3/inflammation","Context only; preparation effects are not assigned to an isolated monomer.","2022","2022/10/24","Luteolin; beta-sitosterol","薏苡附子败酱散","Source-dependent—named Chinese medicinal material or TCM preparation recorded","Constituent association is source-dependent and is not assigned to the isolated compound","PMID 36353478; PMID36353478","Extract/formula/decoction contextual evidence","One unique PMID-linked reference"
"36355520","PMID36355520","Chrysophanol; Emodin","Anthraquinones","In Vitro, Molecular Docking and In Silico ADME/Tox Studies of Emodin and Chrysophanol against Human Colorectal and Cervical Carcinoma.","Cell-only isolated monomer evidence","Yes","No","Yes","No","No","No","No","No","Yes","No","In silico（分子对接 + ADME/Tox）、In vitro（HCT-116, HeLa 细胞）","not captured in source extraction","Apoptosis/cell cycle","Direct experimental component only; The isolated emodin and chrysophanol cell-treatment results are direct; docking and ADME/Tox components remain hypothesis-generating.","2022","2022/10/31","Chrysophanol; Emodin","食品、保健品、传统药物","Not established from supplied source field","Generic botanical, dietary, computational, or unspecified association","PMID 36355520; PMID36355520","Purified isolated compound(s): Chrysophanol; Emodin","One unique PMID-linked reference"
"36375238","PMID36375238","Honokiol; caffeic acid; silibinin","Flavonoids; Neolignans; Phenolic acids","Targeting cancer stem cells and signalling pathways through phytochemicals: A promising approach against colorectal cancer.","Review/background evidence","No","No","No","No","No","No","No","No","No","Yes","男性无胸腺裸体小鼠 | 来自 HCT-116 细胞系的 CSC | SW480、HT29 和 LoVo 细胞系的 CSC；
NOD/SCID 小鼠","not captured in source extraction","Apoptosis/cell cycle; EMT/ECM/metastasis; PI3K/Akt/mTOR/metabolism; Wnt/beta-catenin/stemness","Background synthesis only; not counted as new efficacy evidence.","2023","2023/01/01","Honokiol; caffeic acid; silibinin","厚朴; 咖啡; 水飞蓟","Yes—directly traceable in supplied records","Constituent of Houpo (Magnolia officinalis)","PMID 36375238; PMID36375238","Review/background evidence","One unique PMID-linked reference"
"36500365","PMID36500365","catechin","Flavonoids","Induction of Apoptosis via Inactivating PI3K/AKT Pathway in Colorectal Cancer Cells Using Aged Chinese Hakka Stir-Fried Green Tea Extract.","Extract/formula/decoction contextual evidence","No","No","No","No","No","No","No","Yes","No","No","人结直肠癌细胞 HT-29","not captured in source extraction","Apoptosis/cell cycle; PI3K/Akt/mTOR/metabolism","Context only; preparation effects are not assigned to an isolated monomer.","2022","2022/11/27","catechin","中国客家炒青绿茶","Not established from supplied source field","Generic botanical, dietary, computational, or unspecified association","PMID 36500365; PMID36500365","Extract/formula/decoction contextual evidence","One unique PMID-linked reference"
"36603684","PMID36603684","beta-sitosterol","Phytosterols","beta-Sitosterol blocks the LEF-1-mediated Wnt/beta-catenin pathway to inhibit proliferation of human colon cancer cells.","Cell-only isolated monomer evidence","Yes","No","Yes","No","No","No","No","No","No","No","人结肠癌HCT116细胞","not captured in source extraction","EMT/ECM/metastasis; Wnt/beta-catenin/stemness","Direct mechanistic evidence requiring in vivo validation.","2023","2023/04/01","beta-sitosterol","坚果、植物油、谷物和人参等多种中药","Not established from supplied source field","Generic botanical, dietary, computational, or unspecified association","PMID 36603684; PMID36603684","Purified isolated compound(s): beta-sitosterol","One unique PMID-linked reference"
"36607523","PMID36607523","ellagic acid","Polyphenols","Ellagic acid inhibits mitochondrial fission protein Drp-1 and cell proliferation in cancer.","Cell-only isolated monomer evidence","Yes","No","Yes","No","No","No","No","No","No","No","HCT116（结直肠癌）、MCF7（乳腺癌）细胞系","not captured in source extraction","Apoptosis/cell cycle","Direct mechanistic evidence requiring in vivo validation.","2023","2023/09/01","ellagic acid","浆果、石榴和核桃等水果","Not established from supplied source field","Generic botanical, dietary, computational, or unspecified association","PMID 36607523; PMID36607523","Purified isolated compound(s): ellagic acid","One unique PMID-linked reference"
"36624500","PMID36624500","Stigmasterol","Phytosterols","Anti-colorectal cancer of Ardisia gigantifolia Stapf. and targets prediction via network pharmacology and molecular docking study.","Network pharmacology/in silico evidence","No","No","No","No","No","No","No","No","Yes","No","HCT116 细胞（人结直肠癌细胞）
SW620 细胞（人结直肠癌细胞，转移来源）","not captured in source extraction","EMT/ECM/metastasis; MAPK/JNK/ERK","Hypothesis generation only unless supported by a separate direct record.","2023","2023/01/09","Stigmasterol","Ardisia gigantifolia Stapf.走马胎/大叶紫金牛","Not established from supplied source field","Generic botanical, dietary, computational, or unspecified association","PMID 36624500; PMID36624500","Network pharmacology/in silico evidence","One unique PMID-linked reference"
"36652047","PMID36652047","Luteolin","Flavonoids","The Determination of Cisplatin and Luteolin Synergistic Effect on Colorectal Cancer Cell Apoptosis and Mitochondrial Dysfunction by Fluorescence Labelling.","Cell-only isolated monomer evidence","Yes","No","Yes","Yes","No","No","No","No","No","No","HCT116结直肠癌细胞","not captured in source extraction","Apoptosis/cell cycle","Direct mechanistic evidence requiring in vivo validation.","2023","2023/05/01","Luteolin","胡萝卜、辣椒、芹菜、橄榄油、薄荷、百里香和迷迭香","Not established from this row alone","Dietary, generic botanical, or non-specific natural-product source","PMID 36652047; PMID36652047","Purified isolated compound(s): Luteolin","One unique PMID-linked reference"
"36678939","PMID36678939","catechin","Flavonoids","Arecaceae Seeds Constitute a Healthy Source of Fatty Acids and Phenolic Compounds.","Extract/formula/decoction contextual evidence","No","No","No","No","No","No","No","Yes","No","No","人结直肠癌细胞系 HT-29","not captured in source extraction","","Context only; preparation effects are not assigned to an isolated monomer.","2023","2023/01/04","catechin","棕榈科（Arecaceae）植物的种子：Cocos nucifera（椰子）、Sabal minor（矮棕）","Not established from supplied source field","Generic botanical, dietary, computational, or unspecified association","PMID 36678939; PMID36678939","Extract/formula/decoction contextual evidence","One unique PMID-linked reference"
"36684054","PMID36684054","Kaempferol; beta-sitosterol","Flavonoids; Phytosterols","Network pharmacology-based analysis of heat clearing and detoxifying drug JC724 on the treatment of colorectal cancer.","Network pharmacology/in silico evidence","No","No","No","No","No","Yes","No","No","Yes","No","网络药理学 + 转录组分析（in silico） | 网络药理学与转录组联合","not captured in source extraction","NF-kB/STAT3/inflammation; ROS/ferroptosis","Hypothesis generation only unless supported by a separate direct record.","2023","2023/01/15","Kaempferol; beta-sitosterol","清热解毒药 JC724; 中药复方制剂 JC724","Source-dependent—named Chinese medicinal material or TCM preparation recorded","Constituent association is source-dependent and is not assigned to the isolated compound","PMID 36684054; PMID36684054","Network pharmacology/in silico evidence","One unique PMID-linked reference"
"36701898","PMID36701898","ellagic acid","Polyphenols","Ellagic acid induces apoptosis and autophagy in colon cancer through the AMPK/mTOR pathway.","Cell-only isolated monomer evidence","Yes","No","Yes","No","No","No","No","No","No","No","人结肠癌细胞 HCT116","not captured in source extraction","Apoptosis/cell cycle; PI3K/Akt/mTOR/metabolism","Direct mechanistic evidence requiring in vivo validation.","2023","2023/04/01","ellagic acid","水果和食物","Not established from supplied source field","Generic botanical, dietary, computational, or unspecified association","PMID 36701898; PMID36701898","Purified isolated compound(s): ellagic acid","One unique PMID-linked reference"
"36735641","PMID36735641","Kaempferol; Luteolin; Stigmasterol; beta-sitosterol","Flavonoids; Phytosterols","Exploring the mechanism of action of Yiyi Fuzi Baijiang powder in colorectal cancer based on network pharmacology and molecular docking studies.","Extract/formula/decoction contextual evidence","No","No","No","No","No","No","No","Yes","Yes","No","not reported | 网络药理学和分子对接","not captured in source extraction","Apoptosis/cell cycle; MAPK/JNK/ERK; PI3K/Akt/mTOR/metabolism","Context only; preparation effects are not assigned to an isolated monomer.","2023","2023/10/01","Kaempferol; Luteolin; Stigmasterol; beta-sitosterol","薏苡附子败酱散","Source-dependent—named Chinese medicinal material or TCM preparation recorded","Constituent association is source-dependent and is not assigned to the isolated compound","PMID 36735641; PMID36735641","Extract/formula/decoction contextual evidence","One unique PMID-linked reference"
"36820999","PMID36820999","ellagic acid","Polyphenols","Jaboticaba (Myrciaria cauliflora) Fruit Extract Suppressed Aberrant Crypt Formation in 1,2-Dimetylhydrazine-Induced Rats.","Extract/formula/decoction contextual evidence","No","No","No","No","No","No","No","Yes","No","No","DMH诱导的大鼠结直肠癌前病变模型，口服FEX干预56天","not captured in source extraction","","Context only; preparation effects are not assigned to an isolated monomer.","2023","2023/06/01","ellagic acid","Jaboticaba 果实乙醇提取物（FEX）","Not established from supplied source field","Generic botanical, dietary, computational, or unspecified association","PMID 36820999; PMID36820999","Extract/formula/decoction contextual evidence","One unique PMID-linked reference"
"36836848","PMID36836848","silibinin","Flavonoids","Silybin Showed Higher Cytotoxic, Antiproliferative, and Anti-Inflammatory Activities in the CaCo Cancer Cell Line while Retaining Viability and Proliferation in Normal Intestinal IPEC-1 Cells.","Cell-only isolated monomer evidence","Yes","No","Yes","No","No","No","No","No","No","No","体外细胞模型
正常细胞：正常猪小肠上皮细胞系-1 (IPEC-1)
肿瘤细胞：人结肠腺癌上皮细胞系 (CaCo-2)","not captured in source extraction","Apoptosis/cell cycle; NF-kB/STAT3/inflammation; Wnt/beta-catenin/stemness","Direct mechanistic evidence requiring in vivo validation.","2023","2023/02/10","silibinin","植物提取物水飞蓟素","Not established from supplied source field","Generic botanical, dietary, computational, or unspecified association","PMID 36836848; PMID36836848","Purified isolated compound(s): silibinin","One unique PMID-linked reference"
"36847079","PMID36847079","ellagic acid","Polyphenols","Ellagic acid inhibits human colon cancer HCT-116 cells by regulating long noncoding RNAs.","Cell-only isolated monomer evidence","Yes","No","Yes","No","No","No","No","No","No","No","人结肠癌 HCT-116 细胞系","not captured in source extraction","Apoptosis/cell cycle","Direct mechanistic evidence requiring in vivo validation.","2023","2023/11/01","ellagic acid","木本植物和水果中，如坚果、葡萄和浆果。","Not established from supplied source field","Generic botanical, dietary, computational, or unspecified association","PMID 36847079; PMID36847079","Purified isolated compound(s): ellagic acid","One unique PMID-linked reference"
"36914635","PMID36914635","sanguinarine","Alkaloids","Targeting oxeiptosis-mediated tumor suppression: a novel approach to treat colorectal cancers by sanguinarine.","Animal-validated isolated monomer evidence","Yes","Yes","No","No","No","Yes","No","No","No","No","体外模型：人结直肠癌（CRC）细胞
体内模型：HT-29 移植瘤小鼠模型","not captured in source extraction","Apoptosis/cell cycle; NF-kB/STAT3/inflammation; ROS/ferroptosis","High-information direct preclinical evidence.","2023","2023/03/13","sanguinarine","加拿大血根菌","No—direct Chinese materia medica association not established in supplied sources","Related natural-product evidence only","PMID 36914635; PMID36914635","Purified isolated compound(s): sanguinarine","One unique PMID-linked reference"
"37085076","PMID37085076","Luteolin; catechin","Flavonoids","Flavonoids nanostructures promising therapeutic efficiencies in colorectal cancer.","Formulation/nanodelivery contextual evidence","No","No","No","No","No","Yes","Yes","No","No","No","体外模型：Caco-2 / HT-29 共培养细胞系
体内模型：荷瘤小鼠","not captured in source extraction","ROS/ferroptosis","Context only; the delivery system cannot be attributed to isolated monomer activity.","2023","2023/06/30","Luteolin; catechin","茶叶和各种水果（苹果和李子）、山核桃、洋葱、蔬菜和植物性饮料","Not established from this row alone","Dietary, generic botanical, or non-specific natural-product source","PMID 37085076; PMID37085076","Formulation/nanodelivery contextual evidence","One unique PMID-linked reference"
"37237848","PMID37237848","ellagic acid","Polyphenols","Antioxidant and Anti-Inflammatory Properties of Walnut Constituents: Focus on Personalized Cancer Prevention and the Microbiome.","Extract/formula/decoction contextual evidence","No","No","No","No","No","No","No","Yes","No","No","使用二甲基肼（DMH）诱导的小鼠结直肠癌模型","not captured in source extraction","NF-kB/STAT3/inflammation","Context only; preparation effects are not assigned to an isolated monomer.","2023","2023/04/22","ellagic acid","植物","Not established from supplied source field","Generic botanical, dietary, computational, or unspecified association","PMID 37237848; PMID37237848","Extract/formula/decoction contextual evidence","One unique PMID-linked reference"
"37256897","PMID37256897","ellagic acid","Polyphenols","Extraction, phytochemical characterization and anti-cancer mechanism of Haritaki churna: An ayurvedic formulation.","Extract/formula/decoction contextual evidence","No","No","No","No","No","No","No","Yes","No","No","1 细胞模型：
  癌细胞：人结直肠癌细胞系 HCT116、DLD1、HT29；
  正常细胞对照：原代人外周血单个核细胞（PBMCs）、非癌性HEK293细胞
2 体外实验系统：细胞活力检测、细胞周期分析、蛋白表达检测（cyclin A2）、凋亡标志物检测
3 稳定性测试：在生物胃液中评估稳定性","not captured in source extraction","Apoptosis/cell cycle","Context only; preparation effects are not assigned to an isolated monomer.","2023","2023/05/31","ellagic acid","Haritaki churna","Not established from supplied source field","Generic botanical, dietary, computational, or unspecified association","PMID 37256897; PMID37256897","Extract/formula/decoction contextual evidence","One unique PMID-linked reference"
"37326338","PMID37326338","Magnolol","Neolignans","Dual targeting of wild-type p53 and gut microbiota by Magnolol represses key metabolic process and kills CRC cells.","Animal-validated isolated monomer evidence","Yes","Yes","No","No","No","No","No","No","No","No","体外模型：结直肠癌细胞系，体内：小鼠肿瘤异种移植模型","not captured in source extraction","Apoptosis/cell cycle; PI3K/Akt/mTOR/metabolism","Direct isolated-monomer experiment with animal evidence verified from the local article record.","2024","2024/10/01","Magnolol","厚朴的根以及茎皮","Magnolia officinalis association reported; experimental batch provenance not stated","The article describes magnolol as a Magnolia officinalis constituent; the tested batch source was not reported.","PMID 37326338; PMID37326338","Purified isolated compound(s): Magnolol","One unique PMID-linked reference"
"37365571","PMID37365571","Kaempferol","Flavonoids","Therapeutic efficacy of sorafenib and plant-derived phytochemicals in human colorectal cancer cells.","Extract/formula/decoction contextual evidence","No","No","No","No","No","No","No","Yes","No","No","人结直肠癌细胞系：SW1116、SW837
实验类型：体外细胞培养 | CRL1554 成纤维细胞，CRC 细胞","not captured in source extraction","Apoptosis/cell cycle","Context only; preparation effects are not assigned to an isolated monomer.","2023","2023/06/26","Kaempferol","薏苡附子败酱散; 植物","Source-dependent—named Chinese medicinal material or TCM preparation recorded","Constituent association is source-dependent and is not assigned to the isolated compound","PMID 37365571; PMID37365571","Extract/formula/decoction contextual evidence","One unique PMID-linked reference"
"37373014","PMID37373014","beta-Lapachone","Quinones","beta-Lapachone Exerts Anticancer Effects by Downregulating p53, Lys-Acetylated Proteins, TrkA, p38 MAPK, SOD1, Caspase-2, CD44 and NPM in Oxaliplatin-Resistant HCT116 Colorectal Cancer Cells.","Cell-only isolated monomer evidence","Yes","No","Yes","Yes","No","No","No","No","No","No","HCT116-OxPt-R 细胞","not captured in source extraction","Apoptosis/cell cycle; MAPK/JNK/ERK","Direct mechanistic evidence requiring in vivo validation.","2023","2023/06/07","beta-Lapachone","拉帕乔树","No—direct Chinese materia medica association not established in supplied sources","Related natural-product evidence only","PMID 37373014; PMID37373014","Purified isolated compound(s): beta-Lapachone","One unique PMID-linked reference"
"37375613","PMID37375613","catechin","Flavonoids","Antioxidant, Anti-Inflammatory, Antimicrobial, and Anticancer Activities of Pomegranate Juice Concentrate.","Extract/formula/decoction contextual evidence","No","No","No","No","No","Yes","No","Yes","No","No","体外生化模型：牛血清白蛋白（BSA）和DNA氧化损伤模型
酶活性抑制模型：乙酰胆碱酯酶、α-淀粉酶、酪氨酸酶
抗菌模型：人类病原菌
癌细胞模型：结直肠癌、乳腺癌、肝癌细胞系","not captured in source extraction","Apoptosis/cell cycle; NF-kB/STAT3/inflammation; ROS/ferroptosis","Context only; preparation effects are not assigned to an isolated monomer.","2023","2023/06/11","catechin","石榴汁浓缩物","Not established from supplied source field","Generic botanical, dietary, computational, or unspecified association","PMID 37375613; PMID37375613","Extract/formula/decoction contextual evidence","One unique PMID-linked reference"
"37418807","PMID37418807","Pinocembrin","Flavonoids","Can the phenolic compounds of Manuka honey chemosensitize colon cancer stem cells? A deep insight into the effect on chemoresistance and self-renewal.","Extract/formula/decoction contextual evidence","No","No","No","Yes","No","No","No","Yes","No","No","富含结肠癌干细胞（CSCs）的结肠类球体","not captured in source extraction","Wnt/beta-catenin/stemness","Context only; preparation effects are not assigned to an isolated monomer.","2023","2023/11/30","Pinocembrin","Manuka蜂蜜","Not established from supplied source field","Generic botanical, dietary, computational, or unspecified association","PMID 37418807; PMID37418807","Extract/formula/decoction contextual evidence","One unique PMID-linked reference"
"37440106","PMID37440106","Tanshinone IIA","Diterpenoid quinones","Tanshinone IIA targeting cell signaling pathways: a plausible paradigm for cancer therapy.","Review/background evidence","No","No","No","No","No","No","No","No","No","Yes","多种人类癌细胞系的体外实验， 乳腺癌、宫颈癌
、结直肠癌、胃癌、肺癌、前列腺癌","not captured in source extraction","Apoptosis/cell cycle; EMT/ECM/metastasis; PI3K/Akt/mTOR/metabolism","Background synthesis only; not counted as new efficacy evidence.","2023","2023/08/01","Tanshinone IIA","传统中药丹参（Salvia miltiorrhiza）的根部","Yes—directly traceable in supplied records","Constituent of Danshen (Salvia miltiorrhiza)","PMID 37440106; PMID37440106","Review/background evidence","One unique PMID-linked reference"
"37441534","PMID37441534","silibinin","Flavonoids","Targeted delivery of silibinin via magnetic niosomal nanoparticles: potential application in treatment of colon cancer cells.","Formulation/nanodelivery contextual evidence","No","No","No","No","No","No","Yes","No","No","No","癌细胞模型为 HT29 人结肠癌细胞正常细胞模型为 HEK293 人胚肾细胞实验类型为体外细胞实验检测方法包括 MTT 法流式细胞术TEM DLS FTIR 和 VSM","not captured in source extraction","Apoptosis/cell cycle; EMT/ECM/metastasis","Context only; the delivery system cannot be attributed to isolated monomer activity.","2023","2023/06/27","silibinin","水飞蓟 Silybum marianum 的提取物","Not established from supplied source field","Generic botanical, dietary, computational, or unspecified association","PMID 37441534; PMID37441534","Formulation/nanodelivery contextual evidence","One unique PMID-linked reference"
"37497415","PMID37497415","Kaempferol","Flavonoids","Network pharmacology and bioinformatics were used to construct a prognostic model and immunoassay of core target genes in the combination of quercetin and kaempferol in the treatment of colorectal cancer.","Network pharmacology/in silico evidence","No","No","No","No","Yes","No","No","No","Yes","No","单变量 Cox、多变量 Cox 和 Lasso-Cox 回归模型，并使用分子对接来绘制将两种成分与预后基因结合的模型","not captured in source extraction","Immune microenvironment","Hypothesis generation only unless supported by a separate direct record.","2023","2023/07/03","Kaempferol","传统中药的代表性成分","Source-dependent—named Chinese medicinal material or TCM preparation recorded","Constituent association is source-dependent and is not assigned to the isolated compound","PMID 37497415; PMID37497415","Network pharmacology/in silico evidence","One unique PMID-linked reference"
"37595397","PMID37595397","Honokiol","Neolignans","Design, synthesis and anti-tumor efficacy evaluation of novel 1,3-diaryl propane-based polyphenols obtained from Claisen rearrangement reaction.","Derivative/metabolite contextual evidence","No","No","No","No","No","No","No","No","No","No","体外：HCT116、COLO205、HT29、SW480（结直肠癌）等多种癌细胞系
体内：COLO205 异种移植小鼠模型","38%; 58%","","Context only; The tested agents were newly synthesized polyphenols inspired by natural scaffolds, not isolated honokiol.","2023","2023/11/01","Honokiol","天然产物或具有有趣生物活性的合成化合物（nature products
or synthetic compounds with interesting biological activitie）","Yes—directly traceable in supplied records","Constituent of Houpo (Magnolia officinalis)","PMID 37595397; PMID37595397","Derivative/metabolite contextual evidence","One unique PMID-linked reference"
"37627637","PMID37627637","Kaempferol","Flavonoids","A Critical Review of Kaempferol in Intestinal Health and Diseases.","Review/background evidence","No","No","No","No","No","No","No","No","No","Yes","体外模型：
Caco-2 细胞（人结肠腺癌细胞，用于肠道屏障和炎症研究）
HCT116 细胞（人结肠癌细胞，含突变型 p53）","not captured in source extraction","Apoptosis/cell cycle; MAPK/JNK/ERK; NF-kB/STAT3/inflammation","Background synthesis only; not counted as new efficacy evidence.","2023","2023/08/20","Kaempferol","在于各种蔬菜、水果和草药","Not established from this row alone","Dietary, generic botanical, or non-specific natural-product source","PMID 37627637; PMID37627637","Review/background evidence","One unique PMID-linked reference"
"37706115","PMID37706115","ellagic acid","Polyphenols","Absorption and Metabolism of Urolithin A and Ellagic Acid in Mice and Their Cytotoxicity in Human Colorectal Cancer Cells.","Cell-only isolated monomer evidence","Yes","No","Yes","No","No","No","No","No","No","No","小鼠（体内吸收）、SW480/SW620/HCT116/HT-29细胞（体外毒性）","not captured in source extraction","","Direct mechanistic evidence requiring in vivo validation.","2023","2023/09/05","ellagic acid","石榴、核桃、多种浆果","Not established from supplied source field","Generic botanical, dietary, computational, or unspecified association","PMID 37706115; PMID37706115","Purified isolated compound(s): ellagic acid","One unique PMID-linked reference"
"37717793","PMID37717793","Luteolin","Flavonoids","Luteolin exhibits synergistic therapeutic efficacy with erastin to induce ferroptosis in colon cancer cells through the HIC1-mediated inhibition of GPX4 expression.","Cell-only isolated monomer evidence","Yes","No","Yes","Yes","No","Yes","No","No","No","No","细胞模型：人结肠癌细胞系 HCT116 和 SW480
基因操作模型：
HIC1 过表达（pcDNA3.1-HIC1-3FLAG 转染）；
HIC1 基因沉默（HIC1-specific siRNAs）","not captured in source extraction","ROS/ferroptosis","Direct mechanistic evidence requiring in vivo validation.","2023","2023/11/01","Luteolin","多种水果、蔬菜及中药","Source-dependent—named Chinese medicinal material or TCM preparation recorded","Constituent association is source-dependent and is not assigned to the isolated compound","PMID 37717793; PMID37717793","Purified isolated compound(s): Luteolin","One unique PMID-linked reference"
"37735401","PMID37735401","curdione","Terpenoids","Curdione induces ferroptosis mediated by m6A methylation via METTL14 and YTHDF2 in colorectal cancer.","Animal-validated isolated monomer evidence","Yes","Yes","No","No","No","Yes","No","No","No","No","用 12.5 μM、25 μM 和 50 μM 剂量的姜屈酮处理结直肠癌（CRC）细胞，然后用甲基噻唑基四唑铵（MTT）测量细胞的活性。裸鼠皮下注射不同剂量的Curdione和尾静脉注射奥沙利铂，然后采用苏木精-伊红（HE）染色检查肿瘤组织学","Curdione 12.5, 25, and 50 µM in CRC cells","ROS/ferroptosis","High-information direct preclinical evidence.","2023","2023/09/21","curdione","莪术","Yes—directly traceable in supplied records","Constituent of Ezhu (Curcumae Rhizoma)","PMID 37735401; PMID37735401","Purified isolated compound(s): curdione","One unique PMID-linked reference"
"37749082","PMID37749082","Tanshinone IIA","Diterpenoid quinones","Targeting survivin with Tanshinone IIA inhibits tumor growth and overcomes chemoresistance in colorectal cancer.","Animal-validated isolated monomer evidence","Yes","Yes","No","Yes","No","No","No","No","No","No","结直肠癌细胞（含5-Fu耐药细胞）","not captured in source extraction","PI3K/Akt/mTOR/metabolism","Direct isolated-monomer experiment with animal evidence verified from the local article record.","2023","2023/09/25","Tanshinone IIA","丹参","Yes—directly traceable in supplied records","Constituent of Danshen (Salvia miltiorrhiza)","PMID 37749082; PMID37749082","Purified isolated compound(s): Tanshinone IIA","One unique PMID-linked reference"
"37763324","PMID37763324","isorhamnetin","Flavonoids","Isorhamnetin Influences the Viability, Superoxide Production and Interleukin-8 Biosynthesis of Human Colorectal Adenocarcinoma HT-29 Cells In Vitro.","Cell-only isolated monomer evidence","Yes","No","Yes","No","No","Yes","No","No","No","No","HT-29人结肠癌细胞，体外培养，zymosan诱导炎症","not captured in source extraction","NF-kB/STAT3/inflammation; ROS/ferroptosis","Direct mechanistic evidence requiring in vivo validation.","2023","2023/09/15","isorhamnetin","许多水果和蔬菜","Not established from supplied source field","Generic botanical, dietary, computational, or unspecified association","PMID 37763324; PMID37763324","Purified isolated compound(s): isorhamnetin","One unique PMID-linked reference"
"37793276","PMID37793276","Astragaloside IV","Triterpenoid saponins","The potential molecular pathways of Astragaloside-IV in colorectal cancer: A systematic review.","Review/background evidence","No","No","No","No","Yes","No","No","No","No","Yes","1 细胞模型：多种结直肠癌细胞系
2 动物模型
小鼠结直肠癌模型","not captured in source extraction","Apoptosis/cell cycle; Immune microenvironment; Wnt/beta-catenin/stemness","Background synthesis only; not counted as new efficacy evidence.","2023","2023/11/01","Astragaloside IV","黄芪","Yes—directly traceable in supplied records","Constituent of Huangqi (Astragalus medicinal material)","PMID 37793276; PMID37793276","Review/background evidence","One unique PMID-linked reference"
"37799727","PMID37799727","Kaempferol","Flavonoids","Mechanism of Bazhen decoction in the treatment of colorectal cancer based on network pharmacology, molecular docking, and experimental validation.","Extract/formula/decoction contextual evidence","No","No","No","No","Yes","No","No","Yes","Yes","No","结直肠癌（CRC）小鼠模型","not captured in source extraction","Apoptosis/cell cycle; Immune microenvironment","Context only; preparation effects are not assigned to an isolated monomer.","2023","2023/09/20","Kaempferol","八珍汤","Source-dependent—named Chinese medicinal material or TCM preparation recorded","Constituent association is source-dependent and is not assigned to the isolated compound","PMID 37799727; PMID37799727","Extract/formula/decoction contextual evidence","One unique PMID-linked reference"
"37852337","PMID37852337","Kaempferol; Luteolin","Flavonoids","A network pharmacology approach and experimental validation to investigate the anticancer mechanism of Qi-Qin-Hu-Chang formula against colitis-associated colorectal cancer through induction of apoptosis via JNK/p38 MAPK signaling pathway.","Extract/formula/decoction contextual evidence","No","No","No","No","No","No","No","Yes","Yes","No","计算机模拟（分子对接） | 网络药理学","not captured in source extraction","Apoptosis/cell cycle; MAPK/JNK/ERK; NF-kB/STAT3/inflammation","Context only; preparation effects are not assigned to an isolated monomer.","2024","2024/01/30","Kaempferol; Luteolin","Qi-Qin-Hu-Chang Formula (QQHCF, Patent number CN202211655092.8),79
is derived from Qing-Chang-Hua-Shi granule, Buqi Yunpi Decoction and Xiangshen80
Pill with modifications by Professor Shen; 芪芩胡菖方","Source-dependent—named Chinese medicinal material or TCM preparation recorded","Constituent association is source-dependent and is not assigned to the isolated compound","PMID 37852337; PMID37852337","Extract/formula/decoction contextual evidence","One unique PMID-linked reference"
"37939611","PMID37939611","Isovitexin","Flavonoids","Herba Patriniae and its component Isovitexin show anti-colorectal cancer effects by inducing apoptosis and cell-cycle arrest via p53 activation.","Cell-only isolated monomer evidence","Yes","No","Yes","No","No","No","No","Yes","No","No","网络药理学分析以及体外和体内实验","not captured in source extraction","Apoptosis/cell cycle","Direct experimental component only; Isovitexin was separately administered to CRC cells; the Herba Patriniae intervention remains contextual.","2023","2023/12/01","Isovitexin","败酱草","Not established from supplied source field","Generic botanical, dietary, computational, or unspecified association","PMID 37939611; PMID37939611","Purified isolated compound(s): Isovitexin","One unique PMID-linked reference"
"37982821","PMID37982821","beta-sitosterol","Phytosterols","Ethylcoprostanol modulates colorectal cancer cell proliferation and mitigates cytotoxicity of cholesterol metabolites in non-tumor colon cells.","Derivative/metabolite contextual evidence","No","No","No","No","No","Yes","No","No","No","No","体外细胞模型
1 Caco 2 细胞 人结肠肿瘤细胞
2 CCD 18Co 细胞 人非肿瘤结肠细胞","not captured in source extraction","Apoptosis/cell cycle; ROS/ferroptosis","Context only; The tested agent was ethylcoprostanol, a beta-sitosterol metabolite, not isolated beta-sitosterol.","2023","2023/12/11","beta-sitosterol","植物","Not established from supplied source field","Generic botanical, dietary, computational, or unspecified association","PMID 37982821; PMID37982821","Derivative/metabolite contextual evidence","One unique PMID-linked reference"
"38041881","PMID38041881","Kaempferol; myricetin","Flavonoids","Optimization of Pluchea indica (L.) leaf extract using ultrasound-assisted extraction and its cytotoxicity on the HT-29 colorectal cancer cell line.","Extract/formula/decoction contextual evidence","No","No","No","No","No","No","No","Yes","No","No","结直肠癌细胞（SW480 和 SW620） | HT-29 人结直肠癌细胞系（体外）","not captured in source extraction","Apoptosis/cell cycle","Context only; preparation effects are not assigned to an isolated monomer.","2023","2023/12/01","Kaempferol; myricetin","Dodonaea viscosa Jacq.; 籼稻叶片","Not established from this row alone","Dietary, generic botanical, or non-specific natural-product source","PMID 38041881; PMID38041881","Extract/formula/decoction contextual evidence","One unique PMID-linked reference"
"38049552","PMID38049552","beta-sitosterol","Phytosterols","Countenance and implication of -sitosterol, -amyrin and epiafzelechin in nickel exposed Rat: in-silico and in-vivo approach.","Network pharmacology/in silico evidence","No","No","No","No","Yes","Yes","No","No","Yes","No","大鼠结肠癌模型，采用体内+ 计算机模拟","not captured in source extraction","EMT/ECM/metastasis; Immune microenvironment; NF-kB/STAT3/inflammation; ROS/ferroptosis","Hypothesis generation only unless supported by a separate direct record.","2023","2023/12/04","beta-sitosterol","植物","Not established from supplied source field","Generic botanical, dietary, computational, or unspecified association","PMID 38049552; PMID38049552","Network pharmacology/in silico evidence","One unique PMID-linked reference"
"38157250","PMID38157250","Apigenin; Luteolin","Flavonoids","Apigenin exerts anti-cancer effects in colon cancer by targeting HSP90AA1.","Cell-only isolated monomer evidence","Yes","No","Yes","No","No","No","No","No","No","No","人结肠癌细胞系：COLO-205、HCT-116","not captured in source extraction","EMT/ECM/metastasis","Direct cell evidence only; luteolin was experimentally assessed as an apigenin metabolite in the local article record.","2025","2025/04/01","Apigenin; Luteolin","芹菜素","Not established from this row alone","Dietary, generic botanical, or non-specific natural-product source","PMID 38157250; PMID38157250","Purified isolated compound(s): Apigenin; Luteolin","One unique PMID-linked reference"
"38218311","PMID38218311","beta-Lapachone","Quinones","beta-Lapachone induces ferroptosis of colorectal cancer cells via NCOA4-mediated ferritinophagy by activating JNK pathway.","Animal-validated isolated monomer evidence","Yes","Yes","No","No","No","Yes","No","No","No","No","人类结直肠癌的异种移植模型作为动物模型，并在 CRC 细胞系的 SW620 和 DLD-1","not captured in source extraction","Apoptosis/cell cycle; MAPK/JNK/ERK; ROS/ferroptosis","High-information direct preclinical evidence.","2024","2024/02/01","beta-Lapachone","拉帕乔树","No—direct Chinese materia medica association not established in supplied sources","Related natural-product evidence only","PMID 38218311; PMID38218311","Purified isolated compound(s): beta-Lapachone","One unique PMID-linked reference"
"38230773","PMID38230773","Astragaloside IV","Triterpenoid saponins","Astragaloside IV regulates circ\_0001615 and miR-873-5p/LASP1 axis to suppress colorectal cancer cell progression.","Animal-validated isolated monomer evidence","Yes","Yes","No","No","No","No","No","No","No","No","体外模型：人结直肠癌（CRC）细胞系
体内模型：裸鼠皮下移植瘤模型","not captured in source extraction","Apoptosis/cell cycle","High-information direct preclinical evidence.","2024","2024/01/01","Astragaloside IV","黄芪","Yes—directly traceable in supplied records","Constituent of Huangqi (Astragalus medicinal material)","PMID 38230773; PMID38230773","Purified isolated compound(s): Astragaloside IV","One unique PMID-linked reference"
"38287048","PMID38287048","Kaempferol","Flavonoids","Integrated blood and organ profile analysis to evaluate ameliorative effects of kaempferol on 5-fluorouracil-induced toxicity.","Animal-validated isolated monomer evidence","Yes","Yes","No","Yes","Yes","No","No","No","No","No","DMH 诱导的结直肠癌（CRC）动物模型","not captured in source extraction","Immune microenvironment","High-information direct preclinical evidence.","2024","2024/01/29","Kaempferol","植物或食物","Not established from this row alone","Dietary, generic botanical, or non-specific natural-product source","PMID 38287048; PMID38287048","Purified isolated compound(s): Kaempferol","One unique PMID-linked reference"
"38415445","PMID38415445","Stigmasterol; ellagic acid","Phytosterols; Polyphenols","Network Pharmacology Analysis on the Mechanism of Xihuangwan in Treating Rectal Cancer and Radiation Enteritis.","Network pharmacology/in silico evidence","No","No","No","No","No","Yes","No","No","Yes","No","纯计算性网络药理学分析 | 网络药理学分析","not captured in source extraction","NF-kB/STAT3/inflammation; PI3K/Akt/mTOR/metabolism; ROS/ferroptosis","Hypothesis generation only unless supported by a separate direct record.","2024","2024/01/01","Stigmasterol; ellagic acid","乳香和没药; 犀黄丸","Not established from supplied source field","Generic botanical, dietary, computational, or unspecified association","PMID 38415445; PMID38415445","Network pharmacology/in silico evidence","One unique PMID-linked reference"
"38428659","PMID38428659","Kaempferol; Luteolin; Pinocembrin","Flavonoids","Exploring the mechanism of Erteng-Sanjie capsule in treating gastric and colorectal cancers via network pharmacology and in-vivo validation.","Extract/formula/decoction contextual evidence","No","No","No","No","No","No","No","Yes","Yes","No","体内模型：异种移植瘤模型 | 计算模型：网络药理学、PPI 网络、分子对接；
体内验证模型：动物实验 | 参与网络分析和分子对接预测，动物实验","not captured in source extraction","Apoptosis/cell cycle; EMT/ECM/metastasis; MAPK/JNK/ERK; NF-kB/STAT3/inflammation; PI3K/Akt/mTOR/metabolism","Context only; preparation effects are not assigned to an isolated monomer.","2024","2024/06/12","Kaempferol; Luteolin; Pinocembrin","Erteng Sanjie decoction (ETSJC，二藤散结方); Erteng-Sanjie 胶囊（ETSJC）; 中药复方 二藤散结 胶囊（ETSJC）","Source-dependent—named Chinese medicinal material or TCM preparation recorded","Constituent association is source-dependent and is not assigned to the isolated compound","PMID 38428659; PMID38428659","Extract/formula/decoction contextual evidence","One unique PMID-linked reference"
"38446216","PMID38446216","beta-sitosterol","Phytosterols","Network pharmacology and experimental verification study on the mechanism of Hedyotis diffusa Willd in treating colorectal cancer.","Network pharmacology/in silico evidence","No","No","No","No","No","No","No","No","Yes","No","体外细胞模型：人结直肠癌 SW620 细胞系
生物信息学模型：基于TCGA、HPA、GEPIA数据库的基因表达与生存分析
分子对接模型","not captured in source extraction","Apoptosis/cell cycle","Hypothesis generation only unless supported by a separate direct record.","2024","2024/09/01","beta-sitosterol","白花蛇舌草","Hedyotis diffusa association was database-derived; tested compound was commercially supplied","Beta-sitosterol was selected by network pharmacology and obtained from MedChemExpress for cell experiments.","PMID 38446216; PMID38446216","Purified beta-sitosterol (MedChemExpress) tested in vitro after network-pharmacology selection; retained as contextual for source attribution.","One unique PMID-linked reference"
"38493716","PMID38493716","Kaempferol","Flavonoids","Kaempferol inhibits colorectal cancer metastasis through circ\_0000345 mediated JMJD2C/beta-catenin signalling pathway.","Animal-validated isolated monomer evidence","Yes","Yes","No","No","No","No","No","No","No","No","体外模型：人结直肠癌细胞系（SW620、LoVo、SW480、HCT8、HCT15、HCT116、Caco-2）及正常肠上皮细胞 HIEC；
体内模型：裸鼠尾静脉注射 SW620 细胞构建肺转移模型","not captured in source extraction","EMT/ECM/metastasis; Wnt/beta-catenin/stemness","High-information direct preclinical evidence.","2024","2024/06/01","Kaempferol","植物类黄酮","Not established from this row alone","Dietary, generic botanical, or non-specific natural-product source","PMID 38493716; PMID38493716","Purified isolated compound(s): Kaempferol","One unique PMID-linked reference"
"38518016","PMID38518016","beta-sitosterol; catechin; emodin/aloe-emodin; rhein","Anthraquinones; Flavonoids; Phytosterols","Prediction of potential mechanisms of rhubarb therapy for colorectal cancer based on network pharmacological analysis and molecular docking.","Network pharmacology/in silico evidence","No","No","No","No","No","No","No","No","Yes","No","生物信息学分析 | 网络药理学 + 分子对接（计算模型） | 纯计算模拟研究 采用网络药理学分析， Cytoscape构建成分靶点网络，蛋白蛋白相互作用 PPI 分析，基因本体与KEGG通路富集分析，分子对接","not captured in source extraction","Apoptosis/cell cycle; EMT/ECM/metastasis; NF-kB/STAT3/inflammation","Hypothesis generation only unless supported by a separate direct record.","2024","2024/03/22","beta-sitosterol; catechin; emodin/aloe-emodin; rhein","大黄","Not established from supplied source field","Generic botanical, dietary, computational, or unspecified association","PMID 38518016; PMID38518016","Network pharmacology/in silico evidence","One unique PMID-linked reference"
"38524612","PMID38524612","Luteolin","Flavonoids","Synthesis, characterization, and efficacy evaluation of a PH-responsive Fe-MOF@GO composite drug delivery system for the treating colorectal cancer.","Formulation/nanodelivery contextual evidence","No","No","No","No","No","Yes","Yes","No","No","No","正常细胞：
WI-38（人胚肺成纤维细胞）
癌细胞：
HeLa（人宫颈癌）
MCF-7（人乳腺癌）
A549（人非小细胞肺癌）
HT-29（人结肠癌）","not captured in source extraction","Apoptosis/cell cycle; EMT/ECM/metastasis; ROS/ferroptosis; Wnt/beta-catenin/stemness","Context only; the delivery system cannot be attributed to isolated monomer activity.","2024","2024/03/15","Luteolin","天然植物","Not established from this row alone","Dietary, generic botanical, or non-specific natural-product source","PMID 38524612; PMID38524612","Formulation/nanodelivery contextual evidence","One unique PMID-linked reference"
"38543031","PMID38543031","beta-Lapachone","Quinones","Anticancer Potential and Safety Profile of beta-Lapachone In Vitro.","Cell-only isolated monomer evidence","Yes","No","Yes","No","No","No","No","No","No","No","ACP02（胃腺癌细胞）、MCF7（乳腺癌细胞）、HCT116（结肠癌细胞）和 HEPG2（肝细胞癌细胞）","not captured in source extraction","Apoptosis/cell cycle","Direct mechanistic evidence requiring in vivo validation.","2024","2024/03/21","beta-Lapachone","Ipê树（拉帕乔树）","No—direct Chinese materia medica association not established in supplied sources","Related natural-product evidence only","PMID 38543031; PMID38543031","Purified isolated compound(s): beta-Lapachone","One unique PMID-linked reference"
"38607060","PMID38607060","Secoemestrin C","Fungal alkaloid-like metabolites","The Natural Product Secoemestrin C Inhibits Colorectal Cancer Stem Cells via p38-S100A8 Feed-Forward Regulatory Loop.","Cell-only isolated monomer evidence","Yes","No","Yes","No","No","No","No","No","No","No","结直肠癌干细胞（CSCs）与非干细胞（non-CSCs）","not captured in source extraction","EMT/ECM/metastasis; MAPK/JNK/ERK; Wnt/beta-catenin/stemness","Direct mechanistic evidence requiring in vivo validation.","2024","2024/04/03","Secoemestrin C","埃默色拉菌（Emericella sp.）","Not established from supplied source field","Generic botanical, dietary, computational, or unspecified association","PMID 38607060; PMID38607060","Purified isolated compound(s): Secoemestrin C","One unique PMID-linked reference"
"38674851","PMID38674851","Luteolin","Flavonoids","Antitumor Effect and Gut Microbiota Modulation by Quercetin, Luteolin, and Xanthohumol in a Rat Model for Colorectal Cancer Prevention.","Extract/formula/decoction contextual evidence","No","No","No","No","No","No","No","Yes","No","No","AOM+DSS诱导的大鼠结直肠癌模型，40只分4组，ip给药","not captured in source extraction","","Context only; preparation effects are not assigned to an isolated monomer.","2024","2024/04/13","Luteolin","蔬菜和水果","Not established from this row alone","Dietary, generic botanical, or non-specific natural-product source","PMID 38674851; PMID38674851","Extract/formula/decoction contextual evidence","One unique PMID-linked reference"
"38759254","PMID38759254","Honokiol","Neolignans","Semisynthesis and biological evaluation of novel honokiol thioethers against colon cancer cells HCT116 via inhibiting the transcription and expression of YAP protein.","Derivative/metabolite contextual evidence","No","No","No","No","No","No","No","No","No","No","HCT116 结肠癌细胞","not captured in source extraction","","Context only; The tested agents were honokiol thioether derivatives rather than isolated honokiol.","2024","2024/06/01","Honokiol","厚朴","Yes—directly traceable in supplied records","Constituent of Houpo (Magnolia officinalis)","PMID 38759254; PMID38759254","Derivative/metabolite contextual evidence","One unique PMID-linked reference"
"38795259","PMID38795259","Kaempferol","Flavonoids","Unravelling the molecular mechanistic pathway underlying the anticancer effects of kaempferol in colorectal cancer: a reverse pharmacology network approach.","Network pharmacology/in silico evidence","No","No","No","No","No","No","No","No","Yes","No","计算生物学研究，采用反向药理学网络方法，结合分子对接","not captured in source extraction","","Hypothesis generation only unless supported by a separate direct record.","2025","2025/04/01","Kaempferol","强效抗癌生物活性化合物","Not established from this row alone","Dietary, generic botanical, or non-specific natural-product source","PMID 38795259; PMID38795259","Network pharmacology/in silico evidence","One unique PMID-linked reference"
"38805906","PMID38805906","Glabridin","Flavonoids","The Glabridin from Huangqin Decoction Prevents the Development of Ulcerative Colitis into Colitis-Associated Colorectal Cancer by Modulating MMP1/MMP3 Activity.","Extract/formula/decoction contextual evidence","No","No","No","No","No","No","No","Yes","No","No","UC/CAC小鼠模型（体内实验）","not captured in source extraction","EMT/ECM/metastasis; NF-kB/STAT3/inflammation","Context only; preparation effects are not assigned to an isolated monomer.","2024","2024/06/30","Glabridin","光果甘草","Huangqin Decoction association in the study rationale; tested compound was commercially supplied","Glabridin was obtained from MedChemExpress; extraction from Huangqin Decoction was not reported.","PMID 38805906; PMID38805906","Purified glabridin (MedChemExpress) tested in vivo; retained as contextual for TCM-source attribution.","One unique PMID-linked reference"
"38809850","PMID38809850","silibinin","Flavonoids","The anticancer impact of folate-linked ZnO-decorated bovine serum albumin/silibinin nanoparticles on human pancreatic, breast, lung, and colon cancers.","Formulation/nanodelivery contextual evidence","No","No","No","No","No","Yes","Yes","No","No","No","体外细胞实验模型，包括人乳腺癌细胞 MCF7、人肺癌细胞 A549、人结肠癌细胞 HT29、人胰腺癌细胞 Panc，以及人脐静脉内皮细胞 Huvec","not captured in source extraction","Apoptosis/cell cycle; ROS/ferroptosis","Context only; the delivery system cannot be attributed to isolated monomer activity.","2024","2024/08/01","silibinin","水飞蓟","Not established from supplied source field","Generic botanical, dietary, computational, or unspecified association","PMID 38809850; PMID38809850","Formulation/nanodelivery contextual evidence","One unique PMID-linked reference"
"38821580","PMID38821580","caffeic acid","Phenolic acids","Caffeic Acid Enhances Anticancer Drug-induced Apoptosis in Acid-adapted HCT116 Colon Cancer Cells.","Cell-only isolated monomer evidence","Yes","No","Yes","Yes","No","No","No","No","No","No","人结肠癌细胞系 HCT116","not captured in source extraction","Apoptosis/cell cycle; MAPK/JNK/ERK; PI3K/Akt/mTOR/metabolism","Direct mechanistic evidence requiring in vivo validation.","2024","2024/06/01","caffeic acid","茶、咖啡、蜂胶、水果和蔬菜","Not established from supplied source field","Generic botanical, dietary, computational, or unspecified association","PMID 38821580; PMID38821580","Purified isolated compound(s): caffeic acid","One unique PMID-linked reference"
"38823277","PMID38823277","Luteolin","Flavonoids","Decrease in GPSM2 mediated by the natural product luteolin contributes to colon adenocarcinoma treatment and increases the sensitivity to fluorouracil.","Cell-only isolated monomer evidence","Yes","No","Yes","Yes","No","No","No","No","No","No","人结直肠癌细胞系、基因干扰模型：siGPSM2 细胞、 GPSM2 过表达模型、MTT 实验、集落形成实验","not captured in source extraction","","Direct mechanistic evidence requiring in vivo validation.","2024","2024/07/01","Luteolin","爪哇布鲁塞 （BJ） 植物","Not established from this row alone","Dietary, generic botanical, or non-specific natural-product source","PMID 38823277; PMID38823277","Purified isolated compound(s): Luteolin","One unique PMID-linked reference"
"38831823","PMID38831823","Astragaloside IV","Triterpenoid saponins","Astragaloside IV inhibits colorectal cancer metastasis by reducing extracellular vesicles release and suppressing M2-type TAMs activation.","Animal-validated isolated monomer evidence","Yes","Yes","No","No","Yes","No","No","No","No","No","体外模型包括小鼠结肠癌细胞 MC38 和小鼠巨噬细胞 RAW264.7
体内模型为小鼠脾脏-肝脏转移模型","not captured in source extraction","EMT/ECM/metastasis; Immune microenvironment","High-information direct preclinical evidence.","2024","2024/05/22","Astragaloside IV","黄芪","Yes—directly traceable in supplied records","Constituent of Huangqi (Astragalus medicinal material)","PMID 38831823; PMID38831823","Purified isolated compound(s): Astragaloside IV","One unique PMID-linked reference"
"38851368","PMID38851368","Dictamnine","Alkaloids","Antitumor activity of dictamnine against colorectal cancer through induction of ferroptosis and inhibition of M2 macrophage polarization via the MAPK signaling.","Cell-only isolated monomer evidence","Yes","No","Yes","No","Yes","Yes","No","No","No","No","DLD-1, LoVo, THP-1 巨噬细胞","not captured in source extraction","Immune microenvironment; MAPK/JNK/ERK; ROS/ferroptosis","Direct mechanistic evidence requiring in vivo validation.","2024","2024/08/01","Dictamnine","白鲜皮","Not established from supplied source field","Generic botanical, dietary, computational, or unspecified association","PMID 38851368; PMID38851368","Purified isolated compound(s): Dictamnine","One unique PMID-linked reference"
"38898204","PMID38898204","silibinin","Flavonoids","Development, Optimization, and in vitro Evaluation of Silybin-loaded PLGA Nanoparticles and Decoration with 5TR1 Aptamer for Targeted Delivery to Colorectal Cancer Cells.","Formulation/nanodelivery contextual evidence","No","No","No","No","Yes","No","Yes","No","No","No","C26（小鼠）、HT29（人源）结直肠癌细胞；正常细胞对照；体外模型","not captured in source extraction","Apoptosis/cell cycle; Immune microenvironment","Context only; the delivery system cannot be attributed to isolated monomer activity.","2024","2024/06/19","silibinin","水飞蓟","Not established from supplied source field","Generic botanical, dietary, computational, or unspecified association","PMID 38898204; PMID38898204","Formulation/nanodelivery contextual evidence","One unique PMID-linked reference"
"38948535","PMID38948535","Kaempferol; isorhamnetin; myricetin","Flavonoids","Targeting colorectal cancer using dietary flavonols.","Extract/formula/decoction contextual evidence","No","No","No","No","No","Yes","No","Yes","No","Yes","体外、动物实验、流行病学研究 | （综述文章）体外、动物实验、流行病学研究 | HT-29 细胞、Caco-2、SW480、COLO 205、VACO-235 和 T84","not captured in source extraction","Apoptosis/cell cycle; EMT/ECM/metastasis; PI3K/Akt/mTOR/metabolism; ROS/ferroptosis","Context only; preparation effects are not assigned to an isolated monomer.","2024","2023/11/28","Kaempferol; isorhamnetin; myricetin","葱属和芸苔属蔬菜和水果中、许多食用植物; 西兰花、番茄、樱桃、蓝莓、果皮、浆果、茶和红酒","Not established from this row alone","Dietary, generic botanical, or non-specific natural-product source","PMID 38948535; PMID38948535","Extract/formula/decoction contextual evidence","One unique PMID-linked reference"
"39002822","PMID39002822","Kaempferol; Luteolin","Flavonoids","Integrating UHPLC-Q-TOF-MS/MS, network pharmacology, bioinformatics and experimental validation to uncover the anti-cancer mechanisms of TiaoPi AnChang decoction in colorectal cancer.","Extract/formula/decoction contextual evidence","No","No","No","No","No","No","No","Yes","Yes","No","体内模型：CT26 肿瘤荷瘤小鼠；
体外细胞模型：CT26 和 HCT116 结肠癌细胞系；
分子互作验证：使用 MMP3 蛋白 与 Luteolin 进行直接结合实验；
基因表达分析：通过 qPCR 检测关键基因（包括 MMP3）在肿瘤组织中的 mRNA 表达水平（Fig. 9G）；
蛋白表达检测：Western Blot 检测 E-cadherin 和 N-cadherin（上皮-间质转化 EMT 相关标志物）。 | 体外：CT26（小鼠）和 HCT116（人）结直肠癌细胞
体内：小鼠结直肠癌肿瘤组织","not captured in source extraction","EMT/ECM/metastasis","Context only; preparation effects are not assigned to an isolated monomer.","2024","2024/11/15","Kaempferol; Luteolin","调脾安肠汤（TPACD）; 山奈","Source-dependent—named Chinese medicinal material or TCM preparation recorded","Constituent association is source-dependent and is not assigned to the isolated compound","PMID 39002822; PMID39002822","Extract/formula/decoction contextual evidence","One unique PMID-linked reference"
"39016938","PMID39016938","Kaempferol","Flavonoids","Chondroitin Sulfate-Modified Hydroxyapatite for Caspase-1 Activated Induced Pyroptosis through Ca Overload/ER Stress/STING/IRF3 Pathway in Colorectal Cancer.","Formulation/nanodelivery contextual evidence","No","No","No","No","Yes","No","Yes","No","No","No","体外细胞模型：CT26 细胞（小鼠结肠癌细胞系）","not captured in source extraction","Apoptosis/cell cycle; Immune microenvironment; NF-kB/STAT3/inflammation","Context only; the delivery system cannot be attributed to isolated monomer activity.","2024","2024/10/01","Kaempferol","山奈","Source-dependent—named Chinese medicinal material or TCM preparation recorded","Constituent association is source-dependent and is not assigned to the isolated compound","PMID 39016938; PMID39016938","Formulation/nanodelivery contextual evidence","One unique PMID-linked reference"
"39030594","PMID39030594","chrysophanol","Anthraquinones","Chrysophanol inhibits of colorectal cancer cell motility and energy metabolism by targeting the KITENIN/ErbB4 oncogenic complex.","Cell-only isolated monomer evidence","Yes","No","Yes","No","No","No","No","No","No","No","体外细胞实验；分子对接模拟","not captured in source extraction","PI3K/Akt/mTOR/metabolism","Direct mechanistic evidence requiring in vivo validation.","2024","2024/07/20","chrysophanol","天然","Not established from supplied source field","Generic botanical, dietary, computational, or unspecified association","PMID 39030594; PMID39030594","Purified isolated compound(s): chrysophanol","One unique PMID-linked reference"
"39068589","PMID39068589","silibinin","Flavonoids","Synthesis, Characterization, and In-Vitro Evaluation of Silibinin-loaded PEGylated Niosomal Nanoparticles: Potential Anti-Cancer Effects on SW480 Colon Cancer Cells.","Formulation/nanodelivery contextual evidence","No","No","No","No","No","No","Yes","No","No","No","细胞系：SW480 人结肠癌细胞
对照细胞：人正常细胞
实验类型：体外（in-vitro）细胞实验","not captured in source extraction","Apoptosis/cell cycle","Context only; the delivery system cannot be attributed to isolated monomer activity.","2024","2024/07/01","silibinin","牛奶蓟（milk thistle）","Not established from supplied source field","Generic botanical, dietary, computational, or unspecified association","PMID 39068589; PMID39068589","Formulation/nanodelivery contextual evidence","One unique PMID-linked reference"
"39125943","PMID39125943","sanguinarine","Alkaloids","Natural Alkaloids in Cancer Therapy: Berberine, Sanguinarine and Chelerythrine against Colorectal and Gastric Cancer.","Review/background evidence","No","No","No","No","Yes","No","No","No","No","Yes","体外和体内实验","not captured in source extraction","Apoptosis/cell cycle; EMT/ECM/metastasis; Immune microenvironment; MAPK/JNK/ERK; NF-kB/STAT3/inflammation; PI3K/Akt/mTOR/metabolism","Background synthesis only; not counted as new efficacy evidence.","2024","2024/07/31","sanguinarine","天然生物碱","No—direct Chinese materia medica association not established in supplied sources","Related natural-product evidence only","PMID 39125943; PMID39125943","Review/background evidence","One unique PMID-linked reference"
"39233923","PMID39233923","Kaempferol","Flavonoids","Molecular insights into kaempferol derivatives as potential inhibitors for CDK2 in colon cancer: pharmacophore modeling, docking, and dynamic analysis.","Network pharmacology/in silico evidence","No","No","No","No","No","No","No","No","Yes","No","概念药效团建模、分子对接和分子动力学分析","not captured in source extraction","","Hypothesis generation only unless supported by a separate direct record.","2024","2024/08/21","Kaempferol","PubChem","Not established from this row alone","Dietary, generic botanical, or non-specific natural-product source","PMID 39233923; PMID39233923","Network pharmacology/in silico evidence","One unique PMID-linked reference"
"39271360","PMID39271360","Luteolin","Flavonoids","Exploration of the mechanism of luteolin against colorectal cancer based on network pharmacology and experimental validation.","Cell-only isolated monomer evidence","Yes","No","Yes","No","No","No","No","No","Yes","No","CRC cells assessed by CCK-8 and RT-qPCR (verified in local article record)","not captured in source extraction","NF-kB/STAT3/inflammation; PI3K/Akt/mTOR/metabolism","Direct experimental component only; Luteolin was directly tested in CRC cells; network-derived target interpretation remains hypothesis-generating.","2024","2024/09/12","Luteolin","植物","Not established from this row alone","Dietary, generic botanical, or non-specific natural-product source","PMID 39271360; PMID39271360","Purified isolated compound(s): Luteolin","One unique PMID-linked reference"
"39276049","PMID39276049","sanguinarine","Alkaloids","[Sanguinarine induces ferroptosis of colorectal cancer cells by upregulating STUB1 and downregulating GPX4].","Cell-only isolated monomer evidence","Yes","No","Yes","No","No","Yes","No","No","No","No","SW620 和 HCT-116 细胞系（体外）","Sanguinarine concentration series: SW620 0-2 µmol/L; HCT-116 0-3 µmol/L","ROS/ferroptosis","Direct mechanistic evidence requiring in vivo validation.","2024","2024/08/20","sanguinarine","植物","No—direct Chinese materia medica association not established in supplied sources","Related natural-product evidence only","PMID 39276049; PMID39276049","Purified isolated compound(s): sanguinarine","One unique PMID-linked reference"
"39300917","PMID39300917","Luteolin","Flavonoids","Revisiting Luteolin Against the Mediators of Human Metastatic Colorectal Carcinoma: A Biomolecular Approach.","Cell-only isolated monomer evidence","Yes","No","Yes","No","No","No","No","No","No","No","人结直肠癌细胞系 HCT116；
细胞培养基：RPMI-1640；
含抗生素培养体系；
MTT 法检测细胞活力","not captured in source extraction","EMT/ECM/metastasis; NF-kB/STAT3/inflammation; PI3K/Akt/mTOR/metabolism; Wnt/beta-catenin/stemness","Direct mechanistic evidence requiring in vivo validation.","2025","2025/01/01","Luteolin","植物类黄酮","Not established from this row alone","Dietary, generic botanical, or non-specific natural-product source","PMID 39300917; PMID39300917","Purified isolated compound(s): Luteolin","One unique PMID-linked reference"
"39310106","PMID39310106","Honokiol","Neolignans","Honokiol enhances the sensitivity of cetuximab in KRASG13D mutant colorectal cancer through destroying SNX3-retromer complex.","Animal-validated isolated monomer evidence","Yes","Yes","No","Yes","No","No","No","No","No","No","体外：KRAS突变CRC细胞；体内：KRASG13D突变CRC动物模型","20 µM honokiol for 48 h in the initial CRC cell screen","Apoptosis/cell cycle","High-information direct preclinical evidence.","2024","2024/08/26","Honokiol","厚朴","Yes—directly traceable in supplied records","Constituent of Houpo (Magnolia officinalis)","PMID 39310106; PMID39310106","Purified isolated compound(s): Honokiol","One unique PMID-linked reference"
"39347400","PMID39347400","Kaempferol; Luteolin","Flavonoids","Shenqi Sanjie Granules induce Hmox1-mediated ferroptosis to inhibit colorectal cancer.","Extract/formula/decoction contextual evidence","No","No","No","No","No","Yes","No","Yes","No","No","体外：9 种不同的癌细胞系（包括 5 个 CRC 细胞系、1 个乳腺癌细胞系、2 个肺腺癌细胞系和 1 个宫颈癌细胞系）和小鼠 CRC 细胞系 CT26 
体内：皮下同基因小鼠模型和 AOM（嘧氧甲烷）/DSS（葡聚糖硫酸钠）诱导的原位结肠炎相关小鼠 CRC 模型","not captured in source extraction","EMT/ECM/metastasis; ROS/ferroptosis","Context only; preparation effects are not assigned to an isolated monomer.","2024","2024/09/17","Kaempferol; Luteolin","参芪三解颗粒","Source-dependent—named Chinese medicinal material or TCM preparation recorded","Constituent association is source-dependent and is not assigned to the isolated compound","PMID 39347400; PMID39347400","Extract/formula/decoction contextual evidence","One unique PMID-linked reference"
"39413615","PMID39413615","Astragaloside IV","Triterpenoid saponins","Pharmacological potential of natural medicine Astragali Radix in treating intestinal diseases.","Review/background evidence","No","No","No","No","Yes","Yes","No","No","No","Yes","LoVo 和 HCT116;CRC 临床样本;HCT116 异种移植裸鼠、LPS 诱导的 IEC6 细胞;AOM/DSS 诱导的 CAC 大鼠、CT26 细胞;携带 CT26 的小鼠","not captured in source extraction","Apoptosis/cell cycle; EMT/ECM/metastasis; Immune microenvironment; ROS/ferroptosis","Background synthesis only; not counted as new efficacy evidence.","2024","2024/11/01","Astragaloside IV","黄芪","Yes—directly traceable in supplied records","Constituent of Huangqi (Astragalus medicinal material)","PMID 39413615; PMID39413615","Review/background evidence","One unique PMID-linked reference"
"39471878","PMID39471878","Eucalyptol; Honokiol; Magnolol; Obovatol","Neolignans; Terpenoids","Effect and mechanism of Magnolia officinalis in colorectal cancer: Multi-component-multi-target approach.","Extract/formula/decoction contextual evidence","No","No","No","No","No","No","No","Yes","No","No","动物实验（体内）；HCT116 细胞和 Caco-2 细胞（体外）","not captured in source extraction","Apoptosis/cell cycle; NF-kB/STAT3/inflammation","Context only; preparation effects are not assigned to an isolated monomer.","2025","2025/02/10","Eucalyptol; Honokiol; Magnolol; Obovatol","厚朴","Yes—directly traceable in supplied records","Constituent of Houpo (Magnolia officinalis)","PMID 39471878; PMID39471878","Extract/formula/decoction contextual evidence","One unique PMID-linked reference"
"39590517","PMID39590517","syringic acid","Phenolic acids","Effect of In Vitro Digestion on Anticancer and Antioxidant Activity of Phenolic Extracts From Latex of Fig Fruit (Ficus carica L.).","Extract/formula/decoction contextual evidence","No","No","No","No","No","Yes","No","Yes","No","No","体外细胞模型
宫颈癌细胞系
结直肠癌细胞系","not captured in source extraction","ROS/ferroptosis","Context only; preparation effects are not assigned to an isolated monomer.","2025","2025/04/01","syringic acid","白黑无花果乳胶","Not established from supplied source field","Generic botanical, dietary, computational, or unspecified association","PMID 39590517; PMID39590517","Extract/formula/decoction contextual evidence","One unique PMID-linked reference"
"39731415","PMID39731415","Formononetin; Hederagenin; Kaempferol; Luteolin; Stigmasterol","Flavonoids; Phytosterols; Triterpenoids","Integrating UPLC-MS/MS Bioinformatics and In Vivo Experiments Validation to Elucidate the Mechanism of Wenzi Jiedu Decoction in Suppressing Colorectal Cancer.","Extract/formula/decoction contextual evidence","No","No","No","No","Yes","No","No","Yes","Yes","No","分子对接和动物实验 | 体内动物模型：结直肠癌荷瘤小鼠","not captured in source extraction","Apoptosis/cell cycle; Immune microenvironment; NF-kB/STAT3/inflammation; PI3K/Akt/mTOR/metabolism","Context only; preparation effects are not assigned to an isolated monomer.","2025","2025/06/01","Formononetin; Hederagenin; Kaempferol; Luteolin; Stigmasterol","wenzi jiedu decoction; Wenzi Jiedu Decoction (WJD); 黄芪、三棱、莪术（这个翻译的问题要问一下老师）","Source-dependent—named Chinese medicinal material or TCM preparation recorded","Constituent association is source-dependent and is not assigned to the isolated compound","PMID 39731415; PMID39731415","Extract/formula/decoction contextual evidence","One unique PMID-linked reference"
"39914966","PMID39914966","Tanshinone IIA","Diterpenoid quinones","Tanshinone IIA@beta-cyclodextrin encapsulated with Eucommia ulmoides rubber/acetylated starch film as novel oral delivery system for therapy of orthotopic colon cancer.","Formulation/nanodelivery contextual evidence","No","No","No","No","No","No","Yes","No","No","No","1. 体内模型：小鼠原位结肠癌模型
2. 体外模型：药物释放实验：在模拟胃液（SGF）和模拟肠液（SIF）中测定释放行为","20.0%; 34.6%","Wnt/beta-catenin/stemness","Context only; the delivery system cannot be attributed to isolated monomer activity.","2025","2025/04/01","Tanshinone IIA","丹参","Yes—directly traceable in supplied records","Constituent of Danshen (Salvia miltiorrhiza)","PMID 39914966; PMID39914966","Formulation/nanodelivery contextual evidence","One unique PMID-linked reference"
"39929402","PMID39929402","Kaempferol","Flavonoids","In silico and animal studies on the anti-cancer mechanisms of Shaoyao Decoction against colitis-associated colorectal cancer.","Extract/formula/decoction contextual evidence","No","No","No","No","No","No","No","Yes","Yes","No","动物模型：AOM/DSS 诱导的结肠炎相关结直肠癌（CAC）小鼠模型","not captured in source extraction","Apoptosis/cell cycle","Context only; preparation effects are not assigned to an isolated monomer.","2025","2025/04/09","Kaempferol","芍药汤","Source-dependent—named Chinese medicinal material or TCM preparation recorded","Constituent association is source-dependent and is not assigned to the isolated compound","PMID 39929402; PMID39929402","Extract/formula/decoction contextual evidence","One unique PMID-linked reference"
"39950759","PMID39950759","Honokiol; Magnolol","Neolignans","Honokiol-Magnolol-Baicalin Possesses Synergistic Anticancer Potential and Enhances the Efficacy of Anti-PD-1 Immunotherapy in Colorectal Cancer by Triggering GSDME-Dependent Pyroptosis.","Extract/formula/decoction contextual evidence","No","No","No","Yes","Yes","No","No","Yes","No","No","体外和体内实验","not captured in source extraction","Immune microenvironment","Context only; preparation effects are not assigned to an isolated monomer.","2025","2025/04/01","Honokiol; Magnolol","黄芩厚朴汤","Yes—directly traceable in supplied records","Constituent of Houpo (Magnolia officinalis)","PMID 39950759; PMID39950759","Extract/formula/decoction contextual evidence","One unique PMID-linked reference"
"39987121","PMID39987121","macrocarpal I","Meroterpenoids","Macrocarpal I induces immunogenic cell death and synergizes with immune checkpoint inhibition by targeting tubulin and PARP1 in colorectal cancer.","Animal-validated isolated monomer evidence","Yes","Yes","No","Yes","Yes","Yes","No","No","No","No","MC38 同基因型小鼠结直肠癌模型","not captured in source extraction","Immune microenvironment; MAPK/JNK/ERK; ROS/ferroptosis","Direct isolated-monomer experiment with animal evidence verified from the local article record.","2025","2025/02/22","macrocarpal I","天然化合物","No—direct Chinese materia medica association not established in supplied sources","Related natural-product evidence only","PMID 39987121; PMID39987121","Purified isolated compound(s): macrocarpal I","One unique PMID-linked reference"
"39996847","PMID39996847","Luteolin","Flavonoids","Luteolin in Inflammatory Bowel Disease and Colorectal Cancer: A Disease Continuum Perspective.","Review/background evidence","No","No","No","No","Yes","Yes","No","No","No","Yes","not reported","not captured in source extraction","Apoptosis/cell cycle; EMT/ECM/metastasis; Immune microenvironment; NF-kB/STAT3/inflammation; ROS/ferroptosis","Background synthesis only; not counted as new efficacy evidence.","2025","2025/02/14","Luteolin","金银花、芹菜、胡椒、西兰花、胡萝卜、黄芪和当归","Source-dependent—named Chinese medicinal material or TCM preparation recorded","Constituent association is source-dependent and is not assigned to the isolated compound","PMID 39996847; PMID39996847","Review/background evidence","One unique PMID-linked reference"
"40065054","PMID40065054","Astragaloside IV","Triterpenoid saponins","Investigating the PI3K/AKT/mTOR axis in Buzhong Yiqi Decoction's anti-colorectal cancer activity.","Extract/formula/decoction contextual evidence","No","No","No","No","Yes","No","No","Yes","No","No","体外实验模型","not captured in source extraction","Immune microenvironment; PI3K/Akt/mTOR/metabolism","Context only; preparation effects are not assigned to an isolated monomer.","2025","2025/03/10","Astragaloside IV","补中益气汤","Yes—directly traceable in supplied records","Constituent of Huangqi (Astragalus medicinal material)","PMID 40065054; PMID40065054","Extract/formula/decoction contextual evidence","One unique PMID-linked reference"
"40065477","PMID40065477","Kaempferol; Luteolin; isorhamnetin","Flavonoids","Network pharmacological approach combined with weighted gene co-expression network analysis identifies CDKN2A as the keg target of Changweiqing against colorectal cancer.","Network pharmacology/in silico evidence","No","No","No","No","No","No","No","No","Yes","No","生物信息学分析（WGCNA、PPI、分子对接）、公共数据库（TCGA、UALCAN等） | 计算模型：基于 TCMSP、SwissTargetPrediction、TCGA 等数据库的网络药理学与 WGCNA 分析","not captured in source extraction","Apoptosis/cell cycle; MAPK/JNK/ERK","Hypothesis generation only unless supported by a separate direct record.","2025","2025/03/10","Kaempferol; Luteolin; isorhamnetin","肠胃清Changweiqing (CWQ)","Not established from this row alone","Dietary, generic botanical, or non-specific natural-product source","PMID 40065477; PMID40065477","Network pharmacology/in silico evidence","One unique PMID-linked reference"
"40091822","PMID40091822","Kaempferol","Flavonoids","Kaempferol Induces DNA Damage in Colorectal Cancer Cells by Regulating the MiR-195/miR-497-PFKFB4-Mediated Nonoxidative Pentose Phosphate Pathway.","Cell-only isolated monomer evidence","Yes","No","Yes","No","No","Yes","No","No","No","No","结肠癌细胞","not captured in source extraction","Apoptosis/cell cycle; MAPK/JNK/ERK; PI3K/Akt/mTOR/metabolism; ROS/ferroptosis","Direct mechanistic evidence requiring in vivo validation.","2025","2025/04/09","Kaempferol","蔬菜、水果和中药材","Source-dependent—named Chinese medicinal material or TCM preparation recorded","Constituent association is source-dependent and is not assigned to the isolated compound","PMID 40091822; PMID40091822","Purified isolated compound(s): Kaempferol","One unique PMID-linked reference"
"40149916","PMID40149916","Astragaloside IV; caffeic acid; sanguinarine","Alkaloids; Phenolic acids; Triterpenoid saponins","Interplay Between Traditional and Scientific Knowledge: Phytoconstituents and Their Roles in Lung and Colorectal Cancer Signaling Pathways.","Review/background evidence","No","No","No","No","No","No","No","No","No","Yes","体外实验","not captured in source extraction","Apoptosis/cell cycle; EMT/ECM/metastasis; MAPK/JNK/ERK; PI3K/Akt/mTOR/metabolism; Wnt/beta-catenin/stemness","Background synthesis only; not counted as new efficacy evidence.","2025","2025/03/05","Astragaloside IV; caffeic acid; sanguinarine","Echinacea purpurea; Sanguinaria canadensis（北美血根草）; 黄芪","No—direct Chinese materia medica association not established in supplied sources","Related natural-product evidence only","PMID 40149916; PMID40149916","Review/background evidence","One unique PMID-linked reference"
"40184790","PMID40184790","Formononetin","Flavonoids","Formononetin prevents intestinal injury caused by radiotherapy in colorectal cancer mice via the Keap1-Nrf2 signaling pathway.","Animal-validated isolated monomer evidence","Yes","Yes","No","No","No","Yes","No","No","No","No","BABL/C 小鼠用 CT26 细胞构建结直肠癌模型","not captured in source extraction","Apoptosis/cell cycle; ROS/ferroptosis","Direct isolated-monomer experiment with animal evidence verified from the local article record.","2025","2025/05/01","Formononetin","多种植物物种","Not established from supplied source field","Generic botanical, dietary, computational, or unspecified association","PMID 40184790; PMID40184790","Purified isolated compound(s): Formononetin","One unique PMID-linked reference"
"40242441","PMID40242441","silibinin","Flavonoids","Therapeutic potential and mechanistic insights of silibinin targeting cancer-associated fibroblasts in colorectal cancer.","Animal-validated isolated monomer evidence","Yes","Yes","No","No","No","No","No","No","No","No","AOM/DSS 小鼠模型 + CCD-18Co/SW480/RKO 细胞共培养","not captured in source extraction","EMT/ECM/metastasis","Direct isolated-monomer experiment with animal evidence verified from the local article record.","2025","2025/04/02","silibinin","水飞蓟","Not established from supplied source field","Generic botanical, dietary, computational, or unspecified association","PMID 40242441; PMID40242441","Purified isolated compound(s): silibinin","One unique PMID-linked reference"
"40255473","PMID40255473","Tanshinone IIA","Diterpenoid quinones","Network Pharmacology, Molecular Docking, and in vitro Experiments Reveal the Role and Mechanism of Tanshinone IIA in Colorectal Cancer Treatment Through the PI3K/AKT Pathway.","Cell-only isolated monomer evidence","Yes","No","Yes","No","No","No","No","No","Yes","No","HCT116 和 SW480 结直肠癌细胞系（体外）","not captured in source extraction","Apoptosis/cell cycle; EMT/ECM/metastasis; PI3K/Akt/mTOR/metabolism","Direct experimental component only; Tanshinone IIA was directly tested in HCT116 and SW480 cells with pathway-agonist reversal; network/docking components remain hypothesis-generating.","2025","2025/04/16","Tanshinone IIA","丹参","Yes—directly traceable in supplied records","Constituent of Danshen (Salvia miltiorrhiza)","PMID 40255473; PMID40255473","Purified isolated compound(s): Tanshinone IIA","One unique PMID-linked reference"
"40308773","PMID40308773","myricetin","Flavonoids","The Wnt/beta-catenin signaling pathway in colorectal cancer: mechanism and intervention of traditional Chinese medicine and chemical compound.","Review/background evidence","No","No","No","No","No","No","No","No","No","Yes","CRC 细胞系及动物模型","not captured in source extraction","EMT/ECM/metastasis; Wnt/beta-catenin/stemness","Background synthesis only; not counted as new efficacy evidence.","2025","2025/04/10","myricetin","杨梅果实","Not established from supplied source field","Generic botanical, dietary, computational, or unspecified association","PMID 40308773; PMID40308773","Review/background evidence","One unique PMID-linked reference"
"40318528","PMID40318528","Formononetin","Flavonoids","Formononetin suppresses colitis-associated colon cancer by targeting lipid synthesis and mTORC2/Akt signaling.","Animal-validated isolated monomer evidence","Yes","Yes","No","No","Yes","No","No","No","No","No","小鼠巨噬细胞 RAW264.7
小鼠结肠癌细胞 CT-26
人结肠癌细胞 HCT116","not captured in source extraction","Apoptosis/cell cycle; Immune microenvironment; MAPK/JNK/ERK; NF-kB/STAT3/inflammation; PI3K/Akt/mTOR/metabolism","Direct isolated-monomer experiment with animal evidence verified from the local article record.","2025","2025/07/01","Formononetin","Legumes and clovers, including Trifolium pratense, Cicer arietinum, Glycine max, Sophora flavescens, and Astragalus membranaceus (background source list)","Natural-occurrence association only; tested formononetin was commercially supplied","The article lists plant sources in the background; formononetin (purity >=98%) was purchased from Nanjing Yuanzhi Biotechnology.","PMID 40318528; PMID40318528","Purified isolated compound(s): Formononetin","One unique PMID-linked reference"
"40324811","PMID40324811","Kaempferol; Luteolin","Flavonoids","Exploring the Anticancer Effects of Xianliu Jieduan Fang on Colitis-Associated Colorectal Cancer Through Network Pharmacology and Experimental Validation.","Network pharmacology/in silico evidence","No","No","No","No","No","No","No","No","Yes","No","AOM/DSS 诱导的 CAC 小鼠模型 | 体内模型：AOM/DSS 诱导的结肠炎相关结直肠癌（CAC）","not captured in source extraction","Apoptosis/cell cycle; EMT/ECM/metastasis; PI3K/Akt/mTOR/metabolism; Wnt/beta-catenin/stemness","Hypothesis generation only unless supported by a separate direct record.","2025","2025/06/01","Kaempferol; Luteolin","Xianliu Jieduan Fang; 仙流阶段方Xianliu Jieduan Fang (XLJDF)","Source-dependent—named Chinese medicinal material or TCM preparation recorded","Constituent association is source-dependent and is not assigned to the isolated compound","PMID 40324811; PMID40324811","Network pharmacology/in silico evidence","One unique PMID-linked reference"
"40403808","PMID40403808","ellagic acid","Polyphenols","A functionalized lignin dual network nanoplatform for enhanced cancer therapy by triggering reactive oxygen species self-circulation.","Formulation/nanodelivery contextual evidence","No","No","No","No","No","Yes","Yes","No","No","No","体外细胞实验和体内小鼠模型，研究对象为结肠癌","not captured in source extraction","Apoptosis/cell cycle; ROS/ferroptosis","Context only; the delivery system cannot be attributed to isolated monomer activity.","2025","2025/06/01","ellagic acid","not reported","Not established from supplied source field","Generic botanical, dietary, computational, or unspecified association","PMID 40403808; PMID40403808","Formulation/nanodelivery contextual evidence","One unique PMID-linked reference"
"40469706","PMID40469706","rhein","Anthraquinones","Rhein-induced apoptosis in colorectal cancer cell lines: A mechanistic study of the myeloid differentiation primary response gene 88/toll-like receptor 4/nuclear factor kappa-B signaling pathway.","Cell-only isolated monomer evidence","Yes","No","Yes","No","No","No","No","No","No","No","体外细胞模型
1 HT-29 人结直肠癌细胞系 批号 CL-0118
2 SW480 人结直肠癌细胞系 批号 CL-0223B","Rhein 10, 20, and 50 µM in HT-29 and SW480 cells","Apoptosis/cell cycle; EMT/ECM/metastasis; NF-kB/STAT3/inflammation","Direct mechanistic evidence requiring in vivo validation.","2025","2025/04/01","rhein","大黄","Not established from supplied source field","Generic botanical, dietary, computational, or unspecified association","PMID 40469706; PMID40469706","Purified isolated compound(s): rhein","One unique PMID-linked reference"
"40488304","PMID40488304","Kaempferol; Luteolin; Tanshinone IIA","Diterpenoid quinones; Flavonoids","Herbal Medicine for Colorectal Cancer Treatment: Molecular Mechanisms and Clinical Applications.","Review/background evidence","No","No","No","No","No","Yes","No","No","No","Yes","引用
细胞系：HCT116、HT-29、SW480 等人结直肠癌细胞
动物模型：裸鼠异种移植瘤模型 | 人结肠癌细胞 | 人结直肠癌细胞系","not captured in source extraction","Apoptosis/cell cycle; EMT/ECM/metastasis; MAPK/JNK/ERK; NF-kB/STAT3/inflammation; PI3K/Akt/mTOR/metabolism; ROS/ferroptosis","Background synthesis only; not counted as new efficacy evidence.","2025","2025/10/01","Kaempferol; Luteolin; Tanshinone IIA","丹参; 植物药物","Yes—directly traceable in supplied records","Constituent of Danshen (Salvia miltiorrhiza)","PMID 40488304; PMID40488304","Review/background evidence","One unique PMID-linked reference"
"40603959","PMID40603959","Stigmasterol","Phytosterols","The mechanism of Shancigu and its monomer in the development of colorectal cancer based on network pharmacology.","Extract/formula/decoction contextual evidence","No","No","No","No","No","No","No","Yes","Yes","No","人结直肠癌细胞系：HCT116 和 Caco-2
、CRC 类器官","not captured in source extraction","Apoptosis/cell cycle; EMT/ECM/metastasis","Context only; preparation effects are not assigned to an isolated monomer.","2025","2025/07/02","Stigmasterol","山慈菇Shancigu","Not established from supplied source field","Generic botanical, dietary, computational, or unspecified association","PMID 40603959; PMID40603959","Extract/formula/decoction contextual evidence","One unique PMID-linked reference"
"40618168","PMID40618168","Tanshinone IIA","Diterpenoid quinones","Tanshinone IIA induces ferroptosis in colorectal cancer cells through the suppression of SLC7A11 expression via the PI3K/AKT/mTOR pathway.","Animal-validated isolated monomer evidence","Yes","Yes","No","No","No","Yes","No","No","No","No","体外模型：人结直肠癌细胞系 OUMS23 细胞
体内模型：结直肠癌皮下移植瘤小鼠模型","not captured in source extraction","Apoptosis/cell cycle; PI3K/Akt/mTOR/metabolism; ROS/ferroptosis","High-information direct preclinical evidence.","2025","2025/07/05","Tanshinone IIA","丹参","Yes—directly traceable in supplied records","Constituent of Danshen (Salvia miltiorrhiza)","PMID 40618168; PMID40618168","Purified isolated compound(s): Tanshinone IIA","One unique PMID-linked reference"
"40627904","PMID40627904","caffeic acid","Phenolic acids","Caffeic acid and 5-caffeoylquinic acid inhibit HT-29 colorectal cancer cell growth through immunotherapy by inducing the Bax/Bcl-2 apoptotic pathway in vitro.","Cell-only isolated monomer evidence","Yes","No","Yes","No","Yes","No","No","No","No","No","人结直肠癌 HT-29 细胞系","not captured in source extraction","Apoptosis/cell cycle; Immune microenvironment","Direct mechanistic evidence requiring in vivo validation.","2025","2025/08/01","caffeic acid","羟基肉桂酸","Not established from supplied source field","Generic botanical, dietary, computational, or unspecified association","PMID 40627904; PMID40627904","Purified isolated compound(s): caffeic acid","One unique PMID-linked reference"
"40649986","PMID40649986","isorhamnetin","Flavonoids","Isorhamnetin Modulates Drug-Resistance-Related Biomarkers in Colon Cancer Cells.","Cell-only isolated monomer evidence","Yes","No","Yes","No","No","No","No","No","No","No","人结肠癌细胞 SW-480、HT-29；正常细胞 HaCaT","not captured in source extraction","Apoptosis/cell cycle","Direct mechanistic evidence requiring in vivo validation.","2025","2025/06/27","isorhamnetin","植物","Not established from supplied source field","Generic botanical, dietary, computational, or unspecified association","PMID 40649986; PMID40649986","Purified isolated compound(s): isorhamnetin","One unique PMID-linked reference"
"40712877","PMID40712877","silibinin","Flavonoids","Enhanced antimicrobial and anticancer activities of zein protein-agarose@Au composite hydrogel for controlled release of silibinin in colon cancer therapy.","Formulation/nanodelivery contextual evidence","No","No","No","No","No","Yes","Yes","No","No","No","体外细胞模型 和 抗菌功能测试模型","not captured in source extraction","ROS/ferroptosis","Context only; the delivery system cannot be attributed to isolated monomer activity.","2025","2025/09/01","silibinin","水飞蓟（Silybum marianum）种子提取物","Not established from supplied source field","Generic botanical, dietary, computational, or unspecified association","PMID 40712877; PMID40712877","Formulation/nanodelivery contextual evidence","One unique PMID-linked reference"
"40812220","PMID40812220","Luteolin","Flavonoids","Luteolin Induces GPX4-dependent Ferroptosis and Enhances Immune Activation in Colon Cancer.","Animal-validated isolated monomer evidence","Yes","Yes","No","No","Yes","Yes","No","No","No","No","Colon cancer cells and MC38 syngeneic mouse model (verified in local PDF)","not captured in source extraction","Immune microenvironment; ROS/ferroptosis","High-information direct preclinical evidence.","2025","2025/10/01","Luteolin","各种草药植物","Not established from this row alone","Dietary, generic botanical, or non-specific natural-product source","PMID 40812220; PMID40812220","Purified isolated compound(s): Luteolin","One unique PMID-linked reference"
"40873588","PMID40873588","Astragaloside IV","Triterpenoid saponins","Tumor-associated macrophages in colon cancer immunotherapy: mechanisms, natural product interventions, and microenvironment remodeling.","Review/background evidence","No","No","No","No","Yes","No","No","No","No","Yes","1 体外细胞实验 如巨噬细胞系与结肠癌细胞共培养
2 动物模型 如小鼠结肠癌移植瘤或自发模型
3 肿瘤微环境研究 涉及免疫细胞 功能调控","not captured in source extraction","Immune microenvironment; NF-kB/STAT3/inflammation","Background synthesis only; not counted as new efficacy evidence.","2025","2025/08/12","Astragaloside IV","植物","Yes—directly traceable in supplied records","Constituent of Huangqi (Astragalus medicinal material)","PMID 40873588; PMID40873588","Review/background evidence","One unique PMID-linked reference"
"40889204","PMID40889204","beta-sitosterol","Phytosterols","beta-Sitosterol as an Anti-Tumour Active Component of Herba Sarcandrae Inhibits Colorectal Cancer Progression Through Up-Regulation of TBX20.","Animal-validated isolated monomer evidence","Yes","Yes","No","Yes","No","No","No","No","No","No","体外模型：人结直肠癌细胞系
体内模型：结直肠癌异种移植瘤小鼠模型","not captured in source extraction","Apoptosis/cell cycle","High-information direct preclinical evidence.","2025","2025/09/01","beta-sitosterol","中药肿节风（Herba Sarcandrae, HS）","Not established from supplied source field","Generic botanical, dietary, computational, or unspecified association","PMID 40889204; PMID40889204","Purified isolated compound(s): beta-sitosterol","One unique PMID-linked reference"
"40940406","PMID40940406","Pachymic acid","Triterpenoids","Honeybee associated Aspergillus niger AW17 as a source of selective anticancer compounds with cytotoxicity evaluation in human cancer cell lines.","Extract/formula/decoction contextual evidence","No","No","No","No","No","No","No","Yes","No","No","结直肠 （Caco-2）、肝脏 （HepG2）、乳腺癌 （MCF-7） 和肺癌细胞系 （A549） 癌细胞系","not captured in source extraction","Apoptosis/cell cycle","Context only; The tested material was an Aspergillus niger extract containing pachymic acid, not isolated pachymic acid.","2025","2025/09/12","Pachymic acid","蜜蜂中分离出来的Aspergillus niger AW17","Not established from supplied source field","Generic botanical, dietary, computational, or unspecified association","PMID 40940406; PMID40940406","Extract/formula/decoction contextual evidence","One unique PMID-linked reference"
"40959291","PMID40959291","Kaempferol","Flavonoids","O-GlcNAcylated Hsp47 as a predictive biomarker in colorectal cancer: Kaempferol targets OGT-collagen axis for therapeutic intervention.","Cell-only isolated monomer evidence","Yes","No","Yes","No","No","No","No","No","No","No","分子水平模型：重组 OGT 蛋白、体外结合实验（SIP、CETSA）、分子对接与分子动力学模拟","not captured in source extraction","EMT/ECM/metastasis","Direct mechanistic evidence requiring in vivo validation.","2025","2025/08/30","Kaempferol","天然黄酮类化合物","Not established from this row alone","Dietary, generic botanical, or non-specific natural-product source","PMID 40959291; PMID40959291","Purified isolated compound(s): Kaempferol","One unique PMID-linked reference"
"40968164","PMID40968164","Kaempferol","Flavonoids","Anti-inflammatory and cytotoxic assessment of flavonoids isolated from Viola odorata flowers with computer-guided docking study.","Derivative/metabolite contextual evidence","No","No","No","No","No","Yes","No","No","No","No","体外细胞模型：
人结直肠癌细胞系 HCT116","not captured in source extraction","Apoptosis/cell cycle; EMT/ECM/metastasis; MAPK/JNK/ERK; NF-kB/STAT3/inflammation; PI3K/Akt/mTOR/metabolism; ROS/ferroptosis","Context only; The isolated test compound mapped to kaempferol was kaempferol 3-O-rutinoside, not kaempferol aglycone.","2025","2025/09/18","Kaempferol","Rosa hybrida（杂交玫瑰）的可食用乙醇提取物（EERH）","Not established from this row alone","Dietary, generic botanical, or non-specific natural-product source","PMID 40968164; PMID40968164","Derivative/metabolite contextual evidence","One unique PMID-linked reference"
"41009803","PMID41009803","amygdalin","Cyanogenic glycosides","Preparation of a Micronutrient-Enriched Apricot Kernel Oil and Assessment of In Vitro Chemopreventive Properties.","Extract/formula/decoction contextual evidence","No","No","No","No","No","No","No","Yes","No","No","LoVo、HT29（结直肠癌）、Hep3B（肝癌）细胞系，体外模型","0.06–0.09 mg/mL","Apoptosis/cell cycle; EMT/ECM/metastasis","Context only; preparation effects are not assigned to an isolated monomer.","2025","2025/09/22","amygdalin","杏仁","Not established from supplied source field","Generic botanical, dietary, computational, or unspecified association","PMID 41009803; PMID41009803","Extract/formula/decoction contextual evidence","One unique PMID-linked reference"
"41045501","PMID41045501","Kaempferol","Flavonoids","Endoplasmic Reticulum Stress-Mediated Apoptosis Induced by Kaempferol in Colorectal Cancer Cells.","Cell-only isolated monomer evidence","Yes","No","Yes","No","No","No","No","No","No","No","DLD-1（结直肠癌）、A549（肺癌）、HUH-7（肝癌）、HeLa（宫颈癌）和 NCI-h295R（肾上腺癌），以及健康的上皮细胞系 CCD-18Co","not captured in source extraction","Apoptosis/cell cycle","Direct mechanistic evidence requiring in vivo validation.","2025","2025/12/01","Kaempferol","天然膳食","Not established from this row alone","Dietary, generic botanical, or non-specific natural-product source","PMID 41045501; PMID41045501","Purified isolated compound(s): Kaempferol","One unique PMID-linked reference"
"41051621","PMID41051621","Tanshinone IIA","Diterpenoid quinones","Targeting Skp2 by Tanshinone IIA overcomes chemoresistance in colorectal cancer.","Animal-validated isolated monomer evidence","Yes","Yes","No","Yes","No","No","No","No","No","No","体外模型：正常人结肠上皮细胞 FHC
结直肠癌细胞系：HCT116、HT29、SW620
5-Fu耐药细胞系：HCT116R、HT29R
体内模型：
裸鼠异种移植瘤模型","Tanshinone IIA 5 mg/kg every 2 days intraperitoneally in xenograft mice","Apoptosis/cell cycle; PI3K/Akt/mTOR/metabolism","High-information direct preclinical evidence.","2025","2025/10/06","Tanshinone IIA","丹参","Yes—directly traceable in supplied records","Constituent of Danshen (Salvia miltiorrhiza)","PMID 41051621; PMID41051621","Purified isolated compound(s): Tanshinone IIA","One unique PMID-linked reference"
