"Monomer","Class","Source","Model","Model type","Dose/concentration/administration","Pathway/target (source extraction)","Phenotype/result (source extraction)","In vivo evidence","Safety/toxicity","Clinical evidence","Evidence level","Mechanism module tags","PMID","BibTeX key","Local PDF","Bibliographic title","Inclusion status","Publication year","PubMed publication date","Compound name","Source medicinal material","TCM or Chinese materia medica association","Type of association","Supporting reference","Material actually tested","Counting unit"
"Glabridin","Flavonoids","光果甘草","UC/CAC小鼠模型（体内实验）","In vivo","not captured in source extraction","ECM、焦点粘附、IBD、化学致癌物受体、STAT3/MMP1/MMP3轴","抑制炎症、ECM降解、EMT、中性粒细胞迁移","yes","not reported","not reported","Contextual mixture/formulation evidence","NF-kB/STAT3/inflammation; EMT/ECM/metastasis","38805906","PMID38805906","Glabridin\1-38805906-The Glabridin from Huangqin Decoctio Source Int Immunopharmacol SO 2024.pdf","The Glabridin from Huangqin Decoction Prevents the Development of Ulcerative Colitis into Colitis-Associated Colorectal Cancer by Modulating MMP1/MMP3 Activity.","Included","2024","2024/06/30","Glabridin","光果甘草","Potentially traceable—named Chinese medicinal material recorded","Named medicinal material in source extraction; author verification required","PMID 38805906; PMID38805906","Extract/formula/decoction contextual evidence","Row-level annotation; deduplicate by PMID for final reference-level counts"
"Glabridin","Flavonoids","光果甘草","not reported","Not specified","not captured in source extraction","not reported","not reported","not captured","not reported","not reported","Excluded: insufficient extractable evidence","Apoptosis/cell cycle; EMT/ECM/metastasis","36644579","PMID36644579","Glabridin\2-36644579-Investigation of the Effects of Glab Source Oxid Med Cell Longev SO 2023.pdf","Investigation of the Effects of Glabridin on the Proliferation, Apoptosis, and Migration of the Human Colon Cancer Cell Lines SW480 and SW620 and Its Mechanism Based on Reverse Virtual Screening and Proteomics.","Excluded: insufficient extractable evidence","2023","2023/01/05","Glabridin","光果甘草","Potentially traceable—named Chinese medicinal material recorded","Named medicinal material in source extraction; author verification required","PMID 36644579; PMID36644579","Not assessed for final attribution (excluded record)","Row-level annotation; deduplicate by PMID for final reference-level counts"
"Glabridin","Flavonoids","甘草","not reported","Not specified","not captured in source extraction","not reported","抑制炎症、减少癌前病变、阻断I-D-C进程、抗CRC","not captured","not reported","not reported","Excluded: insufficient extractable evidence","NF-kB/STAT3/inflammation","39842555","PMID39842555","Glabridin\3-39842555-Potential of Glycyrrhiza in the prev Source Fitoterapia SO 2025 (1).pdf","Potential of Glycyrrhiza in the prevention of colitis-associated colon cancer.","Excluded: insufficient extractable evidence","2025","2025/03/01","Glabridin","甘草","Potentially traceable—named Chinese medicinal material recorded","Named medicinal material in source extraction; author verification required","PMID 39842555; PMID39842555","Not assessed for final attribution (excluded record)","Row-level annotation; deduplicate by PMID for final reference-level counts"
"Luteolin","Flavonoids","芪芩胡菖方","计算机模拟（分子对接）","Network/in silico","not captured in source extraction","JNK (P383ELJ)、PTGS2 (1R3C)","抑制炎症、抗血管生成、诱导凋亡","not captured","not reported","not reported","Contextual mixture/formulation evidence","Apoptosis/cell cycle; NF-kB/STAT3/inflammation; MAPK/JNK/ERK","37852337","PMID37852337","Kaempferol\48-37852337-A network pharmacology approach and Source J Ethnopharmacol SO 2023.pdf","A network pharmacology approach and experimental validation to investigate the anticancer mechanism of Qi-Qin-Hu-Chang formula against colitis-associated colorectal cancer through induction of apoptosis via JNK/p38 MAPK signaling pathway.","Included","2024","2024/01/30","Luteolin","芪芩胡菖方","Source-dependent—named Chinese medicinal material or TCM preparation recorded","Requires source-level constituent verification for the specific record","PMID 37852337; PMID37852337","Extract/formula/decoction contextual evidence","Row-level annotation; deduplicate by PMID for final reference-level counts"
"Luteolin","Flavonoids","金银花、芹菜、胡椒、西兰花、胡萝卜、黄芪和当归","not reported","Not specified","not captured in source extraction","调节免疫细胞分化、减轻炎症和氧化应激、调节肠道菌群以及恢复肠粘膜屏障功能的分子机制和信号通路","抑制癌细胞增殖、诱导细胞凋亡以及抑制细胞迁移和侵袭","not captured","not reported","not reported","Contextual review-only","Apoptosis/cell cycle; NF-kB/STAT3/inflammation; ROS/ferroptosis; EMT/ECM/metastasis; Immune microenvironment","39996847","PMID39996847","Luteolin\5-39996847-luteolin in inflammatory bowel diseaso 2025.pdf","Luteolin in Inflammatory Bowel Disease and Colorectal Cancer: A Disease Continuum Perspective.","Included","2025","2025/02/14","Luteolin","金银花、芹菜、胡椒、西兰花、胡萝卜、黄芪和当归","Source-dependent—named Chinese medicinal material or TCM preparation recorded","Requires source-level constituent verification for the specific record","PMID 39996847; PMID39996847","Review/background evidence","Row-level annotation; deduplicate by PMID for final reference-level counts"
"Luteolin","Flavonoids","橄榄油、草药（鼠尾草、百里香、迷迭香）和其他食物（扁豆、开心果、橄榄、朝鲜蓟）","HCT116、HT-29、T84 三种人结直肠癌细胞系","In vitro","not captured in source extraction","减少 TNF-α、IL-1、IL-6 以及 NO 和 IL-1β 表达","抗伤害和吗啡增强作用","not captured","not reported","not reported","Level 3: cell-based mechanistic evidence","not assigned","34649363","PMID34649363","Luteolin\6-34649363-ntiproliferative and palliative activity of.pdf","Antiproliferative and palliative activity of flavonoids in colorectal cancer.","Included","2021","2021/11/01","Luteolin","橄榄油、草药（鼠尾草、百里香、迷迭香）和其他食物（扁豆、开心果、橄榄、朝鲜蓟）","Not established from this row alone","Dietary, generic botanical, or non-specific natural-product source","PMID 34649363; PMID34649363","Purified isolated compound: Luteolin","Row-level annotation; deduplicate by PMID for final reference-level counts"
"Luteolin","Flavonoids","胡萝卜、辣椒、芹菜、橄榄油、薄荷、百里香和迷迭香","HCT116结直肠癌细胞","In vitro","not captured in source extraction","not reported","降低 HCT116 细胞活力；
与顺铂联用在多数剂量组合下呈现协同抗肿瘤效应","not captured","not reported","not reported","Level 3: cell-based mechanistic evidence","Apoptosis/cell cycle","36652047","PMID36652047","Luteolin\7-36652047-the determination of cisplatin and l source j fluoresc so 2023.pdf","The Determination of Cisplatin and Luteolin Synergistic Effect on Colorectal Cancer Cell Apoptosis and Mitochondrial Dysfunction by Fluorescence Labelling.","Included","2023","2023/05/01","Luteolin","胡萝卜、辣椒、芹菜、橄榄油、薄荷、百里香和迷迭香","Not established from this row alone","Dietary, generic botanical, or non-specific natural-product source","PMID 36652047; PMID36652047","Purified isolated compound: Luteolin","Row-level annotation; deduplicate by PMID for final reference-level counts"
"Luteolin","Flavonoids","药用植物","not reported","Not specified","not captured in source extraction","not reported","抑制增殖、诱导凋亡","not captured","not reported","not reported","Contextual review-only","Apoptosis/cell cycle","35820317","PMID35820317","Kaempferol\52-35820317-Plant derived bioactive compounds in Source Biomed Pharmacother SO 2022 (1).pdf","Plant-derived bioactive compounds in colon cancer treatment: An updated review.","Included","2022","2022/09/01","Luteolin","药用植物","Not established from this row alone","Dietary, generic botanical, or non-specific natural-product source","PMID 35820317; PMID35820317","Review/background evidence","Row-level annotation; deduplicate by PMID for final reference-level counts"
"Luteolin","Flavonoids","蔬菜和水果","AOM+DSS诱导的大鼠结直肠癌模型，40只分4组，ip给药","In vivo","not captured in source extraction","not reported","调节肠道微生物群和减少肿瘤数量","yes","not reported","not reported","Level 2: in vivo evidence","not assigned","38674851","PMID38674851","Luteolin\9-38674851-antitumor effect and gut microbiota.pdf","Antitumor Effect and Gut Microbiota Modulation by Quercetin, Luteolin, and Xanthohumol in a Rat Model for Colorectal Cancer Prevention.","Included","2024","2024/04/13","Luteolin","蔬菜和水果","Not established from this row alone","Dietary, generic botanical, or non-specific natural-product source","PMID 38674851; PMID38674851","Extract/formula/decoction contextual evidence","Row-level annotation; deduplicate by PMID for final reference-level counts"
"Luteolin","Flavonoids","植物药物","引用
细胞系：HCT116、HT-29、SW480 等人结直肠癌细胞
动物模型：裸鼠异种移植瘤模型","In vitro + in vivo","not captured in source extraction","抑制PI3K/Akt/mTOR信号通路
诱导线粒体依赖性凋亡
阻滞细胞周期于G2/M期
抑制STAT3/NF-κB炎症通路","抑制增殖、抑制转移、诱导凋亡","not captured","not reported","not reported","Contextual review-only","Apoptosis/cell cycle; PI3K/Akt/mTOR/metabolism; NF-kB/STAT3/inflammation; EMT/ECM/metastasis","40488304","PMID40488304","Kaempferol\56-40488304-Herbal Medicine for Colorectal Cance Source Cell Prolif SO 2025 (1).pdf","Herbal Medicine for Colorectal Cancer Treatment: Molecular Mechanisms and Clinical Applications.","Included","2025","2025/10/01","Luteolin","植物药物","Not established from this row alone","Dietary, generic botanical, or non-specific natural-product source","PMID 40488304; PMID40488304","Review/background evidence","Row-level annotation; deduplicate by PMID for final reference-level counts"
"Luteolin","Flavonoids","白术","细胞模型：结直肠癌（CRC）细胞系
分子模型：基于生物信息学筛选的4个枢纽基因（MMP3, MMP9, TIMP1, VEGFA）构建预后模型","In vitro","not captured in source extraction","调控 MMP3、MMP9、TIMP1、VEGFA 表达","抑制CRC细胞活力；
抑制细胞增殖；
抑制细胞迁移能力；
下调MMP3、MMP9、TIMP1、VEGFA mRNA表达","not captured","not reported","not reported","Level 3: cell-based mechanistic evidence","EMT/ECM/metastasis","39177661","not available","Luteolin\11-39177661-Elucidation of the anti colorectal c Source Aging Albany NY SO 2024.pdf","not retained - incomplete bibliographic metadata","Excluded: incomplete bibliographic title requiring verification","2024","2024/08/22","Luteolin","白术","Source-dependent—named Chinese medicinal material or TCM preparation recorded","Requires source-level constituent verification for the specific record","PMID 39177661; not available","Not assessed for final attribution (excluded record)","Row-level annotation; deduplicate by PMID for final reference-level counts"
"Luteolin","Flavonoids","各种草药植物","Colon cancer cells and MC38 syngeneic mouse model (verified in local PDF)","In vitro + in vivo","not captured in source extraction","通过直接结合并抑制 GPX4，诱导铁死亡（ROS↑, Fe²⁺↑, 脂质过氧化↑, GSH↓），进而促进 M1 巨噬细胞极化和 CD8⁺ T 细胞活化","抑制增殖、诱导铁死亡、激活抗肿瘤免疫","not captured","not reported","not reported","Level 1: animal-validated mechanistic evidence","ROS/ferroptosis; Immune microenvironment","40812220","PMID40812220","Luteolin\12-40812220-Luteolin Induces GPX4 dependent Ferr Source Phytomedicine SO 2025.pdf","Luteolin Induces GPX4-dependent Ferroptosis and Enhances Immune Activation in Colon Cancer.","Included","2025","2025/10/01","Luteolin","各种草药植物","Not established from this row alone","Dietary, generic botanical, or non-specific natural-product source","PMID 40812220; PMID40812220","Purified isolated compound: Luteolin","Row-level annotation; deduplicate by PMID for final reference-level counts"
"Luteolin","Flavonoids","芹菜、欧芹、紫苏叶、辣椒和橙子","HCT116 结肠癌细胞","In vitro","10-20 µM luteolin (HCT116; PDF abstract)","p53 依赖性途径","诱导细胞凋亡和自噬","not captured","not reported","not reported","Level 3: cell-based mechanistic evidence","Apoptosis/cell cycle","33757400","PMID33757400","Luteolin\13-33757400-Luteolin Induces Apoptosis and Autophagy in HCT116 Colon.pdf","Luteolin Induces Apoptosis and Autophagy in HCT116 Colon Cancer Cells via p53-Dependent Pathway.","Included","2022","2022/01/01","Luteolin","芹菜、欧芹、紫苏叶、辣椒和橙子","Not established from this row alone","Dietary, generic botanical, or non-specific natural-product source","PMID 33757400; PMID33757400","Purified isolated compound: Luteolin","Row-level annotation; deduplicate by PMID for final reference-level counts"
"Luteolin","Flavonoids","调脾安肠汤（TPACD）","体内模型：CT26 肿瘤荷瘤小鼠；
体外细胞模型：CT26 和 HCT116 结肠癌细胞系；
分子互作验证：使用 MMP3 蛋白 与 Luteolin 进行直接结合实验；
基因表达分析：通过 qPCR 检测关键基因（包括 MMP3）在肿瘤组织中的 mRNA 表达水平（Fig. 9G）；
蛋白表达检测：Western Blot 检测 E-cadherin 和 N-cadherin（上皮-间质转化 EMT 相关标志物）。","In vitro + in vivo","not captured in source extraction","直接靶点：MMP3；
间接靶点：E-cadherin上调；
N-cadherin下调","抑制肿瘤细胞迁移与侵袭；
抑制 MMP3 的表达与酶活性；
逆转 EMT 表型：促进上皮标志物 E-cadherin 表达，抑制间质标志物 N-cadherin；
潜在抗肿瘤转移作用","not captured","not reported","not reported","Contextual mixture/formulation evidence","EMT/ECM/metastasis","39002822","PMID39002822","Kaempferol\76-39002822-Integrating UHPLC Q TOF MS MS Netwo Source J Ethnopharmacol SO 2024 (1).pdf","Integrating UHPLC-Q-TOF-MS/MS, network pharmacology, bioinformatics and experimental validation to uncover the anti-cancer mechanisms of TiaoPi AnChang decoction in colorectal cancer.","Included","2024","2024/11/15","Luteolin","调脾安肠汤（TPACD）","Source-dependent—named Chinese medicinal material or TCM preparation recorded","Requires source-level constituent verification for the specific record","PMID 39002822; PMID39002822","Extract/formula/decoction contextual evidence","Row-level annotation; deduplicate by PMID for final reference-level counts"
"Luteolin","Flavonoids","茶叶和各种水果（苹果和李子）、山核桃、洋葱、蔬菜和植物性饮料","体外模型：Caco-2 / HT-29 共培养细胞系
体内模型：荷瘤小鼠","In vitro + in vivo","not captured in source extraction","not reported","消除活性氧/氮（ROS & NOS）、氧化还原活性金属（Cu/Cu 和 Fe/Fe）的螯合以及下调癌症相关转录因子和氧化酶","not captured","not reported","not reported","Level 1: animal-validated mechanistic evidence","ROS/ferroptosis","37085076","PMID37085076","catechin\163-37085076-flavonoids nanostructures promising source int j biol macromol so 2023.pdf","Flavonoids nanostructures promising therapeutic efficiencies in colorectal cancer.","Included","2023","2023/06/30","Luteolin","茶叶和各种水果（苹果和李子）、山核桃、洋葱、蔬菜和植物性饮料","Not established from this row alone","Dietary, generic botanical, or non-specific natural-product source","PMID 37085076; PMID37085076","Formulation/nanodelivery contextual evidence","Row-level annotation; deduplicate by PMID for final reference-level counts"
"Luteolin","Flavonoids","药材、日常饮食中食用的水果和蔬菜","HT-29 人结肠癌细胞系（体外模型）","In vitro","not captured in source extraction","血管生成、 p53、Bax、Bcl-2、p38 MAPK、mTOR、PTEN 和 Akt 蛋白和基因","抑制增殖、诱导凋亡（8–10倍）、抑制VEGF、增强5-FU疗效","not captured","not reported","not reported","Level 3: cell-based mechanistic evidence","Apoptosis/cell cycle; PI3K/Akt/mTOR/metabolism; MAPK/JNK/ERK","34309458","PMID34309458","Luteolin\16-34309458-Quercetin and Luteolin Improve the Anticancer Effects.pdf","Quercetin and Luteolin Improve the Anticancer Effects of 5-Fluorouracil in Human Colorectal Adenocarcinoma In Vitro Model: A Mechanistic Insight.","Included","2022","2022/01/01","Luteolin","药材、日常饮食中食用的水果和蔬菜","Source-dependent—named Chinese medicinal material or TCM preparation recorded","Requires source-level constituent verification for the specific record","PMID 34309458; PMID34309458","Purified isolated compound: Luteolin","Row-level annotation; deduplicate by PMID for final reference-level counts"
"Luteolin","Flavonoids","植物","not reported","Not specified","not captured in source extraction","人巨细胞病毒感染、人瘤病毒感染、前列腺癌和 PI3K-Akt 信号通路","下调 AKT1、CCND1、CDKN1A、SRC、EGFR、PTEN、STAT3 和 TP53 等关键基因的表达，对 CRC 发挥治疗作用，有效抑制 CRC 细胞增殖","not captured","not reported","not reported","Level 4: in silico/contextual evidence","PI3K/Akt/mTOR/metabolism; NF-kB/STAT3/inflammation","39271360","PMID39271360","Luteolin\17-39271360-Exploration of the mechanism of lute Source Asian J Surg SO 2024.pdf","Exploration of the mechanism of luteolin against colorectal cancer based on network pharmacology and experimental validation.","Included","2024","2024/09/12","Luteolin","植物","Not established from this row alone","Dietary, generic botanical, or non-specific natural-product source","PMID 39271360; PMID39271360","Cell-only isolated monomer evidence","Row-level annotation; deduplicate by PMID for final reference-level counts"
"Luteolin","Flavonoids","蔬菜（如西兰花、胡萝卜、芹菜和胡椒）、水果（如蓝莓、蓝莓和黑莓）和草药（如金银花、细叶五味子和日梅）","细胞系：人结直肠癌细胞 HCT-116 和 HT-29","In vitro","not captured in source extraction","MAPK 信号通路；线粒体相关通路","抑制细胞活力；
干扰 DNA 修复能力；
诱导剂量依赖性蛋白表达变化","not captured","not reported","not reported","Level 3: cell-based mechanistic evidence","MAPK/JNK/ERK","35473479","PMID35473479","Luteolin\18-35473479-luteolin impacts deoxyribonucleic acid repair by modulating the mitog.pdf","Luteolin impacts deoxyribonucleic acid repair by modulating the mitogen-activated protein kinase pathway in colorectal cancer.","Included","2022","2022/04/01","Luteolin","蔬菜（如西兰花、胡萝卜、芹菜和胡椒）、水果（如蓝莓、蓝莓和黑莓）和草药（如金银花、细叶五味子和日梅）","Source-dependent—named Chinese medicinal material or TCM preparation recorded","Requires source-level constituent verification for the specific record","PMID 35473479; PMID35473479","Purified isolated compound: Luteolin","Row-level annotation; deduplicate by PMID for final reference-level counts"
"Luteolin","Flavonoids","蜂胶和蜂蜜","not reported","Not specified","not captured in source extraction","not reported","not reported","not captured","not reported","not reported","Excluded: insufficient extractable evidence","not assigned","37049455","PMID37049455","Luteolin\19-37049455-bee products and colorectal cancer a.pdf","Bee Products and Colorectal Cancer-Active Components and Mechanism of Action.","Excluded: insufficient extractable evidence","2023","2023/03/27","Luteolin","蜂胶和蜂蜜","Not established from this row alone","Dietary, generic botanical, or non-specific natural-product source","PMID 37049455; PMID37049455","Not assessed for final attribution (excluded record)","Row-level annotation; deduplicate by PMID for final reference-level counts"
"Luteolin","Flavonoids","参芪三解颗粒","体外：9 种不同的癌细胞系（包括 5 个 CRC 细胞系、1 个乳腺癌细胞系、2 个肺腺癌细胞系和 1 个宫颈癌细胞系）和小鼠 CRC 细胞系 CT26 
体内：皮下同基因小鼠模型和 AOM（嘧氧甲烷）/DSS（葡聚糖硫酸钠）诱导的原位结肠炎相关小鼠 CRC 模型","In vitro + in vivo","not captured in source extraction","Hmox1 介导的铁死亡","抑制 CRC 细胞系 CT26 的生长和转移，并诱导细胞死亡","not captured","not reported","not reported","Contextual mixture/formulation evidence","ROS/ferroptosis; EMT/ECM/metastasis","39347400","PMID39347400","Kaempferol\39347400-Shenqi Sanjie Granules induce Hmox1 Source Heliyon SO 2024.pdf","Shenqi Sanjie Granules induce Hmox1-mediated ferroptosis to inhibit colorectal cancer.","Included","2024","2024/09/17","Luteolin","参芪三解颗粒","Source-dependent—named Chinese medicinal material or TCM preparation recorded","Requires source-level constituent verification for the specific record","PMID 39347400; PMID39347400","Extract/formula/decoction contextual evidence","Row-level annotation; deduplicate by PMID for final reference-level counts"
"Luteolin","Flavonoids","薏苡附子败酱散","not reported","Not specified","not captured in source extraction","PI3K-Akt 信号通路、TNF 信号通路和 IL-17 信号通路","控制细胞凋亡、增殖以及蛋白质和酶的结合来减缓结直肠癌的进展。","not captured","not reported","not reported","Contextual mixture/formulation evidence","Apoptosis/cell cycle; PI3K/Akt/mTOR/metabolism; MAPK/JNK/ERK","36735641","PMID36735641","beta-sitosterol\211-36735641-exploring the mechanism of action of source biotechnol genet eng rev so 2023.pdf","Exploring the mechanism of action of Yiyi Fuzi Baijiang powder in colorectal cancer based on network pharmacology and molecular docking studies.","Included","2023","2023/10/01","Luteolin","薏苡附子败酱散","Source-dependent—named Chinese medicinal material or TCM preparation recorded","Requires source-level constituent verification for the specific record","PMID 36735641; PMID36735641","Extract/formula/decoction contextual evidence","Row-level annotation; deduplicate by PMID for final reference-level counts"
"Luteolin","Flavonoids","Carlina acaulis植物","正常上皮结肠细胞系（CCD 841CoTr）、人结直肠腺癌（HT29）和人宫颈癌（HeLa）细胞","In vitro","not captured in source extraction","not reported","not reported","not captured","not reported","not reported","Excluded: insufficient extractable evidence","not assigned","37630400","not available","Kaempferol\70-37630400-Polyphenolic Composition of Carlina Source Molecules SO 2023.pdf","not retained - incomplete bibliographic metadata","Excluded: incomplete bibliographic title requiring verification","2023","2023/08/20","Luteolin","Carlina acaulis植物","Not established from this row alone","Dietary, generic botanical, or non-specific natural-product source","PMID 37630400; not available","Not assessed for final attribution (excluded record)","Row-level annotation; deduplicate by PMID for final reference-level counts"
"Luteolin","Flavonoids","Achillea ketenoglui 提取物","HCT116 和 HT-29 人结直肠癌细胞系","In vitro","not captured in source extraction","p53、p21、caspase-3 和 caspase-9","细胞毒性、诱导凋亡、细胞周期阻滞、基因/蛋白上调","not captured","not reported","not reported","Contextual mixture/formulation evidence","Apoptosis/cell cycle","34503424","PMID34503424","Luteolin\23-34503424-Anticancer Effect and Phytochemical Profile of the Extract f ].pdf","Anticancer Effect and Phytochemical Profile of the Extract from Achillea ketenoglui against Human Colorectal Cancer Cell Lines.","Included","2022","2022/01/01","Luteolin","Achillea ketenoglui 提取物","Not established from this row alone","Dietary, generic botanical, or non-specific natural-product source","PMID 34503424; PMID34503424","Extract/formula/decoction contextual evidence","Row-level annotation; deduplicate by PMID for final reference-level counts"
"Luteolin","Flavonoids","薏苡附子败酱散","1. 体外模型：人结肠癌HT-29细胞系（用于CCK-8、划痕、侵袭、凋亡、ChIP等实验）；
2. 体内模型：BALB/c裸鼠皮下移植HT-29细胞构建的结肠癌异种移植瘤模型","In vitro + in vivo","not captured in source extraction","TNF-α、白细胞介素-17 和 Toll 样受体信号通路","抗炎信号传导和调节 TLR4/NF-κB 信号通路下调 SMOX 表达","not captured","not reported","not reported","Contextual mixture/formulation evidence","Apoptosis/cell cycle; NF-kB/STAT3/inflammation; EMT/ECM/metastasis","36353478","PMID36353478","beta-sitosterol\213-36353478-Identification of the effect and mec Source Front Pharmacol SO 2022.pdf","Identification of the effect and mechanism of Yiyi Fuzi Baijiang powder against colorectal cancer using network pharmacology and experimental validation.","Included","2022","2022/10/24","Luteolin","薏苡附子败酱散","Source-dependent—named Chinese medicinal material or TCM preparation recorded","Requires source-level constituent verification for the specific record","PMID 36353478; PMID36353478","Extract/formula/decoction contextual evidence","Row-level annotation; deduplicate by PMID for final reference-level counts"
"Luteolin","Flavonoids","Z. nummularia 乙醇提取物","乳腺癌（KAIMRC2 和 MDA-MB-231）、结直肠癌（HCT8）和肝癌（HepG2）","Not specified","not captured in source extraction","pAKT 和 pmTOR 表达上调","抑制增殖、诱导凋亡、破坏微管、激活生存通路、剂量依赖性","not captured","乙醇提取物代谢物被预测具有心脏毒性作用。","not reported","Excluded: insufficient extractable evidence","Apoptosis/cell cycle; PI3K/Akt/mTOR/metabolism","38531974","PMID38531974","Luteolin\25-38531974-Exploring the potential of Ziziphus.pdf","Exploring the potential of Ziziphus nummularia and luteolin-7-O-glucoside as tubulin inhibitors in cancer therapy and survival.","Excluded: insufficient extractable evidence","2024","2024/03/26","Luteolin","Z. nummularia 乙醇提取物","Not established from this row alone","Dietary, generic botanical, or non-specific natural-product source","PMID 38531974; PMID38531974","Not assessed for final attribution (excluded record)","Row-level annotation; deduplicate by PMID for final reference-level counts"
"Luteolin","Flavonoids","Liquidambar orientalis叶片甲醇提取物","HCT-116 和 HT-29 人结直肠癌细胞系","In vitro","not captured in source extraction","NF-κB 和人类结直肠癌的细胞凋亡途径","抗氧化、抗增殖、抗侵袭和细胞凋亡","not captured","not reported","not reported","Level 3: cell-based mechanistic evidence","Apoptosis/cell cycle; NF-kB/STAT3/inflammation; ROS/ferroptosis; EMT/ECM/metastasis","34291706","not available","Kaempferol\79-34291706-the phytochemical profile and biolog source nutr cancer actions search in pubmed search in nlm catalog add to search 2021 jul 22 1 15 doi 10 1080 01635581 2021 1952455 online ahead of print.pdf","not retained - incomplete bibliographic metadata","Excluded: incomplete bibliographic title requiring verification","2022","2022/01/01","Luteolin","Liquidambar orientalis叶片甲醇提取物","Not established from this row alone","Dietary, generic botanical, or non-specific natural-product source","PMID 34291706; not available","Not assessed for final attribution (excluded record)","Row-level annotation; deduplicate by PMID for final reference-level counts"
"Luteolin","Flavonoids","Terminalia arjuna 粗提取物","体外化学提取与成分鉴定","In vitro","not captured in source extraction","not reported","抗氧化","not captured","not reported","not reported","Contextual mixture/formulation evidence","ROS/ferroptosis","37850546","not available","beta-sitosterol\215-37850546-optimizing the extraction of polyphe source curr comput aided drug des so 2024.pdf","not retained - incomplete bibliographic metadata","Excluded: no CRC-specific model or outcome extracted","2024","2024/01/01","Luteolin","Terminalia arjuna 粗提取物","Not established from this row alone","Dietary, generic botanical, or non-specific natural-product source","PMID 37850546; not available","Not assessed for final attribution (excluded record)","Row-level annotation; deduplicate by PMID for final reference-level counts"
"Luteolin","Flavonoids","肠胃清Changweiqing (CWQ)","生物信息学分析（WGCNA、PPI、分子对接）、公共数据库（TCGA、UALCAN等）","Network/in silico","not captured in source extraction","调控癌症通路、MAPK 信号通路和 AGE-RAGE 信号通路","not reported","not captured","not reported","not reported","Level 4: in silico-only","MAPK/JNK/ERK","40065477","PMID40065477","isorhamnetin\40065477-Network pharmacological approach com Source Hereditas SO 2025.pdf","Network pharmacological approach combined with weighted gene co-expression network analysis identifies CDKN2A as the keg target of Changweiqing against colorectal cancer.","Included","2025","2025/03/10","Luteolin","肠胃清Changweiqing (CWQ)","Not established from this row alone","Dietary, generic botanical, or non-specific natural-product source","PMID 40065477; PMID40065477","Network pharmacology/in silico evidence","Row-level annotation; deduplicate by PMID for final reference-level counts"
"Luteolin","Flavonoids","Xianliu Jieduan Fang","AOM/DSS 诱导的 CAC 小鼠模型","In vivo","not captured in source extraction","Wnt/β-catenin 通路","调节细胞凋亡和细胞迁移","yes","not reported","not reported","Level 2: in vivo evidence","Apoptosis/cell cycle; PI3K/Akt/mTOR/metabolism; Wnt/beta-catenin/stemness; EMT/ECM/metastasis","40324811","PMID40324811","Kaempferol\84-40324811-exploring the anticancer effects of source biomed chromatogr so 2025.pdf","Exploring the Anticancer Effects of Xianliu Jieduan Fang on Colitis-Associated Colorectal Cancer Through Network Pharmacology and Experimental Validation.","Included","2025","2025/06/01","Luteolin","Xianliu Jieduan Fang","Not established from this row alone","Dietary, generic botanical, or non-specific natural-product source","PMID 40324811; PMID40324811","Network pharmacology/in silico evidence","Row-level annotation; deduplicate by PMID for final reference-level counts"
"Luteolin","Flavonoids","天然植物","正常细胞：
WI-38（人胚肺成纤维细胞）
癌细胞：
HeLa（人宫颈癌）
MCF-7（人乳腺癌）
A549（人非小细胞肺癌）
HT-29（人结肠癌）","In vitro","not captured in source extraction","调控 miR-384/pleiotrophin 轴","酸性 pH 响应释放，抑制肿瘤细胞迁移、增加 ROS 生成以及上调 Caspase-3 和 Caspase-9 的表达来增强抗癌活性","not captured","not reported","not reported","Level 3: cell-based mechanistic evidence","Apoptosis/cell cycle; Wnt/beta-catenin/stemness; ROS/ferroptosis; EMT/ECM/metastasis","38524612","PMID38524612","Luteolin\30-38524612-Synthesis characterization and eff Source Heliyon SO 2024.pdf","Synthesis, characterization, and efficacy evaluation of a PH-responsive Fe-MOF@GO composite drug delivery system for the treating colorectal cancer.","Included","2024","2024/03/15","Luteolin","天然植物","Not established from this row alone","Dietary, generic botanical, or non-specific natural-product source","PMID 38524612; PMID38524612","Formulation/nanodelivery contextual evidence","Row-level annotation; deduplicate by PMID for final reference-level counts"
"Luteolin","Flavonoids","绿色路易波士茶提取物 （GRE）","原发性大鼠肝细胞 （PH） 和人肝脏 （HepG2） 和结肠 （HT-29） 癌细胞","In vitro + in vivo","not captured in source extraction","not reported","抑制增殖、诱导凋亡","not captured","not reported","not reported","Contextual mixture/formulation evidence","Apoptosis/cell cycle","32930006","PMID32930006","Luteolin\31-32930006-Differential Cytotoxicity of Rooibos and Green Tea Extra Source Nutr Cancer 2020 Sep 15 1 15.PDF","Differential Cytotoxicity of Rooibos and Green Tea Extracts against Primary Rat Hepatocytes and Human Liver and Colon Cancer Cells - Causal Role of Major Flavonoids.","Included","2021","2021/01/01","Luteolin","绿色路易波士茶提取物 （GRE）","Not established from this row alone","Dietary, generic botanical, or non-specific natural-product source","PMID 32930006; PMID32930006","Extract/formula/decoction contextual evidence","Row-level annotation; deduplicate by PMID for final reference-level counts"
"Luteolin","Flavonoids","天然黄酮类化合物","体外：人结肠癌细胞系 HCT116
体内：BALB/c nude mice（裸鼠）荷 HCT116 异种移植瘤","In vitro + in vivo","12.5 or 25 µM luteolin with 1 µM oxaliplatin in vitro; luteolin 50 mg/kg/day with oxaliplatin 10 mg/kg three times/week in xenograft mice","AMPK 通路
AKT 通路
Nrf2 通路
p38 MAPK 通路","低浓度（≤5 µM）激活 AMPK；
高浓度（>10 µM）抑制 AMPK；
激活 AKT；
与奥沙利铂联用显著抑制肿瘤生长","not captured","not reported","not reported","Level 1: animal-validated mechanistic evidence","PI3K/Akt/mTOR/metabolism; MAPK/JNK/ERK","35453311","PMID35453311","Luteolin\32-35453311-Luteolin Synergistically Enhances An Source Antioxidants Basel SO 2022.pdf","Luteolin Synergistically Enhances Antitumor Activity of Oxaliplatin in Colorectal Carcinoma via AMPK Inhibition.","Included","2022","2022/03/24","Luteolin","天然黄酮类化合物","Not established from this row alone","Dietary, generic botanical, or non-specific natural-product source","PMID 35453311; PMID35453311","Purified isolated compound: Luteolin","Row-level annotation; deduplicate by PMID for final reference-level counts"
"Luteolin","Flavonoids","益津通腑YJTF","计算机模拟方法：
网络药理学预测靶点
分子对接","Network/in silico","not captured in source extraction","AKT1：−7.25
EGFR (PDB: 3GKW)：−6.73
SRC (PDB: 6E6E)：−5.59
ESR1 (PDB: 1R5K)：−5.73
PTGS2 (PDB: 5IKQ)：−6.90","not reported","not captured","not reported","not reported","Contextual mixture/formulation evidence","PI3K/Akt/mTOR/metabolism; EMT/ECM/metastasis","35942366","PMID35942366","isorhamnetin\202-35942366-study on the action mechanism of the source evid based complement alternat med so 2022.pdf","Study on the Action Mechanism of the Yifei Jianpi Tongfu Formula in Treatment of Colorectal Cancer Lung Metastasis Based on Network Analysis, Molecular Docking, and Experimental Validation.","Included","2022","2022/07/30","Luteolin","益津通腑YJTF","Not established from this row alone","Dietary, generic botanical, or non-specific natural-product source","PMID 35942366; PMID35942366","Extract/formula/decoction contextual evidence","Row-level annotation; deduplicate by PMID for final reference-level counts"
"Luteolin","Flavonoids","爪哇布鲁塞 （BJ） 植物","人结直肠癌细胞系、基因干扰模型：siGPSM2 细胞、 GPSM2 过表达模型、MTT 实验、集落形成实验","In vitro","not captured in source extraction","GPSM2 通路","抑制结直肠癌细胞活力；
抑制集落形成能力","not captured","not reported","not reported","Level 3: cell-based mechanistic evidence","not assigned","38823277","PMID38823277","Luteolin\34-38823277-decrease in gpsm2 mediated by the na source biomed pharmacother so 2024.pdf","Decrease in GPSM2 mediated by the natural product luteolin contributes to colon adenocarcinoma treatment and increases the sensitivity to fluorouracil.","Included","2024","2024/07/01","Luteolin","爪哇布鲁塞 （BJ） 植物","Not established from this row alone","Dietary, generic botanical, or non-specific natural-product source","PMID 38823277; PMID38823277","Purified isolated compound: Luteolin","Row-level annotation; deduplicate by PMID for final reference-level counts"
"Luteolin","Flavonoids","Scutellaria barbata（半枝莲） 或 Hedyotis diffusa（白花蛇舌草）","网络药理学 + 生物信息学分析","Network/in silico","not captured in source extraction","PI3K-AKT 通路
MAPK 通路
Wnt/β-catenin 通路
JAK-STAT 通路
EGFR 通路
p53 通路
VEGF 通路","抑制肿瘤血管生成；
诱导肿瘤细胞凋亡；
抑制炎症与增殖信号；
调控细胞周期与应激反应","not captured","not reported","not reported","Level 4: in silico-only","Apoptosis/cell cycle; PI3K/Akt/mTOR/metabolism; Wnt/beta-catenin/stemness; NF-kB/STAT3/inflammation; MAPK/JNK/ERK","35707465","not available","Luteolin\35-35707465-molecular targets and mechanisms of source evid based complement alternat med so 2022.pdf","not retained - incomplete bibliographic metadata","Excluded: no CRC-specific model or outcome extracted","2022","2022/06/06","Luteolin","Scutellaria barbata（半枝莲） 或 Hedyotis diffusa（白花蛇舌草）","Not established from this row alone","Dietary, generic botanical, or non-specific natural-product source","PMID 35707465; not available","Not assessed for final attribution (excluded record)","Row-level annotation; deduplicate by PMID for final reference-level counts"
"Luteolin","Flavonoids","wenzi jiedu decoction","分子对接和动物实验","In vivo","not captured in source extraction","趋化因子信号通路和细胞凋亡","细胞凋亡、免疫调节","yes","not reported","not reported","Contextual mixture/formulation evidence","Apoptosis/cell cycle; PI3K/Akt/mTOR/metabolism; Immune microenvironment","39731415","PMID39731415","Formononetin\105-39731415-Integrating UPLC MS MS Bioinformatic Source Phytochem Anal SO 2024 (1).pdf","Integrating UPLC-MS/MS Bioinformatics and In Vivo Experiments Validation to Elucidate the Mechanism of Wenzi Jiedu Decoction in Suppressing Colorectal Cancer.","Included","2025","2025/06/01","Luteolin","wenzi jiedu decoction","Source-dependent—named Chinese medicinal material or TCM preparation recorded","Requires source-level constituent verification for the specific record","PMID 39731415; PMID39731415","Extract/formula/decoction contextual evidence","Row-level annotation; deduplicate by PMID for final reference-level counts"
"Luteolin","Flavonoids","橄榄油","纯计算机模拟模型：
分子对接；
使用 PDB 结构：
PI3K (p110α) [PDB ID: 5DXT]、mTOR [PDB ID: 4JT5]","Network/in silico","not captured in source extraction","PI3K/Akt/mTOR 信号轴","not reported","not captured","not reported","not reported","Level 4: in silico-only","PI3K/Akt/mTOR/metabolism","34296655","not available","Luteolin\37-34296655-in silico approach to target pi3k akt mtor axis by.pdf","not retained - incomplete bibliographic metadata","Excluded: no CRC-specific model or outcome extracted","2022","2022/01/01","Luteolin","橄榄油","Not established from this row alone","Dietary, generic botanical, or non-specific natural-product source","PMID 34296655; not available","Not assessed for final attribution (excluded record)","Row-level annotation; deduplicate by PMID for final reference-level counts"
"Luteolin","Flavonoids","多种水果、蔬菜及中药","细胞模型：人结肠癌细胞系 HCT116 和 SW480
基因操作模型：
HIC1 过表达（pcDNA3.1-HIC1-3FLAG 转染）；
HIC1 基因沉默（HIC1-specific siRNAs）","In vitro","not captured in source extraction","HIC1/GPX4 轴调控的铁死亡通路","促进铁死亡；
协同增强 erastin 的抗肿瘤效应；
依赖 HIC1 表达状态","not captured","not reported","not reported","Level 3: cell-based mechanistic evidence","ROS/ferroptosis","37717793","PMID37717793","Luteolin\38-37717793-luteolin exhibits synergistic therap source free radic biol med so 2023.pdf","Luteolin exhibits synergistic therapeutic efficacy with erastin to induce ferroptosis in colon cancer cells through the HIC1-mediated inhibition of GPX4 expression.","Included","2023","2023/11/01","Luteolin","多种水果、蔬菜及中药","Source-dependent—named Chinese medicinal material or TCM preparation recorded","Requires source-level constituent verification for the specific record","PMID 37717793; PMID37717793","Purified isolated compound: Luteolin","Row-level annotation; deduplicate by PMID for final reference-level counts"
"Luteolin","Flavonoids","水果和蔬菜","体内：脑出血小鼠模型
体外：PC-3 前列腺癌细胞、口腔癌干细胞、急性肺损伤模型","In vitro + in vivo","not captured in source extraction","p62/Keap1/Nrf2 通路；
IL-10 依赖性巨噬细胞极化；
IL-6/STAT3 信号通路抑制；
Wnt 信号通路抑制","神经保护镇痛、抗炎、抑制癌干细胞放射抵抗性、抑制前列腺癌 Wnt 信号、促进 Treg 分化与 M2 巨噬细胞极化","not captured","not reported","not reported","Contextual review-only","Wnt/beta-catenin/stemness; NF-kB/STAT3/inflammation; Immune microenvironment","38455556","PMID38455556","Luteolin\39-38455556-revisiting luteolin an updated revi source heliyon so 2024.pdf","Revisiting luteolin: An updated review on its anticancer potential.","Excluded: no CRC-specific model or outcome extracted","2024","2024/02/20","Luteolin","水果和蔬菜","Not established from this row alone","Dietary, generic botanical, or non-specific natural-product source","PMID 38455556; PMID38455556","Not assessed for final attribution (excluded record)","Row-level annotation; deduplicate by PMID for final reference-level counts"
"Luteolin","Flavonoids","Erteng Sanjie decoction (ETSJC，二藤散结方)","体内模型：异种移植瘤模型","In vivo","not captured in source extraction","KEGG 通路","抑制肿瘤细胞增殖、促进肿瘤细胞凋亡","yes","not reported","not reported","Level 2: in vivo evidence","Apoptosis/cell cycle; PI3K/Akt/mTOR/metabolism; MAPK/JNK/ERK","38428659","PMID38428659","Kaempferol\94-38428659-exploring the mechanism of erteng sa source j ethnopharmacol so 2024.pdf","Exploring the mechanism of Erteng-Sanjie capsule in treating gastric and colorectal cancers via network pharmacology and in-vivo validation.","Included","2024","2024/06/12","Luteolin","Erteng Sanjie decoction (ETSJC，二藤散结方)","Source-dependent—named Chinese medicinal material or TCM preparation recorded","Requires source-level constituent verification for the specific record","PMID 38428659; PMID38428659","Extract/formula/decoction contextual evidence","Row-level annotation; deduplicate by PMID for final reference-level counts"
"Luteolin","Flavonoids","植物类黄酮","人结直肠癌细胞系 HCT116；
细胞培养基：RPMI-1640；
含抗生素培养体系；
MTT 法检测细胞活力","In vitro","not captured in source extraction","Wnt/β-catenin 通路
GSK3β 通路
NF-κB 通路","诱导构象变化","not captured","not reported","not reported","Level 3: cell-based mechanistic evidence","PI3K/Akt/mTOR/metabolism; Wnt/beta-catenin/stemness; NF-kB/STAT3/inflammation; EMT/ECM/metastasis","39300917","PMID39300917","Luteolin\41-39300917-revisiting luteolin against the medi source j cell biochem so 2024.pdf","Revisiting Luteolin Against the Mediators of Human Metastatic Colorectal Carcinoma: A Biomolecular Approach.","Included","2025","2025/01/01","Luteolin","植物类黄酮","Not established from this row alone","Dietary, generic botanical, or non-specific natural-product source","PMID 39300917; PMID39300917","Purified isolated compound: Luteolin","Row-level annotation; deduplicate by PMID for final reference-level counts"
"Luteolin","Flavonoids","西番莲（Passiflora edulis）叶提取物","计算模型：分子对接","Network/in silico","not captured in source extraction","靶向脂质代谢关键酶，调控脂质代谢通路。","胆固醇合成↓
脂肪酸合成↓","not captured","not reported","not reported","Level 4: in silico-only","not assigned","37009402","not available","Luteolin\42-37009402-identification of potential bioactiv source biochem biophys rep so 2023.pdf","not retained - incomplete bibliographic metadata","Excluded: no CRC-specific model or outcome extracted","2023","2023/03/28","Luteolin","西番莲（Passiflora edulis）叶提取物","Not established from this row alone","Dietary, generic botanical, or non-specific natural-product source","PMID 37009402; not available","Not assessed for final attribution (excluded record)","Row-level annotation; deduplicate by PMID for final reference-level counts"
"Luteolin","Flavonoids","多种植物中（如西兰花、辣椒、百里香）","体外细胞模型（qRT-PCR 检测基因表达、 Western blot 检测蛋白水平）","In vitro","not captured in source extraction","PPARγ 通路；抗氧化通路；","显著上调 HO-1 mRNA 表达；
轻度上调 SOD mRNA 表达；
逆转伊立替康（irinotecan）引起的 SOD-1 蛋白下降","not captured","not reported","not reported","Level 3: cell-based mechanistic evidence","ROS/ferroptosis","34699766","PMID34699766","Luteolin\43-34699766-the ppar-dependent effect of flavonoid luteolin against.pdf","The PPARgamma-dependent effect of flavonoid luteolin against damage induced by the chemotherapeutic irinotecan in human intestinal cells.","Excluded: no CRC-specific model or outcome extracted","2022","2022/01/05","Luteolin","多种植物中（如西兰花、辣椒、百里香）","Not established from this row alone","Dietary, generic botanical, or non-specific natural-product source","PMID 34699766; PMID34699766","Not assessed for final attribution (excluded record)","Row-level annotation; deduplicate by PMID for final reference-level counts"
"Luteolin","Flavonoids","蜂胶（propolis）中的黄酮类成分","纯计算分析：基于网络药理学构建“化合物–靶点”（C–T）网络，并进行分子对接模拟。","Network/in silico","not captured in source extraction","预测
MAPK 信号通路
炎症与基质降解
氧化应激调控
转录调控","调控转录因子 AP-1 活性；
抑制基质金属蛋白酶 MMP9； 
调节一氧化氮合成酶 NOS3（影响血管功能与氧化应激）；
抑制 MAPK8（JNK）信号","not captured","not reported","not reported","Level 4: in silico-only","NF-kB/STAT3/inflammation; MAPK/JNK/ERK; ROS/ferroptosis; EMT/ECM/metastasis","35423607","not available","Luteolin\44-35423607-network pharmacology based analysis source rsc adv so 2021 mar 16 11 19 11610 11626.pdf","not retained - incomplete bibliographic metadata","Excluded: no CRC-specific model or outcome extracted","2021","2021/03/22","Luteolin","蜂胶（propolis）中的黄酮类成分","Not established from this row alone","Dietary, generic botanical, or non-specific natural-product source","PMID 35423607; not available","Not assessed for final attribution (excluded record)","Row-level annotation; deduplicate by PMID for final reference-level counts"
"Luteolin","Flavonoids","芹菜素","人结肠癌细胞系：COLO-205、HCT-116","In vitro","not captured in source extraction","HSP90AA1、PTGS2、MMP9","抑制结肠癌细胞活力","not captured","not reported","not reported","Level 3: cell-based mechanistic evidence","EMT/ECM/metastasis","38157250","PMID38157250","Luteolin\45-38157250-apigenin exerts anti cancer effects source j biomol struct dyn so 2023.pdf","Apigenin exerts anti-cancer effects in colon cancer by targeting HSP90AA1.","Included","2025","2025/04/01","Luteolin","芹菜素","Not established from this row alone","Dietary, generic botanical, or non-specific natural-product source","PMID 38157250; PMID38157250","Purified isolated compound: Luteolin","Row-level annotation; deduplicate by PMID for final reference-level counts"
"Luteolin","Flavonoids","Tanacetum erzincanense 的地上部分获得的甲醇 （ME） 提取物","体外模型","In vitro","not captured in source extraction","not reported","抗氧化和抑制癌细胞增殖","not captured","not reported","not reported","Contextual mixture/formulation evidence","ROS/ferroptosis","33464702","PMID33464702","Luteolin\46-33464702-in vitro antioxidant and cytotoxic.pdf","In vitro Antioxidant and Cytotoxic Activities of Extracts of Endemic Tanacetum erzincanense Together with Phenolic Content by LC-ESI-QTOF-MS.","Excluded: no CRC-specific model or outcome extracted","2021","2021/03/01","Luteolin","Tanacetum erzincanense 的地上部分获得的甲醇 （ME） 提取物","Not established from this row alone","Dietary, generic botanical, or non-specific natural-product source","PMID 33464702; PMID33464702","Not assessed for final attribution (excluded record)","Row-level annotation; deduplicate by PMID for final reference-level counts"
"Luteolin","Flavonoids","甘薯","计算机模拟 + 分子动力学（MD）模型","Network/in silico","not captured in source extraction","PTP1B通路","1.与 PTP1B 形成稳定复合物
2.表现出较优的结合自由能（优于部分黄酮，但弱于对照抑制剂）
3.结合稳定性依赖范德华力","not captured","not reported","not reported","Level 4: in silico-only","ROS/ferroptosis","35119127","PMID35119127","Luteolin\47-35119127-targeting protein tyrosine phosphatase 1b in obesity-associated colon cancepos.pdf","Targeting protein tyrosine phosphatase 1B in obesity-associated colon cancer: Possible role of sweet potato (Ipomoea batatas).","Included","2022","2022/06/01","Luteolin","甘薯","Not established from this row alone","Dietary, generic botanical, or non-specific natural-product source","PMID 35119127; PMID35119127","Network pharmacology/in silico evidence","Row-level annotation; deduplicate by PMID for final reference-level counts"
"Kaempferol","Flavonoids","Qi-Qin-Hu-Chang Formula (QQHCF, Patent number CN202211655092.8),79
is derived from Qing-Chang-Hua-Shi granule, Buqi Yunpi Decoction and Xiangshen80
Pill with modifications by Professor Shen","网络药理学","Network/in silico","not captured in source extraction","p38 MAPK 通路 和 Caspase 家族通路","诱导结直肠癌细胞凋亡，抗炎、抗血管生成","not captured","not reported","not reported","Contextual mixture/formulation evidence","Apoptosis/cell cycle; MAPK/JNK/ERK","37852337","PMID37852337","Kaempferol\48-37852337-A network pharmacology approach and Source J Ethnopharmacol SO 2023.pdf","A network pharmacology approach and experimental validation to investigate the anticancer mechanism of Qi-Qin-Hu-Chang formula against colitis-associated colorectal cancer through induction of apoptosis via JNK/p38 MAPK signaling pathway.","Included","2024","2024/01/30","Kaempferol","Qi-Qin-Hu-Chang Formula (QQHCF, Patent number CN202211655092.8),79
is derived from Qing-Chang-Hua-Shi granule, Buqi Yunpi Decoction and Xiangshen80
Pill with modifications by Professor Shen","Source-dependent—named Chinese medicinal material or TCM preparation recorded","Requires source-level constituent verification for the specific record","PMID 37852337; PMID37852337","Extract/formula/decoction contextual evidence","Row-level annotation; deduplicate by PMID for final reference-level counts"
"Kaempferol","Flavonoids","八珍汤","结直肠癌（CRC）小鼠模型","In vivo","not captured in source extraction","诱导细胞周期G2/M期阻滞；
调控细胞死亡通路、抑制异常增殖；
增强抗肿瘤免疫反应","抑制结直肠癌细胞增殖；
促进有利的肿瘤免疫微环境形成；
增强T细胞介导的抗肿瘤免疫应答","yes","not reported","not reported","Contextual mixture/formulation evidence","Apoptosis/cell cycle; Immune microenvironment","37799727","PMID37799727","Kaempferol\49-37799727-Mechanism of Bazhen decoction in the Source Front Immunol SO 2023.pdf","Mechanism of Bazhen decoction in the treatment of colorectal cancer based on network pharmacology, molecular docking, and experimental validation.","Included","2023","2023/09/20","Kaempferol","八珍汤","Source-dependent—named Chinese medicinal material or TCM preparation recorded","Requires source-level constituent verification for the specific record","PMID 37799727; PMID37799727","Extract/formula/decoction contextual evidence","Row-level annotation; deduplicate by PMID for final reference-level counts"
"Kaempferol","Flavonoids","植物类黄酮","体外模型：人结直肠癌细胞系（SW620、LoVo、SW480、HCT8、HCT15、HCT116、Caco-2）及正常肠上皮细胞 HIEC；
体内模型：裸鼠尾静脉注射 SW620 细胞构建肺转移模型","In vitro + in vivo","not captured in source extraction","Kaempferol ↓ circ_0000345 → ↑ miR-205-5p → ↓ JMJD2C → ↓ β-catenin 核转位 → 抑制 EMT 和转移。","抑制 CRC 细胞迁移和侵袭；
抑制上皮-间质转化相关过程；
降低肺转移灶数量","not captured","not reported","not reported","Level 1: animal-validated mechanistic evidence","Wnt/beta-catenin/stemness; EMT/ECM/metastasis","38493716","PMID38493716","Kaempferol\50-38493716-kaempferol inhibits colorectal cance source phytomedicine so 2024.pdf","Kaempferol inhibits colorectal cancer metastasis through circ\_0000345 mediated JMJD2C/beta-catenin signalling pathway.","Included","2024","2024/06/01","Kaempferol","植物类黄酮","Not established from this row alone","Dietary, generic botanical, or non-specific natural-product source","PMID 38493716; PMID38493716","Purified isolated compound: Kaempferol","Row-level annotation; deduplicate by PMID for final reference-level counts"
"Kaempferol","Flavonoids","多种植物中，包括飞燕草、山茶花、小檗、柑橘、马尾草属、槐花和水果或蔬菜，如茶、卷心菜、西兰花、苹果、葡萄、柑橘类水果、草莓、豆类、西红柿和洋葱","not reported","Not specified","not captured in source extraction","XO（抑制）；SOD、HO-1（活性升高）","抑制血管生成、刺激细胞灭亡和细胞周期停滞来发挥抗癌作用","not captured","not reported","not reported","Excluded: insufficient extractable evidence","Apoptosis/cell cycle","36259115","PMID36259115","Kaempferol\51-36259115-kaempferol a potential agent in the source physiol rep so 2022.pdf","Kaempferol: A potential agent in the prevention of colorectal cancer.","Excluded: insufficient extractable evidence","2022","2022/10/01","Kaempferol","多种植物中，包括飞燕草、山茶花、小檗、柑橘、马尾草属、槐花和水果或蔬菜，如茶、卷心菜、西兰花、苹果、葡萄、柑橘类水果、草莓、豆类、西红柿和洋葱","Not established from this row alone","Dietary, generic botanical, or non-specific natural-product source","PMID 36259115; PMID36259115","Not assessed for final attribution (excluded record)","Row-level annotation; deduplicate by PMID for final reference-level counts"
"Kaempferol","Flavonoids","药用植物","not reported","Not specified","not captured in source extraction","not reported","抑制增殖、诱导凋亡","not captured","not reported","not reported","Contextual review-only","Apoptosis/cell cycle","35820317","PMID35820317","Kaempferol\52-35820317-Plant derived bioactive compounds in Source Biomed Pharmacother SO 2022 (1).pdf","Plant-derived bioactive compounds in colon cancer treatment: An updated review.","Included","2022","2022/09/01","Kaempferol","药用植物","Not established from this row alone","Dietary, generic botanical, or non-specific natural-product source","PMID 35820317; PMID35820317","Review/background evidence","Row-level annotation; deduplicate by PMID for final reference-level counts"
"Kaempferol","Flavonoids","传统中药的代表性成分","单变量 Cox、多变量 Cox 和 Lasso-Cox 回归模型，并使用分子对接来绘制将两种成分与预后基因结合的模型","Network/in silico","not captured in source extraction","not reported","调节免疫检查点、免疫浸润，增强免疫系统功能","not captured","not reported","not reported","Level 4: in silico-only","Immune microenvironment","37497415","PMID37497415","Kaempferol\53-37497415-Network pharmacology and bioinformatics were used Source J Cancer 2023 Jul 3 14 11 1956 1980.PDF","Network pharmacology and bioinformatics were used to construct a prognostic model and immunoassay of core target genes in the combination of quercetin and kaempferol in the treatment of colorectal cancer.","Included","2023","2023/07/03","Kaempferol","传统中药的代表性成分","Source-dependent—named Chinese medicinal material or TCM preparation recorded","Requires source-level constituent verification for the specific record","PMID 37497415; PMID37497415","Network pharmacology/in silico evidence","Row-level annotation; deduplicate by PMID for final reference-level counts"
"Kaempferol","Flavonoids","葱属和芸苔属蔬菜和水果中、许多食用植物","体外、动物实验、流行病学研究","In vitro + in vivo","not captured in source extraction","PI3K-Akt-mTOR 通路","影响人结肠癌 （HCT-116） 细胞的细胞周期、细胞死亡和增殖","not captured","not reported","not reported","Level 1: animal-validated mechanistic evidence","Apoptosis/cell cycle; PI3K/Akt/mTOR/metabolism","38948535","PMID38948535","isorhamnetin\198-38948535-Targeting colorectal cancer using di Source Cancer Innov SO 2023.pdf","Targeting colorectal cancer using dietary flavonols.","Included","2023","2023/11/28","Kaempferol","葱属和芸苔属蔬菜和水果中、许多食用植物","Not established from this row alone","Dietary, generic botanical, or non-specific natural-product source","PMID 38948535; PMID38948535","Extract/formula/decoction contextual evidence","Row-level annotation; deduplicate by PMID for final reference-level counts"
"Kaempferol","Flavonoids","饮食","计算机辅助药物设计方法筛选","Not specified","not captured in source extraction","HER2 扩增和/或激活 Kras-MEK 下游信号","抗血管生成","not captured","not reported","not reported","Excluded: insufficient extractable evidence","EMT/ECM/metastasis","35147860","PMID35147860","Kaempferol\55-35147860-Reckoning apigenin and kaempferol as Source Mol Divers SO 2022 Feb 10.pdf","Reckoning apigenin and kaempferol as a potential multi-targeted inhibitor of EGFR/HER2-MEK pathway of metastatic colorectal cancer identified using rigorous computational workflow.","Excluded: insufficient extractable evidence","2022","2022/12/01","Kaempferol","饮食","Not established from this row alone","Dietary, generic botanical, or non-specific natural-product source","PMID 35147860; PMID35147860","Not assessed for final attribution (excluded record)","Row-level annotation; deduplicate by PMID for final reference-level counts"
"Kaempferol","Flavonoids","植物药物","人结肠癌细胞","In vitro","not captured in source extraction","miR-339-5p 介导的 PKM 可变剪接通路","抑制结肠癌细胞的 有氧糖酵解；
逆转肿瘤细胞的能量代谢重编程，从而抑制恶性表型","not captured","not reported","not reported","Contextual review-only","PI3K/Akt/mTOR/metabolism","40488304","PMID40488304","Kaempferol\56-40488304-Herbal Medicine for Colorectal Cance Source Cell Prolif SO 2025 (1).pdf","Herbal Medicine for Colorectal Cancer Treatment: Molecular Mechanisms and Clinical Applications.","Included","2025","2025/10/01","Kaempferol","植物药物","Not established from this row alone","Dietary, generic botanical, or non-specific natural-product source","PMID 40488304; PMID40488304","Review/background evidence","Row-level annotation; deduplicate by PMID for final reference-level counts"
"Kaempferol","Flavonoids","天然黄酮类化合物","体外细胞模型：
人结直肠癌细胞 HT-29","In vitro","100 µM kaempferol with 50 µM 5-FU for 48 h","PI3K/Akt 信号通路","诱导细胞凋亡；
增强5-FU的细胞毒性；
抑制胸苷酸合成酶","not captured","not reported","not reported","Level 3: cell-based mechanistic evidence","Apoptosis/cell cycle; PI3K/Akt/mTOR/metabolism","31180555","PMID31180555","Kaempferol\57-31180555-Synergistic effect of kaempferol and 5 luoroura Source Mol Med Rep 2019 Jul 20 1 728 734.PDF","Synergistic effect of kaempferol and 5fluorouracil on the growth of colorectal cancer cells by regulating the PI3K/Akt signaling pathway.","Included","2019","2019/07/01","Kaempferol","天然黄酮类化合物","Not established from this row alone","Dietary, generic botanical, or non-specific natural-product source","PMID 31180555; PMID31180555","Purified isolated compound: Kaempferol","Row-level annotation; deduplicate by PMID for final reference-level counts"
"Kaempferol","Flavonoids","芍药汤","动物模型：AOM/DSS 诱导的结肠炎相关结直肠癌（CAC）小鼠模型","In vivo","not captured in source extraction","连接44个靶点","抗炎作用；
促凋亡作用；
抑制细胞增殖","yes","not reported","not reported","Contextual mixture/formulation evidence","Apoptosis/cell cycle","39929402","PMID39929402","Kaempferol\58-39929402-in silico and animal studies on the source j ethnopharmacol so 2025.pdf","In silico and animal studies on the anti-cancer mechanisms of Shaoyao Decoction against colitis-associated colorectal cancer.","Included","2025","2025/04/09","Kaempferol","芍药汤","Source-dependent—named Chinese medicinal material or TCM preparation recorded","Requires source-level constituent verification for the specific record","PMID 39929402; PMID39929402","Extract/formula/decoction contextual evidence","Row-level annotation; deduplicate by PMID for final reference-level counts"
"Kaempferol","Flavonoids","姜科植物山奈的根茎、茶叶、花椰菜、山楂、蜂花粉、柚子等绿色植物中提取","HCT8 and 5-FU-resistant HCT8-R colorectal cancer cells (verified in local PDF)","In vitro","not captured in source extraction","促进结肠癌细胞中 microRNA-326（miR-326）的表达","降低了耐药结直肠癌细胞的葡萄糖摄取和乳酸产生，逆转结直肠癌细胞对 5-Fu 的耐药性，从而抑制糖酵解过程","not captured","not reported","not reported","Level 3: cell-based mechanistic evidence","PI3K/Akt/mTOR/metabolism","35408903","PMID35408903","Kaempferol\59-35408903-Kaempferol Can Reverse the 5-Fu Resistance of Colorectal.pdf","Kaempferol Can Reverse the 5-Fu Resistance of Colorectal Cancer Cells by Inhibiting PKM2-Mediated Glycolysis.","Included","2022","2022/03/24","Kaempferol","姜科植物山奈的根茎、茶叶、花椰菜、山楂、蜂花粉、柚子等绿色植物中提取","Source-dependent—named Chinese medicinal material or TCM preparation recorded","Requires source-level constituent verification for the specific record","PMID 35408903; PMID35408903","Purified isolated compound: Kaempferol","Row-level annotation; deduplicate by PMID for final reference-level counts"
"Kaempferol","Flavonoids","薏苡附子败酱散","人结直肠癌细胞系：SW1116、SW837
实验类型：体外细胞培养","In vitro","not captured in source extraction","推断线粒体凋亡通路","诱导细胞周期阻滞：S期和G2/M期积累；
诱导凋亡：表现为sub-G1峰增加、DNA断裂；
增强索拉非尼","not captured","not reported","not reported","Level 3: cell-based mechanistic evidence","Apoptosis/cell cycle","37365571","PMID37365571","Kaempferol\60-37365571-Therapeutic efficacy of sorafenib an  Complement Med Ther.pdf","Therapeutic efficacy of sorafenib and plant-derived phytochemicals in human colorectal cancer cells.","Included","2023","2023/06/26","Kaempferol","薏苡附子败酱散","Source-dependent—named Chinese medicinal material or TCM preparation recorded","Requires source-level constituent verification for the specific record","PMID 37365571; PMID37365571","Extract/formula/decoction contextual evidence","Row-level annotation; deduplicate by PMID for final reference-level counts"
"Kaempferol","Flavonoids","在于各种蔬菜、水果和草药","体外模型：
Caco-2 细胞（人结肠腺癌细胞，用于肠道屏障和炎症研究）
HCT116 细胞（人结肠癌细胞，含突变型 p53）","In vitro","not captured in source extraction","ERK 通路","抑制肠道炎症；
促进结肠癌细胞凋亡；
增强肠道屏障功能","not captured","not reported","not reported","Contextual review-only","Apoptosis/cell cycle; NF-kB/STAT3/inflammation; MAPK/JNK/ERK","37627637","PMID37627637","Kaempferol\61-37627637-A Critical Review of Kaempferol in I Source Antioxidants Basel SO 2023.pdf","A Critical Review of Kaempferol in Intestinal Health and Diseases.","Included","2023","2023/08/20","Kaempferol","在于各种蔬菜、水果和草药","Not established from this row alone","Dietary, generic botanical, or non-specific natural-product source","PMID 37627637; PMID37627637","Review/background evidence","Row-level annotation; deduplicate by PMID for final reference-level counts"
"Kaempferol","Flavonoids","参芪三解颗粒","体外：9 种不同的癌细胞系（包括 5 个 CRC 细胞系、1 个乳腺癌细胞系、2 个肺腺癌细胞系和 1 个宫颈癌细胞系）和小鼠 CRC 细胞系 CT26 
体内：皮下同基因小鼠模型和 AOM（嘧氧甲烷）/DSS（葡聚糖硫酸钠）诱导的原位结肠炎相关小鼠 CRC 模型","In vitro + in vivo","not captured in source extraction","Hmox1 介导的铁死亡","抑制 CRC 细胞系 CT26 的生长和转移，并诱导细胞死亡","not captured","not reported","not reported","Contextual mixture/formulation evidence","ROS/ferroptosis; EMT/ECM/metastasis","39347400","PMID39347400","Kaempferol\39347400-Shenqi Sanjie Granules induce Hmox1 Source Heliyon SO 2024.pdf","Shenqi Sanjie Granules induce Hmox1-mediated ferroptosis to inhibit colorectal cancer.","Included","2024","2024/09/17","Kaempferol","参芪三解颗粒","Source-dependent—named Chinese medicinal material or TCM preparation recorded","Requires source-level constituent verification for the specific record","PMID 39347400; PMID39347400","Extract/formula/decoction contextual evidence","Row-level annotation; deduplicate by PMID for final reference-level counts"
"Kaempferol","Flavonoids","天然膳食","DLD-1（结直肠癌）、A549（肺癌）、HUH-7（肝癌）、HeLa（宫颈癌）和 NCI-h295R（肾上腺癌），以及健康的上皮细胞系 CCD-18Co","In vitro","not captured in source extraction","山奈酚通过内质网应激介导的细胞死亡和 BcL-2 调节诱导结直肠癌细胞死亡","抑制增殖、诱导 ER 应激、促凋亡","not captured","not reported","not reported","Level 3: cell-based mechanistic evidence","Apoptosis/cell cycle","41045501","PMID41045501","Kaempferol\63-41045501-endoplasmic reticulum stress mediate source chem biodivers so 2025.pdf","Endoplasmic Reticulum Stress-Mediated Apoptosis Induced by Kaempferol in Colorectal Cancer Cells.","Included","2025","2025/12/01","Kaempferol","天然膳食","Not established from this row alone","Dietary, generic botanical, or non-specific natural-product source","PMID 41045501; PMID41045501","Purified isolated compound: Kaempferol","Row-level annotation; deduplicate by PMID for final reference-level counts"
"Kaempferol","Flavonoids","植物","CRL1554 成纤维细胞，CRC 细胞","In vitro","not captured in source extraction","not reported","CRC 细胞的联合处理在 S 期和 G2/M 期阻止细胞生长，诱导凋亡细胞死亡，引起广泛的线粒体膜损伤，并改变细胞周期和凋亡蛋白的表达。","not captured","not reported","not reported","Level 3: cell-based mechanistic evidence","Apoptosis/cell cycle","37365571","PMID37365571","Kaempferol\60-37365571-Therapeutic efficacy of sorafenib an  Complement Med Ther.pdf","Therapeutic efficacy of sorafenib and plant-derived phytochemicals in human colorectal cancer cells.","Included","2023","2023/06/26","Kaempferol","植物","Not established from this row alone","Dietary, generic botanical, or non-specific natural-product source","PMID 37365571; PMID37365571","Extract/formula/decoction contextual evidence","Row-level annotation; deduplicate by PMID for final reference-level counts"
"Kaempferol","Flavonoids","山奈","体外细胞模型：CT26 细胞（小鼠结肠癌细胞系）","In vitro + in vivo","not captured in source extraction","STING 通路激活
内质网应激 → 胞质 Ca²⁺ 超载","激活 STING 通路，诱导干扰素及相关细胞因子表达；
引起 胞内游离 Ca²⁺ 显著升高；
增强免疫相关信号传导","not captured","not reported","not reported","Level 1: animal-validated mechanistic evidence","Apoptosis/cell cycle; NF-kB/STAT3/inflammation; Immune microenvironment","39016938","PMID39016938","Kaempferol\65-39016938-Chondroitin Sulfate Modified Hydroxy Source Small SO 2024.pdf","Chondroitin Sulfate-Modified Hydroxyapatite for Caspase-1 Activated Induced Pyroptosis through Ca Overload/ER Stress/STING/IRF3 Pathway in Colorectal Cancer.","Included","2024","2024/10/01","Kaempferol","山奈","Source-dependent—named Chinese medicinal material or TCM preparation recorded","Requires source-level constituent verification for the specific record","PMID 39016938; PMID39016938","Formulation/nanodelivery contextual evidence","Row-level annotation; deduplicate by PMID for final reference-level counts"
"Kaempferol","Flavonoids","治疗 mCRC 的高频中药复方","基于临床 RCT 荟萃分析 + 网络药理学预测","Network/in silico","not captured in source extraction","CDKN1A、CDK1、CDK2、E2F1、CDK4、PCNA、RB1、CCNA2、MAPK3、CCND1、CCNB1、JUN、MAPK1、RELA、FOS、MAPK8、STAT3、MAPK14、NR3C1 和 MYC","可能通过靶向上述枢纽基因的多个生物学过程来抑制 mCRC","not captured","not reported","not reported","Level 4: in silico-only","NF-kB/STAT3/inflammation; MAPK/JNK/ERK; EMT/ECM/metastasis","34781857","PMID34781857","isorhamnetin\203-34781857-Network Pharmacology Analysis to Explore the Pharmaco.pdf","Network Pharmacology Analysis to Explore the Pharmacological Mechanism of Effective Chinese Medicines in Treating Metastatic Colorectal Cancer using Meta-Analysis Approach.","Included","2021","2021/01/01","Kaempferol","治疗 mCRC 的高频中药复方","Source-dependent—named Chinese medicinal material or TCM preparation recorded","Requires source-level constituent verification for the specific record","PMID 34781857; PMID34781857","Network pharmacology/in silico evidence","Row-level annotation; deduplicate by PMID for final reference-level counts"
"Kaempferol","Flavonoids","薏苡附子败酱散","not reported","Not specified","not captured in source extraction","PI3K-Akt 信号通路、TNF 信号通路和 IL-17 信号通路","控制细胞凋亡、增殖以及蛋白质和酶的结合来减缓结直肠癌的进展。","not captured","not reported","not reported","Contextual mixture/formulation evidence","Apoptosis/cell cycle; PI3K/Akt/mTOR/metabolism; MAPK/JNK/ERK","36735641","PMID36735641","beta-sitosterol\211-36735641-exploring the mechanism of action of source biotechnol genet eng rev so 2023.pdf","Exploring the mechanism of action of Yiyi Fuzi Baijiang powder in colorectal cancer based on network pharmacology and molecular docking studies.","Included","2023","2023/10/01","Kaempferol","薏苡附子败酱散","Source-dependent—named Chinese medicinal material or TCM preparation recorded","Requires source-level constituent verification for the specific record","PMID 36735641; PMID36735641","Extract/formula/decoction contextual evidence","Row-level annotation; deduplicate by PMID for final reference-level counts"
"Kaempferol","Flavonoids","PubChem","概念药效团建模、分子对接和分子动力学分析","Network/in silico","not captured in source extraction","CDK2","抑制CDK2活性","not captured","not reported","not reported","Level 4: in silico-only","not assigned","39233923","PMID39233923","Kaempferol\68-39233923-Molecular insights into kaempferol d Source Front Chem SO 2024.pdf","Molecular insights into kaempferol derivatives as potential inhibitors for CDK2 in colon cancer: pharmacophore modeling, docking, and dynamic analysis.","Included","2024","2024/08/21","Kaempferol","PubChem","Not established from this row alone","Dietary, generic botanical, or non-specific natural-product source","PMID 39233923; PMID39233923","Network pharmacology/in silico evidence","Row-level annotation; deduplicate by PMID for final reference-level counts"
"Kaempferol","Flavonoids","蔬菜、水果和中药材","结肠癌细胞","In vitro","not captured in source extraction","miR-339-5p / PKM 可变剪接通路；
ERK1/2 通路；
AKT 通路；
磷酸戊糖途径（PPP）","诱导 DNA 损伤；
抑制细胞增殖；
诱导 细胞周期阻滞 和 凋亡；
抑制 有氧糖酵解；
抑制 非氧化磷酸戊糖途径（PPP），减少 R5P 和 NADPH 生成","not captured","not reported","not reported","Level 3: cell-based mechanistic evidence","Apoptosis/cell cycle; PI3K/Akt/mTOR/metabolism; MAPK/JNK/ERK; ROS/ferroptosis","40091822","PMID40091822","Kaempferol\69-40091822-Kaempferol Induces DNA Damage in Col Source J Agric Food Chem SO 2025.pdf","Kaempferol Induces DNA Damage in Colorectal Cancer Cells by Regulating the MiR-195/miR-497-PFKFB4-Mediated Nonoxidative Pentose Phosphate Pathway.","Included","2025","2025/04/09","Kaempferol","蔬菜、水果和中药材","Source-dependent—named Chinese medicinal material or TCM preparation recorded","Requires source-level constituent verification for the specific record","PMID 40091822; PMID40091822","Purified isolated compound: Kaempferol","Row-level annotation; deduplicate by PMID for final reference-level counts"
"Kaempferol","Flavonoids","Carlina acaulis植物","正常上皮结肠细胞系（CCD 841CoTr）、人结直肠腺癌（HT29）和人宫颈癌（HeLa）细胞","In vitro","not captured in source extraction","not reported","not reported","not captured","not reported","not reported","Excluded: insufficient extractable evidence","not assigned","37630400","not available","Kaempferol\70-37630400-Polyphenolic Composition of Carlina Source Molecules SO 2023.pdf","not retained - incomplete bibliographic metadata","Excluded: incomplete bibliographic title requiring verification","2023","2023/08/20","Kaempferol","Carlina acaulis植物","Not established from this row alone","Dietary, generic botanical, or non-specific natural-product source","PMID 37630400; not available","Not assessed for final attribution (excluded record)","Row-level annotation; deduplicate by PMID for final reference-level counts"
"Kaempferol","Flavonoids","清热解毒药 JC724","网络药理学 + 转录组分析（in silico）","Network/in silico","not captured in source extraction","Nrf2 信号通路、氧化应激和 IL-17 信号通路","调控基因表达，影响氧化应激与炎症，抑制肿瘤","not captured","not reported","not reported","Level 4: in silico-only","NF-kB/STAT3/inflammation; ROS/ferroptosis","36684054","PMID36684054","beta-sitosterol\212-36684054-a.pdf","Network pharmacology-based analysis of heat clearing and detoxifying drug JC724 on the treatment of colorectal cancer.","Included","2023","2023/01/15","Kaempferol","清热解毒药 JC724","Not established from this row alone","Dietary, generic botanical, or non-specific natural-product source","PMID 36684054; PMID36684054","Network pharmacology/in silico evidence","Row-level annotation; deduplicate by PMID for final reference-level counts"
"Kaempferol","Flavonoids","小柴胡汤","网络药理学 + 分子对接","Network/in silico","not captured in source extraction","IL-17、TNF、Toll 样受体和 NF-kappa B 信号通路","not reported","not captured","not reported","not reported","Level 4: in silico-only","NF-kB/STAT3/inflammation; EMT/ECM/metastasis","34125845","PMID34125845","Kaempferol\72-34125845-Network pharmacology and molecular docking study o Source PLoS One 2021 Jun 14 16 6 e0252508.PDF","Network pharmacology and molecular docking study on the mechanism of colorectal cancer treatment using Xiao-Chai-Hu-Tang.","Included","2021","2021/06/14","Kaempferol","小柴胡汤","Source-dependent—named Chinese medicinal material or TCM preparation recorded","Requires source-level constituent verification for the specific record","PMID 34125845; PMID34125845","Network pharmacology/in silico evidence","Row-level annotation; deduplicate by PMID for final reference-level counts"
"Kaempferol","Flavonoids","黄芪-莪术","not reported","Not specified","not captured in source extraction","not reported","not reported","not captured","not reported","not reported","Level 4: in silico/contextual evidence","not assigned","40151125","PMID40151125","not matched","Integrating network pharmacology and experimental validation to uncover the synergistic effects of Huangqi ()-Ezhu () with 5-fluorouracil in colorectal cancer models.","Excluded: no local PDF matched","2025","2025/04/01","Kaempferol","黄芪-莪术","Source-dependent—named Chinese medicinal material or TCM preparation recorded","Requires source-level constituent verification for the specific record","PMID 40151125; PMID40151125","Not assessed for final attribution (excluded record)","Row-level annotation; deduplicate by PMID for final reference-level counts"
"Kaempferol","Flavonoids","Dodonaea viscosa Jacq.","结直肠癌细胞（SW480 和 SW620）","In vitro","not captured in source extraction","p53/caspase-3 介导的内源性凋亡通路","细胞毒性、抗增殖和细胞死亡诱导","not captured","not reported","not reported","Contextual mixture/formulation evidence","Apoptosis/cell cycle","38041881","PMID38041881","Kaempferol\74-38041881-optimization of pluchea indica l source ultrason sonochem so 2023.pdf","Optimization of Pluchea indica (L.) leaf extract using ultrasound-assisted extraction and its cytotoxicity on the HT-29 colorectal cancer cell line.","Included","2023","2023/12/01","Kaempferol","Dodonaea viscosa Jacq.","Not established from this row alone","Dietary, generic botanical, or non-specific natural-product source","PMID 38041881; PMID38041881","Extract/formula/decoction contextual evidence","Row-level annotation; deduplicate by PMID for final reference-level counts"
"Kaempferol","Flavonoids","天然黄酮类化合物","分子水平模型：重组 OGT 蛋白、体外结合实验（SIP、CETSA）、分子对接与分子动力学模拟","In vitro","not captured in source extraction","通过 直接结合 OGT（O-GlcNAc 转移酶），抑制其活性，从而 降低整体蛋白 O-GlcNAcylation 水平，干扰 O-GlcNAc 修饰依赖的癌症信号通路","Kaempferol 与 OGT 特异性结合；
降低 OGT 稳定性或活性（CETSA 显示结合后热变性温度变化）；
干扰 O-GlcNAc 修饰对 HSP47 等客户蛋白的调控","not captured","not reported","not reported","Level 3: cell-based mechanistic evidence","EMT/ECM/metastasis","40959291","PMID40959291","Kaempferol\75-40959291-o glcnacylated hsp47 as a predictive source int j biol sci so 2025.pdf","O-GlcNAcylated Hsp47 as a predictive biomarker in colorectal cancer: Kaempferol targets OGT-collagen axis for therapeutic intervention.","Included","2025","2025/08/30","Kaempferol","天然黄酮类化合物","Not established from this row alone","Dietary, generic botanical, or non-specific natural-product source","PMID 40959291; PMID40959291","Purified isolated compound: Kaempferol","Row-level annotation; deduplicate by PMID for final reference-level counts"
"Kaempferol","Flavonoids","山奈","体外：CT26（小鼠）和 HCT116（人）结直肠癌细胞
体内：小鼠结直肠癌肿瘤组织","In vitro + in vivo","not captured in source extraction","MMP3 介导的肿瘤侵袭与转移通路","抑制 MMP3 蛋白活性；
下调 MMP3 基因表达；
潜在抑制肿瘤细胞迁移与侵袭","not captured","not reported","not reported","Contextual mixture/formulation evidence","EMT/ECM/metastasis","39002822","PMID39002822","Kaempferol\76-39002822-Integrating UHPLC Q TOF MS MS Netwo Source J Ethnopharmacol SO 2024 (1).pdf","Integrating UHPLC-Q-TOF-MS/MS, network pharmacology, bioinformatics and experimental validation to uncover the anti-cancer mechanisms of TiaoPi AnChang decoction in colorectal cancer.","Included","2024","2024/11/15","Kaempferol","山奈","Source-dependent—named Chinese medicinal material or TCM preparation recorded","Requires source-level constituent verification for the specific record","PMID 39002822; PMID39002822","Extract/formula/decoction contextual evidence","Row-level annotation; deduplicate by PMID for final reference-level counts"
"Kaempferol","Flavonoids","小柴胡汤","纯计算性研究","Network/in silico","not captured in source extraction","预测PI3K-Akt 信号通路；MAPK 信号通路；TNF、IL-17、HIF-1 等炎症与肿瘤相关通路","预测抗炎作用；
抑制肿瘤细胞增殖；调控细胞凋亡","not captured","not reported","not reported","Level 4: in silico-only","Apoptosis/cell cycle; PI3K/Akt/mTOR/metabolism; NF-kB/STAT3/inflammation; MAPK/JNK/ERK; EMT/ECM/metastasis","34125845","PMID34125845","Kaempferol\72-34125845-Network pharmacology and molecular docking study o Source PLoS One 2021 Jun 14 16 6 e0252508.PDF","Network pharmacology and molecular docking study on the mechanism of colorectal cancer treatment using Xiao-Chai-Hu-Tang.","Included","2021","2021/06/14","Kaempferol","小柴胡汤","Source-dependent—named Chinese medicinal material or TCM preparation recorded","Requires source-level constituent verification for the specific record","PMID 34125845; PMID34125845","Network pharmacology/in silico evidence","Row-level annotation; deduplicate by PMID for final reference-level counts"
"Kaempferol","Flavonoids","黄连和乌梅","基于数据库的网络药理学与分子对接分析","Network/in silico","not captured in source extraction","炎症（IL1B, IL-6）、细胞周期（CCND1, MYC）、血管生成（VEGFA）、基质降解（MMPs） 等通路","抑制炎症反应
抑制肿瘤细胞增殖;
抑制血管生成;
抑制肿瘤侵袭与转移;
调节肿瘤免疫微环境","not captured","not reported","not reported","Level 4: in silico-only","Apoptosis/cell cycle; NF-kB/STAT3/inflammation; EMT/ECM/metastasis; Immune microenvironment","35783510","not available","Kaempferol\78-35783510-characterizing the antitumor effect source evid based complement alternat med so 2022 2022 9061752.pdf","not retained - incomplete bibliographic metadata","Excluded: no CRC-specific model or outcome extracted","2022","2022/06/23","Kaempferol","黄连和乌梅","Not established from this row alone","Dietary, generic botanical, or non-specific natural-product source","PMID 35783510; not available","Not assessed for final attribution (excluded record)","Row-level annotation; deduplicate by PMID for final reference-level counts"
"Kaempferol","Flavonoids","天然酚类化合物","not reported","Not specified","not captured in source extraction","可能Toll-like receptors (TLR1, TLR2, TLR3, TLR4, TLR7, TLR8, TLR9)；
TNF 家族（TNF, TNFAIP3, TNFRSF10A/B）；
 凋亡相关基因（CASP1, CASP8, BCL2, BCL2L1, BIRC2/4）未特指由 Kaempferol 介导。","抗氧化、抗增殖","not captured","not reported","not reported","Excluded: insufficient extractable evidence","Apoptosis/cell cycle; ROS/ferroptosis","34291706","not available","Kaempferol\79-34291706-the phytochemical profile and biolog source nutr cancer actions search in pubmed search in nlm catalog add to search 2021 jul 22 1 15 doi 10 1080 01635581 2021 1952455 online ahead of print.pdf","not retained - incomplete bibliographic metadata","Excluded: no CRC-specific model or outcome extracted","2022","2022/01/01","Kaempferol","天然酚类化合物","Not established from this row alone","Dietary, generic botanical, or non-specific natural-product source","PMID 34291706; not available","Not assessed for final attribution (excluded record)","Row-level annotation; deduplicate by PMID for final reference-level counts"
"Kaempferol","Flavonoids","乌梅","体外模型：结直肠癌（CRC）细胞；
体内模型：CRC 荷瘤小鼠模型","In vitro + in vivo","not captured in source extraction","RelA / NF-κB 信号通路。","显著抑制 CRC 细胞的生长、迁移和侵袭","not captured","not reported","not reported","Level 1: animal-validated mechanistic evidence","Apoptosis/cell cycle; NF-kB/STAT3/inflammation; EMT/ECM/metastasis","34867383","not available","Kaempferol\80-34867383-network pharmacology and molecular d source front pharmacol so 2021 12 761980.pdf","not retained - incomplete bibliographic metadata","Excluded: incomplete bibliographic title requiring verification","2021","2021/11/19","Kaempferol","乌梅","Not established from this row alone","Dietary, generic botanical, or non-specific natural-product source","PMID 34867383; not available","Not assessed for final attribution (excluded record)","Row-level annotation; deduplicate by PMID for final reference-level counts"
"Kaempferol","Flavonoids","益肺健脾通腑方Yifei Jianpi Tongfu Formula (YJTF)","体内模型：结直肠癌肺转移小鼠模型","In vivo","not captured in source extraction","黏着斑、黏附连接、上皮-间质转化（EMT）通路","抑制结直肠癌肺转移；
改善荷瘤小鼠生活质量；
抑制 EMT 过程","yes","not reported","not reported","Contextual mixture/formulation evidence","PI3K/Akt/mTOR/metabolism; EMT/ECM/metastasis","35942366","PMID35942366","isorhamnetin\202-35942366-study on the action mechanism of the source evid based complement alternat med so 2022.pdf","Study on the Action Mechanism of the Yifei Jianpi Tongfu Formula in Treatment of Colorectal Cancer Lung Metastasis Based on Network Analysis, Molecular Docking, and Experimental Validation.","Included","2022","2022/07/30","Kaempferol","益肺健脾通腑方Yifei Jianpi Tongfu Formula (YJTF)","Source-dependent—named Chinese medicinal material or TCM preparation recorded","Requires source-level constituent verification for the specific record","PMID 35942366; PMID35942366","Extract/formula/decoction contextual evidence","Row-level annotation; deduplicate by PMID for final reference-level counts"
"Kaempferol","Flavonoids","强效抗癌生物活性化合物","计算生物学研究，采用反向药理学网络方法，结合分子对接","Network/in silico","not captured in source extraction","FOXO 信号通路","多靶点协同抑制结直肠癌；
抑制 CRC 相关蛋白的过度表达；
通过稳定蛋白-配体复合物干扰癌细胞信号传导","not captured","not reported","not reported","Level 4: in silico-only","not assigned","38795259","PMID38795259","Kaempferol\82-38795259-unravelling the molecular mechanisti source mol divers so 2024.pdf","Unravelling the molecular mechanistic pathway underlying the anticancer effects of kaempferol in colorectal cancer: a reverse pharmacology network approach.","Included","2025","2025/04/01","Kaempferol","强效抗癌生物活性化合物","Not established from this row alone","Dietary, generic botanical, or non-specific natural-product source","PMID 38795259; PMID38795259","Network pharmacology/in silico evidence","Row-level annotation; deduplicate by PMID for final reference-level counts"
"Kaempferol","Flavonoids","肠胃清Changweiqing (CWQ)","计算模型：基于 TCMSP、SwissTargetPrediction、TCGA 等数据库的网络药理学与 WGCNA 分析","Network/in silico","not captured in source extraction","癌症相关通路；
MAPK 信号通路；
AGE-RAGE 信号通路；
p53 信号通路；
FoxO 信号通路；
细胞周期调控","not reported","not captured","not reported","not reported","Level 4: in silico-only","Apoptosis/cell cycle; MAPK/JNK/ERK","40065477","PMID40065477","isorhamnetin\40065477-Network pharmacological approach com Source Hereditas SO 2025.pdf","Network pharmacological approach combined with weighted gene co-expression network analysis identifies CDKN2A as the keg target of Changweiqing against colorectal cancer.","Included","2025","2025/03/10","Kaempferol","肠胃清Changweiqing (CWQ)","Not established from this row alone","Dietary, generic botanical, or non-specific natural-product source","PMID 40065477; PMID40065477","Network pharmacology/in silico evidence","Row-level annotation; deduplicate by PMID for final reference-level counts"
"Kaempferol","Flavonoids","仙流阶段方Xianliu Jieduan Fang (XLJDF)","体内模型：AOM/DSS 诱导的结肠炎相关结直肠癌（CAC）","In vivo","not captured in source extraction","Wnt/β-catenin 信号通路；
凋亡调控通路；
细胞迁移调控通路","改善结肠病理损伤；
抑制 β-catenin 蛋白稳定化；
促进癌细胞凋亡；
抑制细胞迁移","yes","not reported","not reported","Level 2: in vivo evidence","Apoptosis/cell cycle; PI3K/Akt/mTOR/metabolism; Wnt/beta-catenin/stemness; EMT/ECM/metastasis","40324811","PMID40324811","Kaempferol\84-40324811-exploring the anticancer effects of source biomed chromatogr so 2025.pdf","Exploring the Anticancer Effects of Xianliu Jieduan Fang on Colitis-Associated Colorectal Cancer Through Network Pharmacology and Experimental Validation.","Included","2025","2025/06/01","Kaempferol","仙流阶段方Xianliu Jieduan Fang (XLJDF)","Source-dependent—named Chinese medicinal material or TCM preparation recorded","Requires source-level constituent verification for the specific record","PMID 40324811; PMID40324811","Network pharmacology/in silico evidence","Row-level annotation; deduplicate by PMID for final reference-level counts"
"Kaempferol","Flavonoids","植物","分子动力学模拟模型","Not specified","not captured in source extraction","not reported","not reported","not captured","not reported","not reported","Excluded: insufficient extractable evidence","not assigned","34575665","PMID34575665","Kaempferol\85-34575665-analysis of syk gene as a prognostic biomarker and sug source j pers med 2021 sep 6 11 9 888.pdf","Analysis of SYK Gene as a Prognostic Biomarker and Suggested Potential Bioactive Phytochemicals as an Alternative Therapeutic Option for Colorectal Cancer: An In-Silico Pharmaco-Informatics Investigation.","Excluded: insufficient extractable evidence","2021","2021/09/06","Kaempferol","植物","Not established from this row alone","Dietary, generic botanical, or non-specific natural-product source","PMID 34575665; PMID34575665","Not assessed for final attribution (excluded record)","Row-level annotation; deduplicate by PMID for final reference-level counts"
"Kaempferol","Flavonoids","日常饮食中的常见多酚","ApcMin/+ 小鼠（结肠癌易感转基因小鼠模型）","In vivo","not captured in source extraction","胆汁酸（BA）信号通路；
G 蛋白偶联受体（GPCR）通路；
NOD 样受体通路；
次级胆汁酸合成通路","减少肿瘤负荷；
修复受损肠道屏障；
抑制细胞增殖；
调节胆汁酸代谢；
改善肠道菌群结构；
影响细胞分化、增殖、存活与凋亡","yes","not reported","not reported","Level 2: in vivo evidence","Apoptosis/cell cycle","35065044","PMID35065044","Kaempferol\86-35065044-kaempferol acts on bile acid signaling and gut microbiota to.pdf","Kaempferol acts on bile acid signaling and gut microbiota to attenuate the tumor burden in ApcMin/+ mice.","Included","2022","2022/03/05","Kaempferol","日常饮食中的常见多酚","Not established from this row alone","Dietary, generic botanical, or non-specific natural-product source","PMID 35065044; PMID35065044","Purified isolated compound: Kaempferol","Row-level annotation; deduplicate by PMID for final reference-level counts"
"Kaempferol","Flavonoids","鱼腥草","体外细胞模型：人结直肠癌细胞系 HCT116","In vitro","not captured in source extraction","AGE-RAGE 信号通路；炎症与免疫调节通路；上皮细胞增殖相关生物学过程","促进肿瘤细胞凋亡；下调促炎/促转移基因表；调节肿瘤免疫微环境达","not captured","not reported","not reported","Level 3: cell-based mechanistic evidence","Apoptosis/cell cycle; NF-kB/STAT3/inflammation; EMT/ECM/metastasis; Immune microenvironment","38888753","PMID38888753","not matched","Exploring the immunological mechanism of Houttuynia cordata in the treatment of colorectal cancer through combined network pharmacology and experimental validation.","Excluded: no local PDF matched","2024","2024/11/01","Kaempferol","鱼腥草","Not established from this row alone","Dietary, generic botanical, or non-specific natural-product source","PMID 38888753; PMID38888753","Not assessed for final attribution (excluded record)","Row-level annotation; deduplicate by PMID for final reference-level counts"
"Kaempferol","Flavonoids","大葱和菊苣的叶子中","体外细胞模型：
奥沙利铂敏感型 HCT116 细胞（HCT116-OxS）
奥沙利铂耐药型 HCT116 细胞（HCT116-OxR）
HT29 结肠癌细胞","In vitro","not captured in source extraction","MAPK 和 PI3K-AKT 信号通路；AP-1 转录激活通路；","最强的抗增殖作用；显著抑制 AP-1 转录活性","not captured","not reported","not reported","Level 3: cell-based mechanistic evidence","PI3K/Akt/mTOR/metabolism; MAPK/JNK/ERK","34750753","PMID34750753","Kaempferol\88-34750753-kaempferol sensitizes cell prolifera source arch pharm res so 2021 nov 9.pdf","Kaempferol sensitizes cell proliferation inhibition in oxaliplatin-resistant colon cancer cells.","Included","2021","2021/12/01","Kaempferol","大葱和菊苣的叶子中","Not established from this row alone","Dietary, generic botanical, or non-specific natural-product source","PMID 34750753; PMID34750753","Purified isolated compound: Kaempferol","Row-level annotation; deduplicate by PMID for final reference-level counts"
"Kaempferol","Flavonoids","扶正解毒方","纯计算性网络药理学分析","Network/in silico","not captured in source extraction","PI3K-Akt 信号通路；
FoxO 信号通路
HIF-1 信号通路）
T 细胞受体信号通路
ErbB 信号通路","调节细胞增殖
诱导细胞凋亡
抑制血管生成
调控炎症反应
调节免疫功能","not captured","not reported","not reported","Contextual mixture/formulation evidence","Apoptosis/cell cycle; PI3K/Akt/mTOR/metabolism; NF-kB/STAT3/inflammation; MAPK/JNK/ERK; EMT/ECM/metastasis; Immune microenvironment","33688358","PMID33688358","Kaempferol\89-33688358-network pharmacology inte source evid based complement alternat med 2021 feb 20 2021 4652492.pdf","Network Pharmacology Interpretation of Fuzheng-Jiedu Decoction against Colorectal Cancer.","Included","2021","2021/02/20","Kaempferol","扶正解毒方","Source-dependent—named Chinese medicinal material or TCM preparation recorded","Requires source-level constituent verification for the specific record","PMID 33688358; PMID33688358","Extract/formula/decoction contextual evidence","Row-level annotation; deduplicate by PMID for final reference-level counts"
"Kaempferol","Flavonoids","天然黄酮类化合物","人结肠癌细胞系：HCT116 和 DLD1","In vitro","not captured in source extraction","miR-339-5p → hnRNPA1/PTBP1 → PKM 剪接 → PKM2/PKM1 转换 → 抑制有氧糖酵解","1. 抑制结肠癌细胞增殖
2. 阻滞细胞周期于 G1 期
3. 诱导细胞凋亡
4. 抑制有氧糖酵解","not captured","not reported","not reported","Level 3: cell-based mechanistic evidence","Apoptosis/cell cycle; PI3K/Akt/mTOR/metabolism","33663206","PMID33663206","Kaempferol\90-33663206-network pharmacology inte source evid based complement alternat med 2021 feb 20 2021 4652492.pdf","Kaempferol Reverses Aerobic Glycolysis via miR-339-5p-Mediated PKM Alternative Splicing in Colon Cancer Cells.","Included","2021","2021/03/17","Kaempferol","天然黄酮类化合物","Not established from this row alone","Dietary, generic botanical, or non-specific natural-product source","PMID 33663206; PMID33663206","Purified isolated compound: Kaempferol","Row-level annotation; deduplicate by PMID for final reference-level counts"
"Kaempferol","Flavonoids","食用植物、药用植物及日常食物","计算模型：基于 TCMSP、SwissTargetPrediction、GeneCards、CTD 等数据库的网络药理学分析；
体外细胞实验模型：奥沙利铂处理的星形胶质细胞（astrocytes），用于模拟奥沙利铂诱导的神经毒性","In vitro","not captured in source extraction","IL-17 信号通路；炎症相关通路","下调炎症因子的 mRNA 表达；
缓解奥沙利铂诱导的神经毒性；
通过调控炎症相关基因发挥保护作用。","not captured","not reported","not reported","Level 3: cell-based mechanistic evidence","NF-kB/STAT3/inflammation","35574720","PMID35574720","Kaempferol\91-35574720-utilizing network pharmacological analysis to investigate the key targ.pdf","Utilizing network pharmacological analysis to investigate the key targets and mechanisms of kaempferol against oxaliplatin-induced neurotoxicity.","Excluded: no CRC-specific model or outcome extracted","2023","2023/01/01","Kaempferol","食用植物、药用植物及日常食物","Not established from this row alone","Dietary, generic botanical, or non-specific natural-product source","PMID 35574720; PMID35574720","Not assessed for final attribution (excluded record)","Row-level annotation; deduplicate by PMID for final reference-level counts"
"Kaempferol","Flavonoids","Wenzi Jiedu Decoction (WJD)","体内动物模型：结直肠癌荷瘤小鼠","In vivo","not captured in source extraction","趋化因子信号通路；
细胞凋亡通路","抑制肿瘤生长；
调节 T 细胞亚群比例；
促进肿瘤细胞凋亡；
抑制炎症趋化因子表达","yes","not reported","not reported","Contextual mixture/formulation evidence","Apoptosis/cell cycle; PI3K/Akt/mTOR/metabolism; NF-kB/STAT3/inflammation","39731415","PMID39731415","Formononetin\105-39731415-Integrating UPLC MS MS Bioinformatic Source Phytochem Anal SO 2024 (1).pdf","Integrating UPLC-MS/MS Bioinformatics and In Vivo Experiments Validation to Elucidate the Mechanism of Wenzi Jiedu Decoction in Suppressing Colorectal Cancer.","Included","2025","2025/06/01","Kaempferol","Wenzi Jiedu Decoction (WJD)","Source-dependent—named Chinese medicinal material or TCM preparation recorded","Requires source-level constituent verification for the specific record","PMID 39731415; PMID39731415","Extract/formula/decoction contextual evidence","Row-level annotation; deduplicate by PMID for final reference-level counts"
"Kaempferol","Flavonoids","三叶崖爬藤（Tetrastigma hemsleyanum）干燥根部的总黄酮提取物","体外：HCT-116 和 HT-29 人结直肠癌细胞系
体内：HCT-116 细胞裸鼠移植瘤模型","In vitro + in vivo","not captured in source extraction","PI3K/AKT/mTOR 信号通路","抑制结直肠癌细胞增殖；
抑制克隆形成能力；
促进 HCT-116 细胞凋亡；
延缓体内肿瘤生长","not captured","not reported","not reported","Level 1: animal-validated mechanistic evidence","Apoptosis/cell cycle; PI3K/Akt/mTOR/metabolism","35831026","PMID35831026","astragalin\161-35831026-Total flavonoids from the dried root Source Phytother Res SO 2022 (1).pdf","Total flavonoids from the dried root of Tetrastigma hemsleyanum Diels et Gilg inhibit colorectal cancer growth through PI3K/AKT/mTOR signaling pathway.","Included","2022","2022/11/01","Kaempferol","三叶崖爬藤（Tetrastigma hemsleyanum）干燥根部的总黄酮提取物","Not established from this row alone","Dietary, generic botanical, or non-specific natural-product source","PMID 35831026; PMID35831026","Extract/formula/decoction contextual evidence","Row-level annotation; deduplicate by PMID for final reference-level counts"
"Kaempferol","Flavonoids","Erteng-Sanjie 胶囊（ETSJC）","计算模型：网络药理学、PPI 网络、分子对接；
体内验证模型：动物实验","In vivo","not captured in source extraction","PI3K-Akt 信号通路","抑制胃癌和结直肠癌肿瘤细胞增殖；
促进肿瘤细胞凋亡","yes","not reported","not reported","Level 2: in vivo evidence","Apoptosis/cell cycle; PI3K/Akt/mTOR/metabolism; NF-kB/STAT3/inflammation; MAPK/JNK/ERK","38428659","PMID38428659","Kaempferol\94-38428659-exploring the mechanism of erteng sa source j ethnopharmacol so 2024.pdf","Exploring the mechanism of Erteng-Sanjie capsule in treating gastric and colorectal cancers via network pharmacology and in-vivo validation.","Included","2024","2024/06/12","Kaempferol","Erteng-Sanjie 胶囊（ETSJC）","Source-dependent—named Chinese medicinal material or TCM preparation recorded","Requires source-level constituent verification for the specific record","PMID 38428659; PMID38428659","Extract/formula/decoction contextual evidence","Row-level annotation; deduplicate by PMID for final reference-level counts"
"Kaempferol","Flavonoids","植物或食物","DMH 诱导的结直肠癌（CRC）动物模型","In vivo","not captured in source extraction","not reported","1. 血液保护作用
2. 免疫调节作用
3. 保护肠道和脾脏结构完整性
4. 改善肝损伤
5. 缓解肾功能损伤
6. 对抗 5-FU 引起的多器官毒性","yes","not reported","not reported","Level 2: in vivo evidence","Immune microenvironment","38287048","PMID38287048","Kaempferol\95-38287048-integrated blood and organ profile a sci rep.pdf","Integrated blood and organ profile analysis to evaluate ameliorative effects of kaempferol on 5-fluorouracil-induced toxicity.","Included","2024","2024/01/29","Kaempferol","植物或食物","Not established from this row alone","Dietary, generic botanical, or non-specific natural-product source","PMID 38287048; PMID38287048","Purified isolated compound: Kaempferol","Row-level annotation; deduplicate by PMID for final reference-level counts"
"Kaempferol","Flavonoids","黄芪","计算模型：网络药理学分析；体内动物模型：转移性结肠癌小鼠模型","In vivo","not captured in source extraction","细胞凋亡通路","促进肿瘤细胞凋亡；
上调促凋亡蛋白（Bax, Caspase3, Cleaved caspase3）；
下调抗凋亡蛋白","yes","not reported","not reported","Contextual mixture/formulation evidence","Apoptosis/cell cycle; EMT/ECM/metastasis","33658761","PMID33658761","Formononetin\106-33658761-Danggui Buxue Decoction in the Treat Source Drug Des Devel Ther SO 2021 15 705 720.pdf","Danggui Buxue Decoction in the Treatment of Metastatic Colon Cancer: Network Pharmacology Analysis and Experimental Validation.","Included","2021","2021/02/24","Kaempferol","黄芪","Source-dependent—named Chinese medicinal material or TCM preparation recorded","Requires source-level constituent verification for the specific record","PMID 33658761; PMID33658761","Extract/formula/decoction contextual evidence","Row-level annotation; deduplicate by PMID for final reference-level counts"
"Kaempferol","Flavonoids","柿","体外细胞模型：
E705 CRC 细胞系、SW480 细胞
正常结肠上皮细胞 CCD 841","In vitro","not captured in source extraction","线粒体功能障碍、氧化应激通路","选择性降低 CRC 细胞活力；
诱导癌细胞凋亡；
增加活性氧（ROS）；
破坏线粒体功能","not captured","not reported","not reported","Contextual mixture/formulation evidence","Apoptosis/cell cycle; ROS/ferroptosis","39519575","not available","Kaempferol\97-39519575-methanolic extract of the nutritiona.pdf","not retained - incomplete bibliographic metadata","Excluded: incomplete bibliographic title requiring verification","2024","2024/10/31","Kaempferol","柿","Not established from this row alone","Dietary, generic botanical, or non-specific natural-product source","PMID 39519575; not available","Not assessed for final attribution (excluded record)","Row-level annotation; deduplicate by PMID for final reference-level counts"
"Kaempferol","Flavonoids","Rosa hybrida（杂交玫瑰）的可食用乙醇提取物（EERH）","体外细胞模型：
人结直肠癌细胞系 HCT116","In vitro","not captured in source extraction","细胞周期调控通路；
MAPK 通路；
PI3K/AKT 通路；
转录因子通路","抑制 HCT116 细胞增殖
诱导 G1 期细胞周期阻滞
下调 CDKs 和 cyclins
上调 p27KIP1 表达
抑制 迁移与侵袭能力
抑制 MMP-9 和 MMP-2 酶活性","not captured","not reported","not reported","Level 3: cell-based mechanistic evidence","Apoptosis/cell cycle; PI3K/Akt/mTOR/metabolism; NF-kB/STAT3/inflammation; MAPK/JNK/ERK; ROS/ferroptosis; EMT/ECM/metastasis","40968164","PMID40968164","Kaempferol\98-40968164-anti inflammatory and cytotoxic asse source sci rep so 2025.pdf","Anti-inflammatory and cytotoxic assessment of flavonoids isolated from Viola odorata flowers with computer-guided docking study.","Included","2025","2025/09/18","Kaempferol","Rosa hybrida（杂交玫瑰）的可食用乙醇提取物（EERH）","Not established from this row alone","Dietary, generic botanical, or non-specific natural-product source","PMID 40968164; PMID40968164","Derivative/metabolite contextual evidence","Row-level annotation; deduplicate by PMID for final reference-level counts"
"Kaempferol","Flavonoids","Alcea rosea L.（蜀葵）提取物","体外模型：人结肠癌细胞系 HCT116、HT29、SW480
体内模型：BALB/c 小鼠","In vitro + in vivo","not captured in source extraction","NF-κB 通路
COX-2 通路
PPAR-γ 通路
凋亡通路","抑制炎症；
诱导癌细胞凋亡；
抑制结肠癌细胞增殖；
缓解体内炎症","not captured","not reported","not reported","Level 1: animal-validated mechanistic evidence","Apoptosis/cell cycle; NF-kB/STAT3/inflammation; ROS/ferroptosis","40703352","not available","Kaempferol\99-40703352-anti inflammatory and anticancer pro source front pharmacol so 2025.pdf","not retained - incomplete bibliographic metadata","Excluded: incomplete bibliographic title requiring verification","2025","2025/07/09","Kaempferol","Alcea rosea L.（蜀葵）提取物","Not established from this row alone","Dietary, generic botanical, or non-specific natural-product source","PMID 40703352; not available","Not assessed for final attribution (excluded record)","Row-level annotation; deduplicate by PMID for final reference-level counts"
"Kaempferol","Flavonoids","天然多酚类化合物","大鼠模型（rats）
- 1,2-二甲基肼","In vivo","not captured in source extraction","↓MDA, NO, PCNA and COX-2，β-catenin
 ↑ Caspase-3 活性","1. 增强抗氧化作用
2. 增强抗炎作用
3. 增强抗增殖作用
4. 显著促进凋亡
5. 改善结肠组织病理结构（接近正常架构）","yes","not reported","not reported","Level 2: in vivo evidence","Apoptosis/cell cycle; Wnt/beta-catenin/stemness; ROS/ferroptosis","33357777","PMID33357777","Kaempferol\100-33357777-probing the chemoprevention potential of the antidep source j pharmacol sci 2021 145 1 29 41.pdf","Probing the chemoprevention potential of the antidepressant fluoxetine combined with epigallocatechin gallate or kaempferol in rats with induced early stage colon carcinogenesis.","Excluded: no CRC-specific model or outcome extracted","2021","2021/01/01","Kaempferol","天然多酚类化合物","Not established from this row alone","Dietary, generic botanical, or non-specific natural-product source","PMID 33357777; PMID33357777","Not assessed for final attribution (excluded record)","Row-level annotation; deduplicate by PMID for final reference-level counts"
"Formononetin","Flavonoids","豆类和三叶草物种，例如红车轴草、鹰嘴豆、大豆、苦参和膜荚黄芪。egumes and clover species such as Trifolium pra-tense L., Cicer arietinum L., Glycine max (L.) Merr., Sophora flavescens
Aiton, and Astragalus membranaceus (Fisch.) Bunge (Singh et al., 2024）","小鼠巨噬细胞 RAW264.7
小鼠结肠癌细胞 CT-26
人结肠癌细胞 HCT116","In vitro + in vivo","not captured in source extraction","NF-κB/MAPK 通路、mTORC2/Akt 信号通路、脂质合成通路、自噬与凋亡通路、PKA/PDE3B/HSL 脂解通路","抑制炎症因子；
改善 DSS 诱导结肠炎；
抑制 CT-26 和 HCT116 细胞增殖；
抑制 CAC 肿瘤生长；
促进癌细胞自噬与凋亡；
调节脂质代谢（↓甘油磷脂、脂肪酸合成）；
保护肠道黏膜，减轻病理损伤","not captured","not reported","not reported","Level 1: animal-validated mechanistic evidence","Apoptosis/cell cycle; PI3K/Akt/mTOR/metabolism; NF-kB/STAT3/inflammation; MAPK/JNK/ERK; Immune microenvironment","40318528","PMID40318528","Formononetin\101-40318528-formononetin suppresses colitis asso source phytomedicine so 2025.pdf","Formononetin suppresses colitis-associated colon cancer by targeting lipid synthesis and mTORC2/Akt signaling.","Included","2025","2025/07/01","Formononetin","豆类和三叶草物种，例如红车轴草、鹰嘴豆、大豆、苦参和膜荚黄芪。egumes and clover species such as Trifolium pra-tense L., Cicer arietinum L., Glycine max (L.) Merr., Sophora flavescens
Aiton, and Astragalus membranaceus (Fisch.) Bunge (Singh et al., 2024）","Potentially traceable—named Chinese medicinal material recorded","Named medicinal material in source extraction; author verification required","PMID 40318528; PMID40318528","Purified isolated compound: Formononetin","Row-level annotation; deduplicate by PMID for final reference-level counts"
"Formononetin","Flavonoids","多种植物物种","BABL/C 小鼠用 CT26 细胞构建结直肠癌模型","In vitro + in vivo","not captured in source extraction","Keap1-Nrf2 通路","抗氧化、抗凋亡、促血管生成、增强肠屏障功能","not captured","not reported","not reported","Level 1: animal-validated mechanistic evidence","Apoptosis/cell cycle; ROS/ferroptosis","40184790","PMID40184790","Formononetin\102-40184790-Formononetin prevents intestinal inj Source Biochem Biophys Res Commun SO 2025.pdf","Formononetin prevents intestinal injury caused by radiotherapy in colorectal cancer mice via the Keap1-Nrf2 signaling pathway.","Included","2025","2025/05/01","Formononetin","多种植物物种","Not established from supplied source field","Generic botanical, dietary, computational, or unspecified association","PMID 40184790; PMID40184790","Purified isolated compound: Formononetin","Row-level annotation; deduplicate by PMID for final reference-level counts"
"Formononetin","Flavonoids","黄芪","PI3K/AKT、MAPK、Wnt/β-catenin、NF-κB、p53 等通路","Not specified","not captured in source extraction","诱导肿瘤细胞凋亡；
抑制癌细胞迁移与侵袭；
阻滞细胞周期；
改善免疫微环境；
增强化疗敏感性","not reported","not captured","not reported","not reported","Contextual review-only","Apoptosis/cell cycle; PI3K/Akt/mTOR/metabolism; Wnt/beta-catenin/stemness; NF-kB/STAT3/inflammation; MAPK/JNK/ERK; EMT/ECM/metastasis; Immune microenvironment","39880662","not available","Formononetin\103-39880662-Advancements in the Research of Astr Source Am J Chin Med SO 2025.pdf","not retained - incomplete bibliographic metadata","Excluded: no CRC-specific model or outcome extracted","2025","2025/01/01","Formononetin","黄芪","Potentially traceable—named Chinese medicinal material recorded","Named medicinal material in source extraction; author verification required","PMID 39880662; not available","Not assessed for final attribution (excluded record)","Row-level annotation; deduplicate by PMID for final reference-level counts"
"Formononetin","Flavonoids","黄芪","not reported","Not specified","not captured in source extraction","not reported","not reported","not captured","not reported","not reported","Contextual review-only","not assigned","39413615","PMID39413615","Astragaloside IV\292-39413615-pharmacological potential of natural source biomed pharmacother so 2024.pdf","Pharmacological potential of natural medicine Astragali Radix in treating intestinal diseases.","Excluded: no CRC-specific model or outcome extracted","2024","2024/11/01","Formononetin","黄芪","Potentially traceable—named Chinese medicinal material recorded","Named medicinal material in source extraction; author verification required","PMID 39413615; PMID39413615","Not assessed for final attribution (excluded record)","Row-level annotation; deduplicate by PMID for final reference-level counts"
"Formononetin","Flavonoids","wenzi jiedu decoction","分子对接和动物实验","In vivo","not captured in source extraction","趋化因子信号通路和细胞凋亡","细胞凋亡、免疫调节","yes","not reported","not reported","Contextual mixture/formulation evidence","Apoptosis/cell cycle; PI3K/Akt/mTOR/metabolism; Immune microenvironment","39731415","PMID39731415","Formononetin\105-39731415-Integrating UPLC MS MS Bioinformatic Source Phytochem Anal SO 2024 (1).pdf","Integrating UPLC-MS/MS Bioinformatics and In Vivo Experiments Validation to Elucidate the Mechanism of Wenzi Jiedu Decoction in Suppressing Colorectal Cancer.","Included","2025","2025/06/01","Formononetin","wenzi jiedu decoction","Contextual association only","Compound annotated within a TCM formula or preparation","PMID 39731415; PMID39731415","Extract/formula/decoction contextual evidence","Row-level annotation; deduplicate by PMID for final reference-level counts"
"Formononetin","Flavonoids","黄芪","转移性结肠癌小鼠模型 Western blot","In vivo","not captured in source extraction","DBD 通过上调 Bax、Caspase3 和 Cleaved caspase3 的表达以及下调 Bcl2 的表达来抑制 MCC","not reported","yes","not reported","not reported","Contextual mixture/formulation evidence","Apoptosis/cell cycle; EMT/ECM/metastasis","33658761","PMID33658761","Formononetin\106-33658761-Danggui Buxue Decoction in the Treat Source Drug Des Devel Ther SO 2021 15 705 720.pdf","Danggui Buxue Decoction in the Treatment of Metastatic Colon Cancer: Network Pharmacology Analysis and Experimental Validation.","Included","2021","2021/02/24","Formononetin","黄芪","Potentially traceable—named Chinese medicinal material recorded","Named medicinal material in source extraction; author verification required","PMID 33658761; PMID33658761","Extract/formula/decoction contextual evidence","Row-level annotation; deduplicate by PMID for final reference-level counts"
"Stigmasterol","Phytosterols","Ardisia gigantifolia Stapf.走马胎/大叶紫金牛","HCT116 细胞（人结直肠癌细胞）
SW620 细胞（人结直肠癌细胞，转移来源）","In vitro","not captured in source extraction","MAPK 信号通路","抑制 CRC 细胞增殖","not captured","not reported","not reported","Level 3: cell-based mechanistic evidence","MAPK/JNK/ERK; EMT/ECM/metastasis","36624500","PMID36624500","Stigmasterol\36624500-Anti colorectal cancer of Ardisia gi Source BMC Complement Med Ther SO 2023.pdf","Anti-colorectal cancer of Ardisia gigantifolia Stapf. and targets prediction via network pharmacology and molecular docking study.","Included","2023","2023/01/09","Stigmasterol","Ardisia gigantifolia Stapf.走马胎/大叶紫金牛","Not established from supplied source field","Generic botanical, dietary, computational, or unspecified association","PMID 36624500; PMID36624500","Network pharmacology/in silico evidence","Row-level annotation; deduplicate by PMID for final reference-level counts"
"Stigmasterol","Phytosterols","薏苡附子败酱散","网络药理学和分子对接","Network/in silico","not captured in source extraction","PI3K-Akt 信号通路、TNF 信号通路和 IL-17 信号通路","控制细胞凋亡、增殖以及蛋白质和酶的结合来减缓结直肠癌的进展。","not captured","not reported","not reported","Contextual mixture/formulation evidence","Apoptosis/cell cycle; PI3K/Akt/mTOR/metabolism; MAPK/JNK/ERK","36735641","PMID36735641","beta-sitosterol\211-36735641-exploring the mechanism of action of source biotechnol genet eng rev so 2023.pdf","Exploring the mechanism of action of Yiyi Fuzi Baijiang powder in colorectal cancer based on network pharmacology and molecular docking studies.","Included","2023","2023/10/01","Stigmasterol","薏苡附子败酱散","Contextual association only","Compound annotated within a TCM formula or preparation","PMID 36735641; PMID36735641","Extract/formula/decoction contextual evidence","Row-level annotation; deduplicate by PMID for final reference-level counts"
"Stigmasterol","Phytosterols","小柴胡汤","分子对接","Network/in silico","not captured in source extraction","IL-17, TNF, Toll-like receptor, and NF-kappa B signaling pathways","not reported","not captured","not reported","not reported","Level 4: in silico-only","NF-kB/STAT3/inflammation; EMT/ECM/metastasis","34125845","PMID34125845","Kaempferol\72-34125845-Network pharmacology and molecular docking study o Source PLoS One 2021 Jun 14 16 6 e0252508.PDF","Network pharmacology and molecular docking study on the mechanism of colorectal cancer treatment using Xiao-Chai-Hu-Tang.","Included","2021","2021/06/14","Stigmasterol","小柴胡汤","Contextual association only","Compound annotated within a TCM formula or preparation","PMID 34125845; PMID34125845","Network pharmacology/in silico evidence","Row-level annotation; deduplicate by PMID for final reference-level counts"
"Stigmasterol","Phytosterols","山慈菇Shancigu","人结直肠癌细胞系：HCT116 和 Caco-2
、CRC 类器官","In vitro","not captured in source extraction","JUN 相关通路、ITGB1 介导的细胞黏附与迁移通路","抑制 CRC 细胞 活力、增殖、迁移、侵袭；
诱导细胞凋亡；
降低 CRC 类器官 活力与 ATP 活性；
在动物模型中 减少肿瘤重量与体积；
抑制 Ki67 表达","not captured","not reported","not reported","Level 3: cell-based mechanistic evidence","Apoptosis/cell cycle; EMT/ECM/metastasis","40603959","PMID40603959","Stigmasterol\110-40603959-The mechanism of Shancigu and its mo SSO 2025.pdf","The mechanism of Shancigu and its monomer in the development of colorectal cancer based on network pharmacology.","Included","2025","2025/07/02","Stigmasterol","山慈菇Shancigu","Not established from supplied source field","Generic botanical, dietary, computational, or unspecified association","PMID 40603959; PMID40603959","Extract/formula/decoction contextual evidence","Row-level annotation; deduplicate by PMID for final reference-level counts"
"Stigmasterol","Phytosterols","扶正解毒汤","纯计算性网络药理学分析","Network/in silico","not captured in source extraction","PI3K-Akt 信号通路
FoxO 信号通路
HIF-1 信号通路
T 细胞受体信号通路
ErbB 信号通路","调节细胞增殖
诱导细胞凋亡
抑制血管生成
调控炎症反应
调节免疫功能","not captured","not reported","not reported","Contextual mixture/formulation evidence","Apoptosis/cell cycle; PI3K/Akt/mTOR/metabolism; NF-kB/STAT3/inflammation; MAPK/JNK/ERK; EMT/ECM/metastasis; Immune microenvironment","33688358","PMID33688358","Kaempferol\89-33688358-network pharmacology inte source evid based complement alternat med 2021 feb 20 2021 4652492.pdf","Network Pharmacology Interpretation of Fuzheng-Jiedu Decoction against Colorectal Cancer.","Included","2021","2021/02/20","Stigmasterol","扶正解毒汤","Contextual association only","Compound annotated within a TCM formula or preparation","PMID 33688358; PMID33688358","Extract/formula/decoction contextual evidence","Row-level annotation; deduplicate by PMID for final reference-level counts"
"Stigmasterol","Phytosterols","wenzi jiedu decoction","分子对接和动物实验","In vivo","not captured in source extraction","趋化因子信号通路和细胞凋亡","细胞凋亡、免疫调节","yes","not reported","not reported","Contextual mixture/formulation evidence","Apoptosis/cell cycle; PI3K/Akt/mTOR/metabolism; Immune microenvironment","39731415","PMID39731415","Formononetin\105-39731415-Integrating UPLC MS MS Bioinformatic Source Phytochem Anal SO 2024 (1).pdf","Integrating UPLC-MS/MS Bioinformatics and In Vivo Experiments Validation to Elucidate the Mechanism of Wenzi Jiedu Decoction in Suppressing Colorectal Cancer.","Included","2025","2025/06/01","Stigmasterol","wenzi jiedu decoction","Contextual association only","Compound annotated within a TCM formula or preparation","PMID 39731415; PMID39731415","Extract/formula/decoction contextual evidence","Row-level annotation; deduplicate by PMID for final reference-level counts"
"Stigmasterol","Phytosterols","犀黄丸","纯计算性网络药理学分析","Network/in silico","not captured in source extraction","预测PI3K/Akt signaling pathway；
TNF signaling pathway；
HIF-1 signaling pathway；
Colorectal cancer pathway","抑制肿瘤增殖
抑制肿瘤血管生成
抑制炎症反应
减轻氧化应激","not captured","not reported","not reported","Level 4: in silico-only","PI3K/Akt/mTOR/metabolism; NF-kB/STAT3/inflammation; ROS/ferroptosis","38415445","PMID38415445","ellagic acid\263-38415445-network pharmacology analysis on the source curr pharm des so 2024 feb 19.pdf","Network Pharmacology Analysis on the Mechanism of Xihuangwan in Treating Rectal Cancer and Radiation Enteritis.","Included","2024","2024/01/01","Stigmasterol","犀黄丸","Not established from supplied source field","Generic botanical, dietary, computational, or unspecified association","PMID 38415445; PMID38415445","Network pharmacology/in silico evidence","Row-level annotation; deduplicate by PMID for final reference-level counts"
"Stigmasterol","Phytosterols","加味黄连干姜汤","纯计算研究","Network/in silico","not captured in source extraction","PI3K-Akt signaling pathway and MAPK signaling pathway","not reported","not captured","not reported","not reported","Contextual mixture/formulation evidence","PI3K/Akt/mTOR/metabolism; MAPK/JNK/ERK","35899228","PMID35899228","Stigmasterol\114-35899228-Network Pharmacology and Molecular D Source Evid Based Complement Alternat Med SO 2022.pdf","Network Pharmacology and Molecular Docking on the Molecular Mechanism of Jiawei-Huang Lian-Gan Jiang Decoction in the Treatment of Colorectal Adenomas.","Included","2022","2022/07/18","Stigmasterol","加味黄连干姜汤","Potentially traceable—named Chinese medicinal material recorded","Named medicinal material in source extraction; author verification required","PMID 35899228; PMID35899228","Extract/formula/decoction contextual evidence","Row-level annotation; deduplicate by PMID for final reference-level counts"
"Stigmasterol","Phytosterols","当归","转移性结肠癌小鼠模型 Western blot","In vivo","not captured in source extraction","DBD 通过上调 Bax、Caspase3 和 Cleaved caspase3 的表达以及下调 Bcl2 的表达来抑制 MCC","not reported","yes","not reported","not reported","Contextual mixture/formulation evidence","Apoptosis/cell cycle; EMT/ECM/metastasis","33658761","PMID33658761","Formononetin\106-33658761-Danggui Buxue Decoction in the Treat Source Drug Des Devel Ther SO 2021 15 705 720.pdf","Danggui Buxue Decoction in the Treatment of Metastatic Colon Cancer: Network Pharmacology Analysis and Experimental Validation.","Included","2021","2021/02/24","Stigmasterol","当归","Not established from supplied source field","Generic botanical, dietary, computational, or unspecified association","PMID 33658761; PMID33658761","Extract/formula/decoction contextual evidence","Row-level annotation; deduplicate by PMID for final reference-level counts"
"Stigmasterol","Phytosterols","Ircinia mutans Wilson (Irciniidae)","人白血病细胞 MOLT-4
人乳腺癌细胞 MCF-7
人结肠癌细胞 HT-29","In vitro","not captured in source extraction","not reported","抗增殖","not captured","not reported","not reported","Level 3: cell-based mechanistic evidence","not assigned","34043935","not available","Stigmasterol\116-34043935-Cytotoxic furanosesquiterpenoids and steroids from Ircini.pdf","not retained - incomplete bibliographic metadata","Excluded: incomplete bibliographic title requiring verification","2021","2021/12/01","Stigmasterol","Ircinia mutans Wilson (Irciniidae)","Not established from supplied source field","Generic botanical, dietary, computational, or unspecified association","PMID 34043935; not available","Not assessed for final attribution (excluded record)","Row-level annotation; deduplicate by PMID for final reference-level counts"
"Stigmasterol","Phytosterols","苏丹香Dobera glabra Forssk","胞：HCT-116
肝癌细胞：HepG-2
前列腺癌细胞：PC-3
正常肾上皮细胞：Vero 细胞","In vitro","not captured in source extraction","not reported","not reported","not captured","not reported","not reported","Excluded: insufficient extractable evidence","not assigned","33430053","not available","Stigmasterol\117-33430053-Sterols and Triterpenes from Dobera Source Plants Basel SO 2021.pdf","not retained - incomplete bibliographic metadata","Excluded: incomplete bibliographic title requiring verification","2021","2021/01/08","Stigmasterol","苏丹香Dobera glabra Forssk","Not established from supplied source field","Generic botanical, dietary, computational, or unspecified association","PMID 33430053; not available","Not assessed for final attribution (excluded record)","Row-level annotation; deduplicate by PMID for final reference-level counts"
"Stigmasterol","Phytosterols","止痢蚤草/皱叶香青 或 卷瓣香青Pulicaria crispa","HCT116 人结肠癌细胞系；
HepG2、Hep-2 癌细胞及 口腔上皮正常细胞","In vitro","not captured in source extraction","p53, caspase-8, caspase-9… Bcl2 downregulated","G2/M 期细胞周期阻滞；
显著诱导凋亡；
上调促凋亡基因；
下调抗凋亡基因；
激活凋亡执行蛋白；
引发氧化应激；
抑制糖酵解代谢；
调节炎症因子","not captured","not reported","not reported","Level 3: cell-based mechanistic evidence","Apoptosis/cell cycle; PI3K/Akt/mTOR/metabolism; NF-kB/STAT3/inflammation; ROS/ferroptosis","40672135","not available","Stigmasterol\118-40672135-Molecular mechanisms underlying the Source 3 Biotech SO 2025.pdf","not retained - incomplete bibliographic metadata","Excluded: incomplete bibliographic title requiring verification","2025","2025/08/01","Stigmasterol","止痢蚤草/皱叶香青 或 卷瓣香青Pulicaria crispa","Not established from supplied source field","Generic botanical, dietary, computational, or unspecified association","PMID 40672135; not available","Not assessed for final attribution (excluded record)","Row-level annotation; deduplicate by PMID for final reference-level counts"
"Hederagenin","Triterpenoids","黄芪、三棱、莪术（这个翻译的问题要问一下老师）","分子对接和动物实验","In vivo","not captured in source extraction","趋化因子信号通路和细胞凋亡","细胞凋亡、免疫调节","yes","not reported","not reported","Contextual mixture/formulation evidence","Apoptosis/cell cycle; PI3K/Akt/mTOR/metabolism; Immune microenvironment","39731415","PMID39731415","Formononetin\105-39731415-Integrating UPLC MS MS Bioinformatic Source Phytochem Anal SO 2024 (1).pdf","Integrating UPLC-MS/MS Bioinformatics and In Vivo Experiments Validation to Elucidate the Mechanism of Wenzi Jiedu Decoction in Suppressing Colorectal Cancer.","Included","2025","2025/06/01","Hederagenin","黄芪、三棱、莪术（这个翻译的问题要问一下老师）","Potentially traceable—named Chinese medicinal material recorded","Named medicinal material in source extraction; author verification required","PMID 39731415; PMID39731415","Extract/formula/decoction contextual evidence","Row-level annotation; deduplicate by PMID for final reference-level counts"
"Hederagenin","Triterpenoids","黄芪","转移性结肠癌小鼠模型 Western blot","In vivo","not captured in source extraction","DBD 通过上调 Bax、Caspase3 和 Cleaved caspase3 的表达以及下调 Bcl2 的表达来抑制 MCC","not reported","yes","not reported","not reported","Contextual mixture/formulation evidence","Apoptosis/cell cycle; EMT/ECM/metastasis","33658761","PMID33658761","Formononetin\106-33658761-Danggui Buxue Decoction in the Treat Source Drug Des Devel Ther SO 2021 15 705 720.pdf","Danggui Buxue Decoction in the Treatment of Metastatic Colon Cancer: Network Pharmacology Analysis and Experimental Validation.","Included","2021","2021/02/24","Hederagenin","黄芪","Potentially traceable—named Chinese medicinal material recorded","Named medicinal material in source extraction; author verification required","PMID 33658761; PMID33658761","Extract/formula/decoction contextual evidence","Row-level annotation; deduplicate by PMID for final reference-level counts"
"Tagitinin C","Sesquiterpene lactones","Tithonia diversifolia肿柄菊","结直肠癌细胞系 HCT116","In vitro","not captured in source extraction","PERK–Nrf2–HO-1 信号通路","诱导铁死亡；
抑制 CRC 细胞增殖；
抑制细胞迁移；
造成氧化应激微环境；
耗竭谷胱甘肽；
促进脂质过氧化；
与 erastin 协同抗肿瘤","not captured","not reported","not reported","Level 3: cell-based mechanistic evidence","MAPK/JNK/ERK; ROS/ferroptosis; EMT/ECM/metastasis","34345202","PMID34345202","Tagitinin C\121-34345202-agitinin C induces ferroptosis through PERK-N.pdf","Tagitinin C induces ferroptosis through PERK-Nrf2-HO-1 signaling pathway in colorectal cancer cells.","Included","2021","2021/06/26","Tagitinin C","Tithonia diversifolia肿柄菊","Not established from supplied source field","Generic botanical, dietary, computational, or unspecified association","PMID 34345202; PMID34345202","Purified isolated compound: Tagitinin C","Row-level annotation; deduplicate by PMID for final reference-level counts"
"Isovitexin","Flavonoids","葫芦科果实或木豆、小麦、三角果和竹叶的果实","人结肠上皮细胞 （HCEC） 和癌细胞","In vitro","not captured in source extraction","↓p-PI3K, ↓p-Akt, ↓p-mTOR, ↓Bcl-2,↑Bax, ↑caspase-3","抑制癌细胞迁移、侵袭和 EMT","not captured","not reported","not reported","Level 3: cell-based mechanistic evidence","Apoptosis/cell cycle; PI3K/Akt/mTOR/metabolism; EMT/ECM/metastasis","34219464","PMID34219464","Isovitexin\122-34219464-Isovitexin attenuates tumor growth in human c Source Biochem Cell Biol 2021 Dec 99 6 741 749.PDF","Isovitexin attenuates tumor growth in human colon cancer cells through the modulation of apoptosis and epithelial-mesenchymal transition via PI3K/Akt/mTOR signaling pathway.","Included","2021","2021/12/01","Isovitexin","葫芦科果实或木豆、小麦、三角果和竹叶的果实","Not established from supplied source field","Generic botanical, dietary, computational, or unspecified association","PMID 34219464; PMID34219464","Purified isolated compound: Isovitexin","Row-level annotation; deduplicate by PMID for final reference-level counts"
"Isovitexin","Flavonoids","败酱草","网络药理学分析以及体外和体内实验","In vitro + in vivo","not captured in source extraction","p53 和 HIF-1 信号通路","促进细胞凋亡并抑制细胞增殖","not captured","not reported","not reported","Level 1: animal-validated mechanistic evidence","Apoptosis/cell cycle","37939611","PMID37939611","Isovitexin\123-37939611-Herba Patriniae and its component Is Source Biomed Pharmacother SO 2023.pdf","Herba Patriniae and its component Isovitexin show anti-colorectal cancer effects by inducing apoptosis and cell-cycle arrest via p53 activation.","Included","2023","2023/12/01","Isovitexin","败酱草","Not established from supplied source field","Generic botanical, dietary, computational, or unspecified association","PMID 37939611; PMID37939611","Purified isolated compound: Isovitexin","Row-level annotation; deduplicate by PMID for final reference-level counts"
"Isovitexin","Flavonoids","中国橄榄叶、果、核（烹饪模拟提取）","RAW264.7巨噬细胞、HCT116结肠癌细胞、分子对接","In vitro","not captured in source extraction","抑制糖酵解通路中的PFK酶","NO产生减少、癌细胞增殖减少、PFK活性降低","not captured","not reported","not reported","Contextual mixture/formulation evidence","PI3K/Akt/mTOR/metabolism; Immune microenvironment","40444125","not available","Isovitexin\124-40444125-Functional Evaluation of Cooking Mim Source Food Sci Nutr SO 2025.pdf","not retained - incomplete bibliographic metadata","Excluded: incomplete bibliographic title requiring verification","2025","2025/05/28","Isovitexin","中国橄榄叶、果、核（烹饪模拟提取）","Not established from supplied source field","Generic botanical, dietary, computational, or unspecified association","PMID 40444125; not available","Not assessed for final attribution (excluded record)","Row-level annotation; deduplicate by PMID for final reference-level counts"
"Secoemestrin C","Fungal alkaloid-like metabolites","埃默色拉菌（Emericella sp.）","结直肠癌干细胞（CSCs）与非干细胞（non-CSCs）","In vitro","not captured in source extraction","IL-17轴 → p38信号通路；p38-S100A8 正反馈环路","抑制增殖、自我更新、转移和耐药性。","not captured","not reported","not reported","Level 3: cell-based mechanistic evidence","Wnt/beta-catenin/stemness; MAPK/JNK/ERK; EMT/ECM/metastasis","38607060","PMID38607060","Secoemestrin C\125-38607060-The Natural Product Secoemestrin C I.pdf","The Natural Product Secoemestrin C Inhibits Colorectal Cancer Stem Cells via p38-S100A8 Feed-Forward Regulatory Loop.","Included","2024","2024/04/03","Secoemestrin C","埃默色拉菌（Emericella sp.）","Not established from supplied source field","Generic botanical, dietary, computational, or unspecified association","PMID 38607060; PMID38607060","Purified isolated compound: Secoemestrin C","Row-level annotation; deduplicate by PMID for final reference-level counts"
"macrocarpal I","Meroterpenoids","植物","体外：CRC细胞；体内：裸鼠皮下成瘤模型","In vitro + in vivo","not captured in source extraction","影响激酶活性、细胞骨架、DNA修复","抑制增殖、体内成瘤；破坏细胞骨架；促进凋亡","not captured","not reported","not reported","Level 1: animal-validated mechanistic evidence","Apoptosis/cell cycle","33137468","PMID33137468","macrocarpal I\126-33137468-The inhibition of colorectal cancer growth by the natural.pdf","The inhibition of colorectal cancer growth by the natural product macrocarpal I.","Included","2021","2021/01/01","macrocarpal I","植物","No—direct Chinese materia medica association not established in supplied sources","Related natural-product evidence only","PMID 33137468; PMID33137468","Purified isolated compound: macrocarpal I","Row-level annotation; deduplicate by PMID for final reference-level counts"
"macrocarpal I","Meroterpenoids","天然化合物","MC38 同基因型小鼠结直肠癌模型","In vitro + in vivo","not captured in source extraction","PERK/eIF2A/ATF4/CHOP 信号通路","诱导细胞死亡和铁死亡，ICD，破坏微管聚合和 DNA 修复，抗肿瘤免疫增强、增敏抗PD-1","not captured","not reported","not reported","Level 1: animal-validated mechanistic evidence","MAPK/JNK/ERK; ROS/ferroptosis; Immune microenvironment","39987121","PMID39987121","macrocarpal I\127-39987121-Macrocarpal I induces immunogenic ce Source Cell Death Discov SO 2025.pdf","Macrocarpal I induces immunogenic cell death and synergizes with immune checkpoint inhibition by targeting tubulin and PARP1 in colorectal cancer.","Included","2025","2025/02/22","macrocarpal I","天然化合物","No—direct Chinese materia medica association not established in supplied sources","Related natural-product evidence only","PMID 39987121; PMID39987121","Purified isolated compound: macrocarpal I","Row-level annotation; deduplicate by PMID for final reference-level counts"
"Neothalfine","Alkaloids","药用植物","HCT116、SW620、T84 等结直肠癌细胞系","In vitro","not captured in source extraction","通过线粒体功能障碍诱导细胞凋亡，通过非靶向代谢组学方法、线粒体膜电位和半胱天冬酶 3/7 活性测定触发内在凋亡途径","细胞周期停滞在 G2/M 期来抑制结直肠细胞增殖，凋亡诱导、克隆球形成抑制、广谱抗肿瘤活性","not captured","not reported","not reported","Level 3: cell-based mechanistic evidence","Apoptosis/cell cycle; EMT/ECM/metastasis","33221063","PMID33221063","Neothalfine\128-33221063-neothalfine a potent natural anti t source yan yan zhu bioorg med chem 2020 so 2020.pdf","Neothalfine, a potent natural anti-tumor agent against metastatic colorectal cancer and its primary mechanism.","Included","2021","2021/01/01","Neothalfine","药用植物","Not established from supplied source field","Generic botanical, dietary, computational, or unspecified association","PMID 33221063; PMID33221063","Purified isolated compound: Neothalfine","Row-level annotation; deduplicate by PMID for final reference-level counts"
"beta-Lapachone","Quinones","拉帕乔树","人类结直肠癌的异种移植模型作为动物模型，并在 CRC 细胞系的 SW620 和 DLD-1","In vitro + in vivo","not captured in source extraction","JNK 信号通路参与beta-Lapachone诱导的 xCT/GPX4 介导的铁死亡和 NCOA4 介导的铁蛋白","诱导铁死亡、凋亡、自噬；促进 ROS；抑制增殖","not captured","not reported","not reported","Level 1: animal-validated mechanistic evidence","Apoptosis/cell cycle; MAPK/JNK/ERK; ROS/ferroptosis","38218311","PMID38218311","beta-Lapachone\128-38218311-lapachone induces ferroptosis of c source chem biol interact so 2024.pdf","beta-Lapachone induces ferroptosis of colorectal cancer cells via NCOA4-mediated ferritinophagy by activating JNK pathway.","Included","2024","2024/02/01","beta-Lapachone","拉帕乔树","No—direct Chinese materia medica association not established in supplied sources","Related natural-product evidence only","PMID 38218311; PMID38218311","Purified isolated compound: beta-Lapachone","Row-level annotation; deduplicate by PMID for final reference-level counts"
"beta-Lapachone","Quinones","拉帕乔树","HCT116-OxPt-R 细胞","In vitro","not captured in source extraction","通过下调p53、Lys-乙酰化蛋白、TrkA、p38 MAPK、SOD1、caspase-2、CD44和NPM发挥抗肿瘤作用","发挥更多的细胞毒性和形态学变化","not captured","not reported","not reported","Level 3: cell-based mechanistic evidence","Apoptosis/cell cycle; MAPK/JNK/ERK","37373014","PMID37373014","beta-Lapachone\130-37373014-Lapachone Exerts Anticancer Effect.pdf","beta-Lapachone Exerts Anticancer Effects by Downregulating p53, Lys-Acetylated Proteins, TrkA, p38 MAPK, SOD1, Caspase-2, CD44 and NPM in Oxaliplatin-Resistant HCT116 Colorectal Cancer Cells.","Included","2023","2023/06/07","beta-Lapachone","拉帕乔树","No—direct Chinese materia medica association not established in supplied sources","Related natural-product evidence only","PMID 37373014; PMID37373014","Purified isolated compound: beta-Lapachone","Row-level annotation; deduplicate by PMID for final reference-level counts"
"beta-Lapachone","Quinones","拉帕乔树","HCT116（亲本）和OxPt-R HCT116结直肠癌细胞系","In vitro","not captured in source extraction","抑制p53/β-catenin，下调TERT/CD44/EGFR，上调裂解HSP90/γ-H2AX/LC3B-I/II","增强抗癌效果（OxPt-R细胞中更显著）；诱导凋亡；诱导DNA损伤；抑制细胞存活","not captured","not reported","not reported","Level 3: cell-based mechanistic evidence","Apoptosis/cell cycle; Wnt/beta-catenin/stemness","38139333","not available","beta-Lapachone\129-38139333-Artemisia annua L Polyphenols Enhan.pdf","not retained - incomplete bibliographic metadata","Excluded: incomplete bibliographic title requiring verification","2023","2023/12/15","beta-Lapachone","拉帕乔树","No—direct Chinese materia medica association not established in supplied sources","Related natural-product evidence only","PMID 38139333; not available","Not assessed for final attribution (excluded record)","Row-level annotation; deduplicate by PMID for final reference-level counts"
"beta-Lapachone","Quinones","Ipê树（拉帕乔树）","ACP02（胃腺癌细胞）、MCF7（乳腺癌细胞）、HCT116（结肠癌细胞）和 HEPG2（肝细胞癌细胞）","In vitro","not captured in source extraction","not reported","高细胞毒性、DNA损伤、核异常、细胞凋亡、抗增殖活性","not captured","not reported","not reported","Level 3: cell-based mechanistic evidence","Apoptosis/cell cycle","38543031","PMID38543031","beta-Lapachone\132-38543031-Anticancer Potential and Safety Prof.pdf","Anticancer Potential and Safety Profile of beta-Lapachone In Vitro.","Included","2024","2024/03/21","beta-Lapachone","Ipê树（拉帕乔树）","No—direct Chinese materia medica association not established in supplied sources","Related natural-product evidence only","PMID 38543031; PMID38543031","Purified isolated compound: beta-Lapachone","Row-level annotation; deduplicate by PMID for final reference-level counts"
"beta-Lapachone","Quinones","拉帕乔树","not reported","Not specified","not captured in source extraction","通过 NQO1 激活 → ROS 爆发 → 癌细胞凋亡 + ICD","免疫原性细胞死亡 ，肿瘤相关中性粒细胞 (TANs) 表型重编程","not captured","not reported","not reported","Excluded: insufficient extractable evidence","Apoptosis/cell cycle; ROS/ferroptosis; Immune microenvironment","40972825","PMID40972825","beta-Lapachone\133-40972825-Mitochondria targeted hybrid nanoves SO J Control Release 2025 Sep 17 387 114242 doi 10 1016 j jconrel 2025 114242.pdf","Mitochondria-targeted hybrid nanovesicles trigger immunogenic cell death and remodel tumor neutrophils for enhanced colorectal cancer immunotherapy.","Excluded: insufficient extractable evidence","2025","2025/11/10","beta-Lapachone","拉帕乔树","No—direct Chinese materia medica association not established in supplied sources","Related natural-product evidence only","PMID 40972825; PMID40972825","Not assessed for final attribution (excluded record)","Row-level annotation; deduplicate by PMID for final reference-level counts"
"beta-Lapachone","Quinones","拉帕乔树的树皮","体外和体内实验","In vitro + in vivo","not captured in source extraction","NQO1介导的ROS生成 → P-gp下调 → PTX释放 + ATP耗竭","NQO1介导的ROS生成 → P-gp下调 → PTX释放 + ATP耗竭","not captured","not reported","not reported","Level 1: animal-validated mechanistic evidence","Wnt/beta-catenin/stemness; ROS/ferroptosis","32706272","PMID32706272","beta-Lapachone\134-32706272-A pH ROS cascade responsive and self Source Drug Deliv SO 2020 Dec 27 1 1073 1086.pdf","A pH/ROS cascade-responsive and self-accelerating drug release nanosystem for the targeted treatment of multi-drug-resistant colon cancer.","Included","2020","2020/12/01","beta-Lapachone","拉帕乔树的树皮","No—direct Chinese materia medica association not established in supplied sources","Related natural-product evidence only","PMID 32706272; PMID32706272","Formulation/nanodelivery contextual evidence","Row-level annotation; deduplicate by PMID for final reference-level counts"
"beta-Lapachone","Quinones","天然获得","体外：三种肿瘤细胞系（其中之一HT29）；体内：HT29异种移植小鼠模型","In vitro + in vivo","not captured in source extraction","NQO1抑制 → ROS产生 → DNA损伤 → 细胞凋亡","选择性抑制癌细胞增殖；诱导ROS；诱导凋亡；诱导DNA损伤","not captured","not reported","not reported","Level 1: animal-validated mechanistic evidence","Apoptosis/cell cycle; ROS/ferroptosis","32592323","PMID32592323","beta-Lapachone\135-32592323-Novel β-carboline-based indole-4,7-quinone derivatives as NQO1 inhibitor.pdf","Novel beta-carboline-based indole-4,7-quinone derivatives as NAD(P)H: Quinone-oxidoreductase-1 inhibitor with potent antitumor activities by inducing reactive oxygen species, apoptosis, and DNA damage.","Included","2020","2020/12/01","beta-Lapachone","天然获得","No—direct Chinese materia medica association not established in supplied sources","Related natural-product evidence only","PMID 32592323; PMID32592323","Derivative/metabolite contextual evidence","Row-level annotation; deduplicate by PMID for final reference-level counts"
"beta-Lapachone","Quinones","天然存在的萘醌类化合物","not reported","Not specified","not captured in source extraction","NQO1 介导的氧化还原循环","消耗氧气并加剧肿瘤缺氧，从而激活 TPZ，增强化学动力疗法（CDT）","not captured","not reported","not reported","Excluded: insufficient extractable evidence","ROS/ferroptosis","41014255","PMID41014255","beta-Lapachone\136-41014255-MOF Based Nanoplatform Enables Syner SO ACS Appl Mater Interfaces 2025 Sep 27 doi 10 1021 acsami 5c13893 Online ahead of print.pdf","MOF-Based Nanoplatform Enables Synergistic Hypoxia-Activated Chemotherapy and Chemodynamic Therapy for Colon Cancer.","Excluded: insufficient extractable evidence","2025","2025/10/08","beta-Lapachone","天然存在的萘醌类化合物","No—direct Chinese materia medica association not established in supplied sources","Related natural-product evidence only","PMID 41014255; PMID41014255","Not assessed for final attribution (excluded record)","Row-level annotation; deduplicate by PMID for final reference-level counts"
"Dictamnine","Alkaloids","白鲜皮","DLD-1, LoVo, THP-1 巨噬细胞","In vitro","not captured in source extraction","诱导铁死亡和通过 MAPK 信号","诱导铁死亡、抑制 M2 极化、抑制增殖","not captured","not reported","not reported","Level 3: cell-based mechanistic evidence","MAPK/JNK/ERK; ROS/ferroptosis; Immune microenvironment","38851368","PMID38851368","Dictamnine\137-38851368-Antitumor activity of dictamnine aga Source Arch Biochem Biophys SO 2024.pdf","Antitumor activity of dictamnine against colorectal cancer through induction of ferroptosis and inhibition of M2 macrophage polarization via the MAPK signaling.","Included","2024","2024/08/01","Dictamnine","白鲜皮","Not established from supplied source field","Generic botanical, dietary, computational, or unspecified association","PMID 38851368; PMID38851368","Purified isolated compound: Dictamnine","Row-level annotation; deduplicate by PMID for final reference-level counts"
"Dictamnine","Alkaloids","白鲜皮","TCGA数据分析、COAD临床样本、siRNA体外实验、分子对接、移植瘤模型","In vitro + in vivo","not captured in source extraction","LEP、NGF、PCOLCE2","抑制肿瘤生长，降低 LEP、NGF 或 PCOLCE2 抑制 COAD 细胞增殖和 EMT","not captured","not reported","not reported","Level 1: animal-validated mechanistic evidence","EMT/ECM/metastasis; Immune microenvironment","38694509","PMID38694509","Dictamnine\138-38694509-identification of extracellular matr immunol.pdf","Identification of extracellular matrix-related biomarkers in colon adenocarcinoma by bioinformatics and experimental validation.","Excluded: no CRC-specific model or outcome extracted","2024","2024/04/17","Dictamnine","白鲜皮","Not established from supplied source field","Generic botanical, dietary, computational, or unspecified association","PMID 38694509; PMID38694509","Not assessed for final attribution (excluded record)","Row-level annotation; deduplicate by PMID for final reference-level counts"
"Eucalyptol","Terpenoids","厚朴","动物实验（体内）；HCT116 细胞和 Caco-2 细胞（体外）","In vitro + in vivo","not captured in source extraction","通过抑制 NF-κBp65/JAK 和 Bcl-2/Caspase 信号通路的过度激活来抵消 CRC","抑制炎症、抑制肿瘤细胞增殖","not captured","not reported","not reported","Level 1: animal-validated mechanistic evidence","Apoptosis/cell cycle; NF-kB/STAT3/inflammation","39471878","PMID39471878","Eucalyptol\139-39471878-Effect and mechanism of Magnolia off Source J Ethnopharmacol SO 2024.pdf","Effect and mechanism of Magnolia officinalis in colorectal cancer: Multi-component-multi-target approach.","Included","2025","2025/02/10","Eucalyptol","厚朴","Potentially traceable—named Chinese medicinal material recorded","Named medicinal material in source extraction; author verification required","PMID 39471878; PMID39471878","Extract/formula/decoction contextual evidence","Row-level annotation; deduplicate by PMID for final reference-level counts"
"Eucalyptol","Terpenoids","薄荷精油、迷迭香精油","HCT 116（人结直肠癌细胞）、HaCaT（非癌皮肤细胞）；体外实验","In vitro","not captured in source extraction","not reported","对不同癌细胞的抗菌、抗氧化、抗炎和细胞毒性","not captured","not reported","not reported","Level 3: cell-based mechanistic evidence","ROS/ferroptosis","36144839","not available","Eucalyptol\140-36144839-Chemical and Antimicrobial Character Source Molecules SO 2022.pdf","not retained - incomplete bibliographic metadata","Excluded: incomplete bibliographic title requiring verification","2022","2022/09/19","Eucalyptol","薄荷精油、迷迭香精油","Not established from supplied source field","Generic botanical, dietary, computational, or unspecified association","PMID 36144839; not available","Not assessed for final attribution (excluded record)","Row-level annotation; deduplicate by PMID for final reference-level counts"
"Eucalyptol","Terpenoids","S. fruticosa essential oil (EO)/Essential oils (EOs) of Salvia fruticosa Mill. 迷迭香状鼠尾草精油","Caco-2（结直肠癌）、HeLa（宫颈癌）细胞系；Klebsiella pneumoniae 细菌；体外模型（MTT、粘附、迁移实验）","In vitro","not captured in source extraction","not reported","抑制癌细胞迁移（抗转移）、抑制细菌粘附、强细胞毒性","not captured","not reported","not reported","Contextual mixture/formulation evidence","EMT/ECM/metastasis","35167185","PMID35167185","Eucalyptol\141-35167185-Constituents Antibacterial Adhesion Cytotoxic Source Chem Biodivers 2022 Apr 19 4 e202100872.PDF","Constituents, Antibacterial Adhesion, Cytotoxic and in Vitro Metastasis Blocking Properties of Salvia fruticosa Essential Oils from Three Palestinian Localities.","Included","2022","2022/04/01","Eucalyptol","S. fruticosa essential oil (EO)/Essential oils (EOs) of Salvia fruticosa Mill. 迷迭香状鼠尾草精油","Not established from supplied source field","Generic botanical, dietary, computational, or unspecified association","PMID 35167185; PMID35167185","Extract/formula/decoction contextual evidence","Row-level annotation; deduplicate by PMID for final reference-level counts"
"Obovatol","Neolignans","厚朴","动物实验（体内）；HCT116 细胞和 Caco-2 细胞（体外）","In vitro + in vivo","not captured in source extraction","通过抑制 NF-κBp65/JAK 和 Bcl-2/Caspase 信号通路的过度激活来抵消 CRC","抑制炎症、抑制肿瘤细胞增殖","not captured","not reported","not reported","Level 1: animal-validated mechanistic evidence","Apoptosis/cell cycle; NF-kB/STAT3/inflammation","39471878","PMID39471878","Eucalyptol\139-39471878-Effect and mechanism of Magnolia off Source J Ethnopharmacol SO 2024.pdf","Effect and mechanism of Magnolia officinalis in colorectal cancer: Multi-component-multi-target approach.","Included","2025","2025/02/10","Obovatol","厚朴","Potentially traceable—named Chinese medicinal material recorded","Named medicinal material in source extraction; author verification required","PMID 39471878; PMID39471878","Extract/formula/decoction contextual evidence","Row-level annotation; deduplicate by PMID for final reference-level counts"
"Magnolol","Neolignans","黄芩厚朴汤","体外和体内实验","In vitro + in vivo","not captured in source extraction","GSDME依赖性焦亡通路","诱导GSDME依赖性焦亡，增强结肠癌细胞对PD-1免疫治疗的敏感性","not captured","not reported","not reported","Level 1: animal-validated mechanistic evidence","Immune microenvironment","39950759","PMID39950759","Honokiol\146-39950759-Honokiol Magnolol Baicalin Possesses Source Adv Sci Weinh SO 2025 (1).pdf","Honokiol-Magnolol-Baicalin Possesses Synergistic Anticancer Potential and Enhances the Efficacy of Anti-PD-1 Immunotherapy in Colorectal Cancer by Triggering GSDME-Dependent Pyroptosis.","Included","2025","2025/04/01","Magnolol","黄芩厚朴汤","Potentially traceable—named Chinese medicinal material recorded","Named medicinal material in source extraction; author verification required","PMID 39950759; PMID39950759","Extract/formula/decoction contextual evidence","Row-level annotation; deduplicate by PMID for final reference-level counts"
"Magnolol","Neolignans","厚朴","动物实验（体内）；HCT116 细胞和 Caco-2 细胞（体外）","In vitro + in vivo","not captured in source extraction","通过抑制 NF-κBp65/JAK 和 Bcl-2/Caspase 信号通路的过度激活来抵消 CRC","抑制炎症、抑制肿瘤细胞增殖","not captured","not reported","not reported","Level 1: animal-validated mechanistic evidence","Apoptosis/cell cycle; NF-kB/STAT3/inflammation","39471878","PMID39471878","Eucalyptol\139-39471878-Effect and mechanism of Magnolia off Source J Ethnopharmacol SO 2024.pdf","Effect and mechanism of Magnolia officinalis in colorectal cancer: Multi-component-multi-target approach.","Included","2025","2025/02/10","Magnolol","厚朴","Potentially traceable—named Chinese medicinal material recorded","Named medicinal material in source extraction; author verification required","PMID 39471878; PMID39471878","Extract/formula/decoction contextual evidence","Row-level annotation; deduplicate by PMID for final reference-level counts"
"Magnolol","Neolignans","厚朴的根以及茎皮","体外模型：结直肠癌细胞系，体内：小鼠肿瘤异种移植模型","In vitro + in vivo","not captured in source extraction","p53通路","诱导凋亡；抑制糖酵解/OXPHOS；降低Kyn/Trp比率；抑制肿瘤生长","not captured","not reported","not reported","Level 1: animal-validated mechanistic evidence","Apoptosis/cell cycle; PI3K/Akt/mTOR/metabolism","37326338","PMID37326338","Magnolol\145-37326338-Dual targeting of wild type p53 and Source Phytother Res SO 2023.pdf","Dual targeting of wild-type p53 and gut microbiota by Magnolol represses key metabolic process and kills CRC cells.","Included","2024","2024/10/01","Magnolol","厚朴的根以及茎皮","Potentially traceable—named Chinese medicinal material recorded","Named medicinal material in source extraction; author verification required","PMID 37326338; PMID37326338","Purified isolated compound: Magnolol","Row-level annotation; deduplicate by PMID for final reference-level counts"
"Honokiol","Neolignans","黄芩厚朴汤","体外和体内实验","In vitro + in vivo","not captured in source extraction","GSDME依赖性焦亡通路","诱导GSDME依赖性焦亡，增强结肠癌细胞对PD-1免疫治疗的敏感性","not captured","not reported","not reported","Level 1: animal-validated mechanistic evidence","Immune microenvironment","39950759","PMID39950759","Honokiol\146-39950759-Honokiol Magnolol Baicalin Possesses Source Adv Sci Weinh SO 2025 (1).pdf","Honokiol-Magnolol-Baicalin Possesses Synergistic Anticancer Potential and Enhances the Efficacy of Anti-PD-1 Immunotherapy in Colorectal Cancer by Triggering GSDME-Dependent Pyroptosis.","Included","2025","2025/04/01","Honokiol","黄芩厚朴汤","Yes—directly traceable in supplied records","Constituent of Houpo (Magnolia officinalis)","PMID 39950759; PMID39950759","Extract/formula/decoction contextual evidence","Row-level annotation; deduplicate by PMID for final reference-level counts"
"Honokiol","Neolignans","厚朴","体外：KRAS突变CRC细胞；体内：KRASG13D突变CRC动物模型","In vitro + in vivo","20 µM honokiol for 48 h in the initial CRC cell screen","① 抑制 SNX3-retromer 囊泡运输；② 抑制 RAS GDP→GTP 转换","抑制自噬/巨胞饮流、溶酶体功能受损、细胞凋亡增加、增殖受抑、增强cetuximab敏感性","not captured","not reported","not reported","Level 1: animal-validated mechanistic evidence","Apoptosis/cell cycle","39310106","PMID39310106","Honokiol\147-39310106-Honokiol enhances the sensitivity of Source Theranostics SO 2024.pdf","Honokiol enhances the sensitivity of cetuximab in KRASG13D mutant colorectal cancer by destroying SNX3-retromer.","Included","2024","2024/08/26","Honokiol","厚朴","Yes—directly traceable in supplied records","Constituent of Houpo (Magnolia officinalis)","PMID 39310106; PMID39310106","Purified isolated compound: Honokiol","Row-level annotation; deduplicate by PMID for final reference-level counts"
"Honokiol","Neolignans","厚朴","男性无胸腺裸体小鼠","In vivo","not captured in source extraction","Notch 信号通路","↓Notch 信号通路 ↓细胞增殖和集落形成 ，↓DCLK1、Lgr5、CD44、CD133 和 SOX9 ，↑细胞凋亡和对 IR 的敏感性","yes","not reported","not reported","Level 2: in vivo evidence","Apoptosis/cell cycle; Wnt/beta-catenin/stemness","36375238","PMID36375238","caffeic acid\240-36375238-targeting cancer stem cells and sign source phytomedicine so 2023.pdf","Targeting cancer stem cells and signalling pathways through phytochemicals: A promising approach against colorectal cancer.","Included","2023","2023/01/01","Honokiol","厚朴","Yes—directly traceable in supplied records","Constituent of Houpo (Magnolia officinalis)","PMID 36375238; PMID36375238","Review/background evidence","Row-level annotation; deduplicate by PMID for final reference-level counts"
"Honokiol","Neolignans","厚朴","动物实验（体内）；HCT116 细胞和 Caco-2 细胞（体外）","In vitro + in vivo","not captured in source extraction","通过抑制 NF-κBp65/JAK 和 Bcl-2/Caspase 信号通路的过度激活来抵消 CRC","抑制炎症、抑制肿瘤细胞增殖","not captured","not reported","not reported","Level 1: animal-validated mechanistic evidence","Apoptosis/cell cycle; NF-kB/STAT3/inflammation","39471878","PMID39471878","Eucalyptol\139-39471878-Effect and mechanism of Magnolia off Source J Ethnopharmacol SO 2024.pdf","Effect and mechanism of Magnolia officinalis in colorectal cancer: Multi-component-multi-target approach.","Included","2025","2025/02/10","Honokiol","厚朴","Yes—directly traceable in supplied records","Constituent of Houpo (Magnolia officinalis)","PMID 39471878; PMID39471878","Extract/formula/decoction contextual evidence","Row-level annotation; deduplicate by PMID for final reference-level counts"
"Honokiol","Neolignans","木兰树","HEK293(Ano1/Ano2过表达)， SW620 细胞或人肠上皮 NCM460 细胞，","In vitro","not captured in source extraction","Honokiol → 抑制Ano1 Cl⁻通道 → 抑制结直肠癌细胞增殖","抑制Ano1电流、抑制癌细胞增殖、突变降低药物敏感性","not captured","not reported","not reported","Level 3: cell-based mechanistic evidence","Immune microenvironment","34192810","PMID34192810","Honokiol\150-34192810-Honokiol inhibits proliferation of colorectal canc.pdf","Honokiol inhibits proliferation of colorectal cancer cells by targeting Anoctamin 1/TMEM16A Ca2+-activated Cl- channels.","Included","2021","2021/10/01","Honokiol","木兰树","Yes—directly traceable in supplied records","Constituent of Houpo (Magnolia officinalis)","PMID 34192810; PMID34192810","Purified isolated compound: Honokiol","Row-level annotation; deduplicate by PMID for final reference-level counts"
"Honokiol","Neolignans","厚朴","ApcMin/+ 转基因小鼠模型（结直肠癌）","In vivo","not captured in source extraction","TCA 循环","调控多通路系统，改善代谢功能，缓解代谢紊乱","yes","not reported","not reported","Level 2: in vivo evidence","not assigned","34589420","not available","Honokiol\151-34589420-Ultra Performance Liquid Chromatogra Source Front Oncol SO 2021 11 671014.pdf","not retained - incomplete bibliographic metadata","Excluded: incomplete bibliographic title requiring verification","2021","2021/09/13","Honokiol","厚朴","Yes—directly traceable in supplied records","Constituent of Houpo (Magnolia officinalis)","PMID 34589420; not available","Not assessed for final attribution (excluded record)","Row-level annotation; deduplicate by PMID for final reference-level counts"
"Honokiol","Neolignans","厚朴","HCT116 结肠癌细胞","In vitro","not captured in source extraction","直接抑制 YAP 蛋白的转录和表达，而不激活 Hippo 信号通路","抑制增殖、G1期阻滞、诱导细胞死亡、下调YAP转录与表达","not captured","not reported","not reported","Level 3: cell-based mechanistic evidence","not assigned","38759254","PMID38759254","Honokiol\152-38759254-Semisynthesis and biological evaluat Source Bioorg Med Chem SO 2024.pdf","Semisynthesis and biological evaluation of novel honokiol thioethers against colon cancer cells HCT116 via inhibiting the transcription and expression of YAP protein.","Included","2024","2024/06/01","Honokiol","厚朴","Yes—directly traceable in supplied records","Constituent of Houpo (Magnolia officinalis)","PMID 38759254; PMID38759254","Derivative/metabolite contextual evidence","Row-level annotation; deduplicate by PMID for final reference-level counts"
"Honokiol","Neolignans","木兰树皮","p53通路","Not specified","not captured in source extraction","增强抗肿瘤免疫、EPR介导的肿瘤靶向、自组装形成纳米颗粒","not reported","not captured","not reported","not reported","Excluded: insufficient extractable evidence","Immune microenvironment","35045602","PMID35045602","Honokiol\153-35045602-Natural Small Molecules Enabled Efficient Immunotherapy through.pdf","Natural Small Molecules Enabled Efficient Immunotherapy through Supramolecular Self-Assembly in P53-Mutated Colorectal Cancer.","Excluded: insufficient extractable evidence","2022","2022/01/19","Honokiol","木兰树皮","Yes—directly traceable in supplied records","Constituent of Houpo (Magnolia officinalis)","PMID 35045602; PMID35045602","Not assessed for final attribution (excluded record)","Row-level annotation; deduplicate by PMID for final reference-level counts"
"Honokiol","Neolignans","天然产物或具有有趣生物活性的合成化合物（nature products
or synthetic compounds with interesting biological activitie）","体外：HCT116、COLO205、HT29、SW480（结直肠癌）等多种癌细胞系
体内：COLO205 异种移植小鼠模型","In vitro + in vivo","38%; 58%","not reported","化合物 2t 和 3t 显示出剂量和时间依赖性抗增殖作用，并显著抑制肿瘤生长（TGI 38%-58%）","not captured","not reported","not reported","Level 1: animal-validated mechanistic evidence","not assigned","37595397","PMID37595397","Honokiol\154-37595397-Design synthesis and anti tumor eff Source Bioorg Chem SO 2023.pdf","Design, synthesis and anti-tumor efficacy evaluation of novel 1,3-diaryl propane-based polyphenols obtained from Claisen rearrangement reaction.","Included","2023","2023/11/01","Honokiol","天然产物或具有有趣生物活性的合成化合物（nature products
or synthetic compounds with interesting biological activitie）","Yes—directly traceable in supplied records","Constituent of Houpo (Magnolia officinalis)","PMID 37595397; PMID37595397","Derivative/metabolite contextual evidence","Row-level annotation; deduplicate by PMID for final reference-level counts"
"Honokiol","Neolignans","厚朴植物的叶子、树皮和根。","体外：结肠癌细胞、结肠球形成；体内：AOM/DSS 小鼠结肠炎相关癌模型","In vitro + in vivo","not captured in source extraction","抑制 YAP1 功能，非经典 Hippo 通路","抑制增殖、克隆形成、结肠球形成；诱导凋亡；抑制 DCLK1 激酶活性；下调 LGR5/CD44；诱导 PUMA-YAP1 结合","not captured","not reported","not reported","Level 1: animal-validated mechanistic evidence","Apoptosis/cell cycle; Wnt/beta-catenin/stemness","34206989","PMID34206989","Honokiol\155-34206989-Honokiol Affects Stem Cell Viability Source Cells SO 2021 Jun 26 10 7.pdf","Honokiol Affects Stem Cell Viability by Suppressing Oncogenic YAP1 Function to Inhibit Colon Tumorigenesis.","Included","2021","2021/06/26","Honokiol","厚朴植物的叶子、树皮和根。","Yes—directly traceable in supplied records","Constituent of Houpo (Magnolia officinalis)","PMID 34206989; PMID34206989","Purified isolated compound: Honokiol","Row-level annotation; deduplicate by PMID for final reference-level counts"
"Honokiol","Neolignans","天然产物","体内和体外实验","In vitro + in vivo","not captured in source extraction","铁死亡通路","HNK被释放后诱导肿瘤细胞发生铁死亡，系统通过乳酸响应触发级联反应，实现ROS持续放大与铁死亡增强","not captured","not reported","not reported","Level 1: animal-validated mechanistic evidence","ROS/ferroptosis","38442520","PMID38442520","Honokiol\156-38442520-Lactic acid responsive sequential pr Source J Colloid Interface Sci SO 2024.pdf","Lactic acid responsive sequential production of hydrogen peroxide and consumption of glutathione for enhanced ferroptosis tumor therapy.","Excluded: no CRC-specific model or outcome extracted","2024","2024/06/01","Honokiol","天然产物","Yes—directly traceable in supplied records","Constituent of Houpo (Magnolia officinalis)","PMID 38442520; PMID38442520","Not assessed for final attribution (excluded record)","Row-level annotation; deduplicate by PMID for final reference-level counts"
"astragalin","Flavonoids","Potentilla spp. 地上部分的丙酮提取物","人结肠腺癌细胞系 LS180 和人结肠上皮细胞系 CCD841 CoN","In vitro","not captured in source extraction","not reported","抑制细胞活力、DNA合成、破坏癌细胞膜","not captured","not reported","not reported","Contextual mixture/formulation evidence","not assigned","36249795","not available","astragalin\157-36249795-Anticancer potential of acetone extr Source Front Pharmacol SO 2022.pdf","not retained - incomplete bibliographic metadata","Excluded: no CRC-specific model or outcome extracted","2022","2022/09/29","astragalin","Potentilla spp. 地上部分的丙酮提取物","Not established from supplied source field","Generic botanical, dietary, computational, or unspecified association","PMID 36249795; not available","Not assessed for final attribution (excluded record)","Row-level annotation; deduplicate by PMID for final reference-level counts"
"astragalin","Flavonoids","自然资源","体外 / 体内实验","In vitro + in vivo","not captured in source extraction","PI3K/Akt 和 Ras/MAP 激酶途径","DNA 损伤和激活细胞灭亡诱导酶来抑制癌细胞","not captured","not reported","not reported","Level 1: animal-validated mechanistic evidence","PI3K/Akt/mTOR/metabolism","39835210","PMID39835210","astragalin\158-39835210-Incredible use of plant derived bioa Source RSC Adv SO 2025.pdf","Incredible use of plant-derived bioactives as anticancer agents.","Excluded: no CRC-specific model or outcome extracted","2025","2025/01/20","astragalin","自然资源","Not established from supplied source field","Generic botanical, dietary, computational, or unspecified association","PMID 39835210; PMID39835210","Not assessed for final attribution (excluded record)","Row-level annotation; deduplicate by PMID for final reference-level counts"
"astragalin","Flavonoids","Potentilla spp. 水性丙酮提取物","人结肠癌 LS180 与正常 CCD841 CoN 细胞系","In vitro","not captured in source extraction","not reported","抑制增殖、降低活力、破坏细胞膜、选择性毒性","not captured","not reported","not reported","Contextual mixture/formulation evidence","not assigned","36902263","not available","astragalin\159-36902263-Phytochemical Profiling of Extracts Source Int J Mol Sci SO 2023.pdf","not retained - incomplete bibliographic metadata","Excluded: incomplete bibliographic title requiring verification","2023","2023/03/02","astragalin","Potentilla spp. 水性丙酮提取物","Not established from supplied source field","Generic botanical, dietary, computational, or unspecified association","PMID 36902263; not available","Not assessed for final attribution (excluded record)","Row-level annotation; deduplicate by PMID for final reference-level counts"
"astragalin","Flavonoids","Malvaviscus arboreus 叶的水提取物","HCT116、MDA-MB231、MCF10A细胞；MRSA等细菌","In vitro","not captured in source extraction","carbonic anhydrase IX","抗癌（尤其结肠癌）、抗菌（尤其金黄色葡萄球菌）","not captured","not reported","not reported","Level 3: cell-based mechanistic evidence","not assigned","37131545","not available","astragalin\160-37131545-In silico Prediction of Malvaviscus Source Int J Nanomedicine SO 2023.pdf","not retained - incomplete bibliographic metadata","Excluded: incomplete bibliographic title requiring verification","2023","2023/04/26","astragalin","Malvaviscus arboreus 叶的水提取物","Not established from supplied source field","Generic botanical, dietary, computational, or unspecified association","PMID 37131545; not available","Not assessed for final attribution (excluded record)","Row-level annotation; deduplicate by PMID for final reference-level counts"
"astragalin","Flavonoids","Tetrastigma hemsleyanum Diels et Gilg 的干根","HCT-116 和 HT-29 细胞","In vitro","not captured in source extraction","PI3K/AKT/mTOR 通路","抑制 HCT-116 的克隆生成性并促进细胞凋亡，抑制 PI3K/AKT/mTOR 通路延缓结直肠肿瘤生长","not captured","not reported","not reported","Level 3: cell-based mechanistic evidence","Apoptosis/cell cycle; PI3K/Akt/mTOR/metabolism","35831026","PMID35831026","astragalin\161-35831026-Total flavonoids from the dried root Source Phytother Res SO 2022 (1).pdf","Total flavonoids from the dried root of Tetrastigma hemsleyanum Diels et Gilg inhibit colorectal cancer growth through PI3K/AKT/mTOR signaling pathway.","Included","2022","2022/11/01","astragalin","Tetrastigma hemsleyanum Diels et Gilg 的干根","Not established from supplied source field","Generic botanical, dietary, computational, or unspecified association","PMID 35831026; PMID35831026","Extract/formula/decoction contextual evidence","Row-level annotation; deduplicate by PMID for final reference-level counts"
"catechin","Flavonoids","茶（Camellia sinensis 的叶和芽），是绿茶等茶类中的主要多酚类成分。","体外模型：HCT-116、SW480、DLD-1、HT-29 等人结直肠癌细胞系
体内模型：人源性 HCT-116 腺癌荷瘤裸鼠模型","In vitro + in vivo","not captured in source extraction","NF-κB / miR-155-5p / GRP78 / MDR1 通路、受体酪氨酸激酶通路、自噬相关通路、","增强化疗药物（如5-FU、顺铂、奥沙利铂）的细胞毒性；
促进肿瘤细胞凋亡；
诱导细胞周期阻滞；
抑制肿瘤细胞增殖与生长；
逆转多药耐药；
抑制血管生成","not captured","not reported","not reported","Contextual mixture/formulation evidence","Apoptosis/cell cycle; NF-kB/STAT3/inflammation","35795631","PMID35795631","catechin\162-35795631-role of ginseng quercetin and tea source front med lausanne so 2022.pdf","Role of Ginseng, Quercetin, and Tea in Enhancing Chemotherapeutic Efficacy of Colorectal Cancer.","Included","2022","2022/06/20","catechin","茶（Camellia sinensis 的叶和芽），是绿茶等茶类中的主要多酚类成分。","Not established from supplied source field","Generic botanical, dietary, computational, or unspecified association","PMID 35795631; PMID35795631","Other CRC-relevant contextual evidence","Row-level annotation; deduplicate by PMID for final reference-level counts"
"catechin","Flavonoids","茶叶和各种水果（苹果和李子）、山核桃、洋葱、蔬菜和植物性饮料","体外模型：Caco-2 / HT-29 共培养细胞系
体内模型：荷瘤小鼠","In vitro + in vivo","not captured in source extraction","not reported","消除活性氧/氮（ROS & NOS）、氧化还原活性金属（Cu/Cu 和 Fe/Fe）的螯合以及下调癌症相关转录因子和氧化酶","not captured","not reported","not reported","Level 1: animal-validated mechanistic evidence","ROS/ferroptosis","37085076","PMID37085076","catechin\163-37085076-flavonoids nanostructures promising source int j biol macromol so 2023.pdf","Flavonoids nanostructures promising therapeutic efficiencies in colorectal cancer.","Included","2023","2023/06/30","catechin","茶叶和各种水果（苹果和李子）、山核桃、洋葱、蔬菜和植物性饮料","Not established from supplied source field","Generic botanical, dietary, computational, or unspecified association","PMID 37085076; PMID37085076","Formulation/nanodelivery contextual evidence","Row-level annotation; deduplicate by PMID for final reference-level counts"
"catechin","Flavonoids","绿茶","not reported","Not specified","not captured in source extraction","not reported","1 具有强抗氧化活性
2 可中和自由基
3 是绿茶中主要的生物活性成分
4 绿茶的抗氧化活性高于红茶","not captured","not reported","not reported","Excluded: insufficient extractable evidence","ROS/ferroptosis","36359962","PMID36359962","catechin\164-36359962-tea polyphenols and their preventive source foods so 2022.pdf","Tea Polyphenols and Their Preventive Measures against Cancer: Current Trends and Directions.","Excluded: no CRC-specific model or outcome extracted","2022","2022/10/25","catechin","绿茶","Not established from supplied source field","Generic botanical, dietary, computational, or unspecified association","PMID 36359962; PMID36359962","Not assessed for final attribution (excluded record)","Row-level annotation; deduplicate by PMID for final reference-level counts"
"catechin","Flavonoids","茶叶","not reported","Not specified","not captured in source extraction","抑制 Wnt/β-catenin 信号通路。","阻断 Wnt 通路；
抑制肿瘤发生相关信号传导","not captured","not reported","not reported","Excluded: insufficient extractable evidence","Wnt/beta-catenin/stemness","38807329","PMID38807329","catechin\165-38807329-management of colorectal cancer usin source curr pharm biotechnol so 2024.pdf","Management of Colorectal Cancer Using Nanocarriers-based Drug Delivery for Herbal Bioactives: Current and Emerging Approaches.","Excluded: insufficient extractable evidence","2024","2024/01/01","catechin","茶叶","Not established from supplied source field","Generic botanical, dietary, computational, or unspecified association","PMID 38807329; PMID38807329","Not assessed for final attribution (excluded record)","Row-level annotation; deduplicate by PMID for final reference-level counts"
"catechin","Flavonoids","大黄","生物信息学分析","Not specified","not captured in source extraction","p53 信号通路；
AGE-RAGE 信号通路；
白介素-17（IL-17）信号通路；
雌激素信号通路；
氮代谢；
多种癌症相关通路（包括结直肠癌）","对脂多糖（LPS）的应答；对药物的应答；对类固醇激素的应答","not captured","not reported","not reported","Level 4: in silico/contextual evidence","EMT/ECM/metastasis","38518016","PMID38518016","beta-sitosterol\216-38518016-prediction of potential mechanisms o.pdf","Prediction of potential mechanisms of rhubarb therapy for colorectal cancer based on network pharmacological analysis and molecular docking.","Included","2024","2024/03/22","catechin","大黄","Not established from supplied source field","Generic botanical, dietary, computational, or unspecified association","PMID 38518016; PMID38518016","Network pharmacology/in silico evidence","Row-level annotation; deduplicate by PMID for final reference-level counts"
"catechin","Flavonoids","Rubus ulmifolius Schott 叶","1 细胞模型：HT-29（结直肠癌）、SK-OV-3（卵巢癌）、A549（肺癌）
2 酶抑制模型：AChE、BChE、urease
3 抗真菌模型：Penicillium sp.、Aspergillus fumigatus、Candida albicans 等
4 计算模型：网络药理学 + 分子对接","In vitro","not captured in source extraction","预测EGFR, ESR1, PTGS2, and STAT3","1 显著抑制 HT-29 和 SK-OV-3 癌细胞增殖
2 catechin 与关键靶点结合能力强，类似参考抑制剂
3 提取物具 AChE 抑制活性
4 提取物具抗真菌活性","not captured","not reported","not reported","Level 3: cell-based mechanistic evidence","NF-kB/STAT3/inflammation","41155677","not available","catechin\167-41155677-therapeutic insights into rubus ulmi so 2025.pdf","not retained - incomplete bibliographic metadata","Excluded: incomplete bibliographic title requiring verification","2025","2025/10/16","catechin","Rubus ulmifolius Schott 叶","Not established from supplied source field","Generic botanical, dietary, computational, or unspecified association","PMID 41155677; not available","Not assessed for final attribution (excluded record)","Row-level annotation; deduplicate by PMID for final reference-level counts"
"catechin","Flavonoids","天然存在的黄酮类化合物","not reported","Not specified","not captured in source extraction","体外（in vitro）释放模型","not reported","not captured","not reported","not reported","Excluded: insufficient extractable evidence","not assigned","38008226","PMID38008226","catechin\168-38008226-a ph sensitive silica nanoparticles source eur j pharm sci so 2023.pdf","A pH-sensitive silica nanoparticles for colon-specific delivery and controlled release of catechin: Optimization of loading efficiency and in vitro release kinetics.","Excluded: no CRC-specific model or outcome extracted","2024","2024/01/01","catechin","天然存在的黄酮类化合物","Not established from supplied source field","Generic botanical, dietary, computational, or unspecified association","PMID 38008226; PMID38008226","Not assessed for final attribution (excluded record)","Row-level annotation; deduplicate by PMID for final reference-level counts"
"catechin","Flavonoids","中国客家炒青绿茶","人结直肠癌细胞 HT-29","In vitro","not captured in source extraction","PI3K/AKT 通路","抑制细胞增殖
诱导细胞凋亡
阻滞细胞周期","not captured","not reported","not reported","Contextual mixture/formulation evidence","Apoptosis/cell cycle; PI3K/Akt/mTOR/metabolism","36500365","PMID36500365","catechin\169-36500365-induction of apoptosis via inactivat source molecules so 2022.pdf","Induction of Apoptosis via Inactivating PI3K/AKT Pathway in Colorectal Cancer Cells Using Aged Chinese Hakka Stir-Fried Green Tea Extract.","Included","2022","2022/11/27","catechin","中国客家炒青绿茶","Not established from supplied source field","Generic botanical, dietary, computational, or unspecified association","PMID 36500365; PMID36500365","Extract/formula/decoction contextual evidence","Row-level annotation; deduplicate by PMID for final reference-level counts"
"catechin","Flavonoids","石榴汁浓缩物","体外生化模型：牛血清白蛋白（BSA）和DNA氧化损伤模型
酶活性抑制模型：乙酰胆碱酯酶、α-淀粉酶、酪氨酸酶
抗菌模型：人类病原菌
癌细胞模型：结直肠癌、乳腺癌、肝癌细胞系","In vitro","not captured in source extraction","Bcl-2：表达被抑制（↓）；P21（CDKN1A）：表达被抑制（↓）；P53：表达增强（↑）
乙酰胆碱酯酶、α-淀粉酶、酪氨酸酶：活性被抑制","抑制氧化损伤
诱导癌细胞凋亡
抑制癌细胞增殖
调控细胞周期与凋亡相关蛋白表达
抑制关键酶活性
抗菌作用","not captured","not reported","not reported","Level 3: cell-based mechanistic evidence","Apoptosis/cell cycle; NF-kB/STAT3/inflammation; ROS/ferroptosis","37375613","PMID37375613","catechin\170-37375613-antioxidant anti inflammatory anti.pdf","Antioxidant, Anti-Inflammatory, Antimicrobial, and Anticancer Activities of Pomegranate Juice Concentrate.","Included","2023","2023/06/11","catechin","石榴汁浓缩物","Not established from supplied source field","Generic botanical, dietary, computational, or unspecified association","PMID 37375613; PMID37375613","Extract/formula/decoction contextual evidence","Row-level annotation; deduplicate by PMID for final reference-level counts"
"catechin","Flavonoids","绿茶","AOM/DSS 诱导的炎症相关结肠癌小鼠模型","In vivo","not captured in source extraction","1 联用显著减少肿瘤数量
2 改善 IRN 引起的腹泻、中性粒细胞减少、白细胞减少
3 缓解结肠腺瘤样组织学特征
4 减轻 IRN 诱导的非酒精性脂肪肝（NAFLD）","肿瘤数量和体积显著减少（尤其IRN+高剂量GT组）；
结肠组织炎症浸润减轻；
腺癌分化程度降低；
白细胞、中性粒细胞减少（IRN毒性）被GT逆转；
肝脏脂肪变性（NAFLD）缓解；
肾小管损伤减轻；
腹泻频率下降","yes","not reported","not reported","Contextual mixture/formulation evidence","NF-kB/STAT3/inflammation","34308509","PMID34308509","catechin\171-34308509-green tea catechins in combination with irinotecan.pdf","Green tea catechins in combination with irinotecan attenuates tumorigenesis and treatment-associated toxicity in an inflammation-associated colon cancer mice model.","Included","2021","2021/07/26","catechin","绿茶","Not established from supplied source field","Generic botanical, dietary, computational, or unspecified association","PMID 34308509; PMID34308509","Extract/formula/decoction contextual evidence","Row-level annotation; deduplicate by PMID for final reference-level counts"
"catechin","Flavonoids","Synsepalum dulcificum（奇迹果）水提物（DMB®）","人结直肠癌细胞系：DLD-1、HT29、SW480、SW620；实验为 体外细胞实验","In vitro","not captured in source extraction","凋亡通路（线粒体途径）","抑制结直肠癌细胞增殖
强化疗药奥沙利铂疗效
诱导细胞周期阻滞
激活凋亡相关基因表达","not captured","not reported","not reported","Level 3: cell-based mechanistic evidence","Apoptosis/cell cycle","40298626","not available","catechin\172-40298626-anticancer potential phenolic profi source antioxidants basel so 2025.pdf","not retained - incomplete bibliographic metadata","Excluded: incomplete bibliographic title requiring verification","2025","2025/03/24","catechin","Synsepalum dulcificum（奇迹果）水提物（DMB®）","Not established from supplied source field","Generic botanical, dietary, computational, or unspecified association","PMID 40298626; not available","Not assessed for final attribution (excluded record)","Row-level annotation; deduplicate by PMID for final reference-level counts"
"catechin","Flavonoids","Lycium shawii（沙氏枸杞）提取物","体外抗菌实验：测试了 L. shawii 提取物、AgNPs（银纳米粒子）和青霉素偶联 AgNPs（pen-AgNPs） 对细菌的抑制作用。
细胞毒性实验：使用以下三种细胞系：结直肠癌细胞 HCT116、正常乳腺上皮细胞 MCF 10 A、乳腺癌细胞 MDA-MB-231
计算机模拟（in silico）模型：用于预测代谢物的药理性质及分子靶点如分子对接。","In vitro","not captured in source extraction","not reported","not reported","not captured","not reported","not reported","Level 4: in silico/contextual evidence","not assigned","35489282","PMID35489282","catechin\173-35489282-in silico predicting as a tool to develop source biomed pharmacother 2022 apr 27 150 113008.pdf","In-silico predicting as a tool to develop plant-based biomedicines and nanoparticles: Lycium shawii metabolites.","Included","2022","2022/06/01","catechin","Lycium shawii（沙氏枸杞）提取物","Not established from supplied source field","Generic botanical, dietary, computational, or unspecified association","PMID 35489282; PMID35489282","Formulation/nanodelivery contextual evidence","Row-level annotation; deduplicate by PMID for final reference-level counts"
"catechin","Flavonoids","棕榈科（Arecaceae）植物的种子：Cocos nucifera（椰子）、Sabal minor（矮棕）","人结直肠癌细胞系 HT-29","In vitro","not captured in source extraction","not reported","剂量依赖性抑制 HT-29 细胞增殖","not captured","not reported","not reported","Level 3: cell-based mechanistic evidence","not assigned","36678939","PMID36678939","catechin\174-36678939-arecaceae seeds constitute a healthy source plants basel so 2023.pdf","Arecaceae Seeds Constitute a Healthy Source of Fatty Acids and Phenolic Compounds.","Included","2023","2023/01/04","catechin","棕榈科（Arecaceae）植物的种子：Cocos nucifera（椰子）、Sabal minor（矮棕）","Not established from supplied source field","Generic botanical, dietary, computational, or unspecified association","PMID 36678939; PMID36678939","Extract/formula/decoction contextual evidence","Row-level annotation; deduplicate by PMID for final reference-level counts"
"catechin","Flavonoids","白色石榴","体外实验：MTT 法检测细胞毒性，使用正常视网膜细胞及乳腺癌、肺癌、结直肠癌细胞系；
计算机模拟：“foodinformatics” 方法预测成分的吸收与靶点","In vitro","not captured in source extraction","not reported","高胃肠道吸收/生物利用度；
参与抗癌作用
抗氧化","not captured","not reported","not reported","Level 3: cell-based mechanistic evidence","ROS/ferroptosis","36358999","not available","catechin\175-36358999-potential anticancer activity of pom source biles so 2022.pdf","not retained - incomplete bibliographic metadata","Excluded: incomplete bibliographic title requiring verification","2022","2022/11/07","catechin","白色石榴","Not established from supplied source field","Generic botanical, dietary, computational, or unspecified association","PMID 36358999; not available","Not assessed for final attribution (excluded record)","Row-level annotation; deduplicate by PMID for final reference-level counts"
"catechin","Flavonoids","可可果壳","体外结肠发酵模型：用于模拟人类结肠微生物代谢CPH；
细胞模型：人结肠癌细胞系 HT-29；
计算模型：用于预测化合物与HDAC6的相互作用","In vitro","not captured in source extraction","组蛋白去乙酰化酶","抑制HDAC活性；
诱导HT-29结肠癌细胞死亡；
破坏细胞膜完整性","not captured","not reported","not reported","Level 3: cell-based mechanistic evidence","not assigned","36102033","PMID36102033","catechin\176-36102033-effect of drying method on the produ source j food sci so 2022.pdf","Effect of drying method on the production of in vitro short-chain fatty acids and histone deacetylase mediation of cocoa pod husk.","Included","2022","2022/10/01","catechin","可可果壳","Not established from supplied source field","Generic botanical, dietary, computational, or unspecified association","PMID 36102033; PMID36102033","Extract/formula/decoction contextual evidence","Row-level annotation; deduplicate by PMID for final reference-level counts"
"catechin","Flavonoids","葡萄（Vitis vinifera L.）果渣水提物","LPS 诱导的小鼠结肠炎症模型","In vivo","not captured in source extraction","间接靶点：CAT 基因表达、SOD 基因表达","调节氧化应激平衡","yes","not reported","not reported","Contextual mixture/formulation evidence","NF-kB/STAT3/inflammation; ROS/ferroptosis; Immune microenvironment","36069605","PMID36069605","catechin\177-36069605-a grape vitis vinifera l pomace w source phytother res so 2022.pdf","A grape (Vitis vinifera L.) pomace water extract modulates inflammatory and immune response in SW-480 cells and isolated mouse colon.","Excluded: no CRC-specific model or outcome extracted","2022","2022/12/01","catechin","葡萄（Vitis vinifera L.）果渣水提物","Not established from supplied source field","Generic botanical, dietary, computational, or unspecified association","PMID 36069605; PMID36069605","Not assessed for final attribution (excluded record)","Row-level annotation; deduplicate by PMID for final reference-level counts"
"catechin","Flavonoids","龙牙草Agrimonia pilosa Ledeb. (APL),","化学成分分析，采用 UPLC-Q-TOF-MS 技术对经大孔树脂处理的样品进行成分鉴定。","Not specified","not captured in source extraction","Akt 和 ERK1/2","诱导细胞周期阻滞；
促进结直肠癌肿瘤细胞凋亡","not captured","not reported","not reported","Contextual mixture/formulation evidence","Apoptosis/cell cycle; PI3K/Akt/mTOR/metabolism; MAPK/JNK/ERK","40286126","not available","catechin\178-40286126-analysis of macroporous resin combin so 2025.pdf","not retained - incomplete bibliographic metadata","Excluded: incomplete bibliographic title requiring verification","2025","2025/03/26","catechin","龙牙草Agrimonia pilosa Ledeb. (APL),","Not established from supplied source field","Generic botanical, dietary, computational, or unspecified association","PMID 40286126; not available","Not assessed for final attribution (excluded record)","Row-level annotation; deduplicate by PMID for final reference-level counts"
"Tanshinone IIA","Diterpenoid quinones","丹参","结直肠癌细胞（含5-Fu耐药细胞）","In vitro","not captured in source extraction","Akt/WEE1/CDK1 信号通路被抑制","抑制 survivin 磷酸化，破坏 USP1-survivin 相互作用，促进 survivin 泛素化降解，增强 5-Fu 敏感性","not captured","not reported","not reported","Level 3: cell-based mechanistic evidence","PI3K/Akt/mTOR/metabolism","37749082","PMID37749082","Tanshinone IIA\179-37749082-targeting survivin with tanshinone i source cell death discov so 2023.pdf","Targeting survivin with Tanshinone IIA inhibits tumor growth and overcomes chemoresistance in colorectal cancer.","Included","2023","2023/09/25","Tanshinone IIA","丹参","Yes—directly traceable in supplied records","Constituent of Danshen (Salvia miltiorrhiza)","PMID 37749082; PMID37749082","Purified isolated compound: Tanshinone IIA","Row-level annotation; deduplicate by PMID for final reference-level counts"
"Tanshinone IIA","Diterpenoid quinones","丹参","体外人结直肠癌（CRC）细胞系细胞实验 + 小鼠体内异种移植模型","In vitro + in vivo","not captured in source extraction","ROS/JNK 信号通路","1 显著抑制结直肠癌细胞的增殖能力
2 诱导细胞凋亡
3 诱导细胞自噬
4 在体内显著抑制肿瘤生长
5 激活ROS 的产生","not captured","not reported","not reported","Level 1: animal-validated mechanistic evidence","Apoptosis/cell cycle; MAPK/JNK/ERK; ROS/ferroptosis","35593352","PMID35593352","Tanshinone IIA\180-35593352-tanshinone iia alleviates the biological chara source anticancer agents med chem 2022 apr 21.pdf","Tanshinone IIA Alleviates the Biological Characteristics of Colorectal Cancer via Activating the ROS/JNK Signaling Pathway.","Included","2023","2023/01/01","Tanshinone IIA","丹参","Yes—directly traceable in supplied records","Constituent of Danshen (Salvia miltiorrhiza)","PMID 35593352; PMID35593352","Purified isolated compound: Tanshinone IIA","Row-level annotation; deduplicate by PMID for final reference-level counts"
"Tanshinone IIA","Diterpenoid quinones","丹参","HCT116 和 SW480 结直肠癌细胞系（体外）","In vitro","not captured in source extraction","主要为 PI3K/AKT，其次为 cAMP 和 TNF 通路；PI3K/AKT 最富集","抑制增殖、抑制迁移、诱导凋亡","not captured","not reported","not reported","Level 3: cell-based mechanistic evidence","Apoptosis/cell cycle; PI3K/Akt/mTOR/metabolism; EMT/ECM/metastasis","40255473","PMID40255473","Tanshinone IIA\181-40255473-network pharmacology molecular dock source drug des devel ther so 2025.pdf","Network Pharmacology, Molecular Docking, and in vitro Experiments Reveal the Role and Mechanism of Tanshinone IIA in Colorectal Cancer Treatment Through the PI3K/AKT Pathway.","Included","2025","2025/04/16","Tanshinone IIA","丹参","Yes—directly traceable in supplied records","Constituent of Danshen (Salvia miltiorrhiza)","PMID 40255473; PMID40255473","Purified isolated compound: Tanshinone IIA","Row-level annotation; deduplicate by PMID for final reference-level counts"
"Tanshinone IIA","Diterpenoid quinones","传统中药丹参（Salvia miltiorrhiza）的根部","多种人类癌细胞系的体外实验， 乳腺癌、宫颈癌
、结直肠癌、胃癌、肺癌、前列腺癌","In vitro","not captured in source extraction","PI3K/Akt 通路；JAK/STAT 通路； IGF-1R 通路；Bcl-2-Caspase 通路","抑制肿瘤细胞的生长与增殖

抑制转移 侵袭

抑制血管生成 

诱导细胞凋亡 

诱导自噬","not captured","not reported","not reported","Level 3: cell-based mechanistic evidence","Apoptosis/cell cycle; PI3K/Akt/mTOR/metabolism; EMT/ECM/metastasis","37440106","PMID37440106","Tanshinone IIA\182-37440106-tanshinone iia targeting cell signal source pharmacol rep so 2023.pdf","Tanshinone IIA targeting cell signaling pathways: a plausible paradigm for cancer therapy.","Included","2023","2023/08/01","Tanshinone IIA","传统中药丹参（Salvia miltiorrhiza）的根部","Yes—directly traceable in supplied records","Constituent of Danshen (Salvia miltiorrhiza)","PMID 37440106; PMID37440106","Review/background evidence","Row-level annotation; deduplicate by PMID for final reference-level counts"
"Tanshinone IIA","Diterpenoid quinones","丹参","体外：结直肠癌细胞；体内：动物模型","In vitro + in vivo","not captured in source extraction","p38MAPK 信号通路（磷酸化激活 → ATF-2↑ → Transgelin-2↓）","抑制增殖、诱导凋亡、G0/G1 阻滞、改变细胞骨架、抑制肿瘤生长、延长生存","not captured","not reported","not reported","Level 1: animal-validated mechanistic evidence","Apoptosis/cell cycle; MAPK/JNK/ERK","36204303","PMID36204303","Tanshinone IIA\183-36204303-transgelin 2 involves in the apoptos source anal cell pathol amst so 2022 2022 9358583.pdf","Transgelin-2 Involves in the Apoptosis of Colorectal Cancer Cells Induced by Tanshinone-IIA.","Included","2022","2022/09/27","Tanshinone IIA","丹参","Yes—directly traceable in supplied records","Constituent of Danshen (Salvia miltiorrhiza)","PMID 36204303; PMID36204303","Purified isolated compound: Tanshinone IIA","Row-level annotation; deduplicate by PMID for final reference-level counts"
"Tanshinone IIA","Diterpenoid quinones","丹参","人结直肠癌细胞系","In vitro","not captured in source extraction","ROS/JNK/STAT3 信号轴","1.诱导线粒体功能障碍
2.抑制肿瘤生长
3.触发癌细胞凋亡
4.抑制增殖","not captured","not reported","not reported","Contextual review-only","Apoptosis/cell cycle; NF-kB/STAT3/inflammation; MAPK/JNK/ERK; ROS/ferroptosis","40488304","PMID40488304","Kaempferol\56-40488304-Herbal Medicine for Colorectal Cance Source Cell Prolif SO 2025 (1).pdf","Herbal Medicine for Colorectal Cancer Treatment: Molecular Mechanisms and Clinical Applications.","Included","2025","2025/10/01","Tanshinone IIA","丹参","Yes—directly traceable in supplied records","Constituent of Danshen (Salvia miltiorrhiza)","PMID 40488304; PMID40488304","Review/background evidence","Row-level annotation; deduplicate by PMID for final reference-level counts"
"Tanshinone IIA","Diterpenoid quinones","丹参","1. 体内模型（in vivo）： AOM/DSS诱导的结肠炎相关性结直肠癌小鼠模型），使用雄性C57BL/6小鼠；
2. 体外模型（in vitro）： 脂多糖（LPS）诱导的中性粒细胞活化实验","In vitro + in vivo","AOM 10 mg/kg and 2.5% DSS; tanshinone IIA 200 mg/kg intraperitoneally","NF-κB 信号通路","1. 显著减少结直肠肿瘤形成
2. 降低肠道通透性
3. 减少结肠黏膜中性粒细胞浸润
4. 抑制结肠炎症
5. 抑制中性粒细胞活化","not captured","not reported","not reported","Level 1: animal-validated mechanistic evidence","NF-kB/STAT3/inflammation","33535870","PMID33535870","Tanshinone IIA\185-33535870-tanshinone iia attenuates aomdss-induced colorectal tumorigenesis in mice via inhibit.pdf","Tanshinone IIA attenuates AOM/DSS-induced colorectal tumorigenesis in mice via inhibition of intestinal inflammation.","Included","2021","2021/12/01","Tanshinone IIA","丹参","Yes—directly traceable in supplied records","Constituent of Danshen (Salvia miltiorrhiza)","PMID 33535870; PMID33535870","Purified isolated compound: Tanshinone IIA","Row-level annotation; deduplicate by PMID for final reference-level counts"
"Tanshinone IIA","Diterpenoid quinones","丹参","体外模型：人结直肠癌细胞系 OUMS23 细胞
体内模型：结直肠癌皮下移植瘤小鼠模型","In vitro + in vivo","not captured in source extraction","PI3K/AKT/mTOR 信号通路。","抑制结直肠癌细胞增殖；
诱导细胞凋亡；
诱导铁死亡：表现为细胞内 Fe²⁺ 和总铁水平升高、脂质 ROS 积累；
抑制 SLC7A11 基因和蛋白表达；
抑制 PI3K/AKT/mTOR 通路活化（降低 p-AKT、p-mTOR 水平）","not captured","not reported","not reported","Level 1: animal-validated mechanistic evidence","Apoptosis/cell cycle; PI3K/Akt/mTOR/metabolism; ROS/ferroptosis","40618168","PMID40618168","Tanshinone IIA\186-40618168-tanshinone iia induces ferroptosis i source eur j med res so 2025.pdf","Tanshinone IIA induces ferroptosis in colorectal cancer cells through the suppression of SLC7A11 expression via the PI3K/AKT/mTOR pathway.","Included","2025","2025/07/05","Tanshinone IIA","丹参","Yes—directly traceable in supplied records","Constituent of Danshen (Salvia miltiorrhiza)","PMID 40618168; PMID40618168","Purified isolated compound: Tanshinone IIA","Row-level annotation; deduplicate by PMID for final reference-level counts"
"Tanshinone IIA","Diterpenoid quinones","丹参","体外模型：正常人结肠上皮细胞 FHC
结直肠癌细胞系：HCT116、HT29、SW620
5-Fu耐药细胞系：HCT116R、HT29R
体内模型：
裸鼠异种移植瘤模型","In vitro + in vivo","Tanshinone IIA 5 mg/kg every 2 days intraperitoneally in xenograft mice","Tan IIA → 抑制 USP2 与 Skp2 的相互作用 → 促进 Skp2 泛素化降解 → 抑制 Skp2/Akt/HK2 信号轴 → 抑制糖酵解 → 诱导线粒体依赖性凋亡 → 克服5-Fu耐药","抑制CRC细胞增殖
抑制软琼脂集落形成
抑制糖酵解
诱导线粒体途径凋亡
克服5-Fu耐药
抑制体内肿瘤生长","not captured","not reported","not reported","Level 1: animal-validated mechanistic evidence","Apoptosis/cell cycle; PI3K/Akt/mTOR/metabolism","41051621","PMID41051621","Tanshinone IIA\187-41051621-targeting skp2 by tanshinone iia ove source cell biol toxicol so 2025.pdf","Targeting Skp2 by Tanshinone IIA overcomes chemoresistance in colorectal cancer.","Included","2025","2025/10/06","Tanshinone IIA","丹参","Yes—directly traceable in supplied records","Constituent of Danshen (Salvia miltiorrhiza)","PMID 41051621; PMID41051621","Purified isolated compound: Tanshinone IIA","Row-level annotation; deduplicate by PMID for final reference-level counts"
"Tanshinone IIA","Diterpenoid quinones","丹参","动物模型：HT-29 结肠癌异种移植 + 后肢缺血模型","In vitro + in vivo","not captured in source extraction","Ang2/Tie2/AKT/MLCK 信号级联","血管正常化、改善血流、减轻缺氧、减少渗漏、修复组织损伤","not captured","not reported","not reported","Level 1: animal-validated mechanistic evidence","PI3K/Akt/mTOR/metabolism","34804370","PMID34804370","Tanshinone IIA\188-34804370-targeting the ang2 tie2 axis with ta source oxid med cell longev so 2021 2021 7037786.pdf","Targeting the Ang2/Tie2 Axis with Tanshinone IIA Elicits Vascular Normalization in Ischemic Injury and Colon Cancer.","Included","2021","2021/11/10","Tanshinone IIA","丹参","Yes—directly traceable in supplied records","Constituent of Danshen (Salvia miltiorrhiza)","PMID 34804370; PMID34804370","Purified isolated compound: Tanshinone IIA","Row-level annotation; deduplicate by PMID for final reference-level counts"
"Tanshinone IIA","Diterpenoid quinones","丹参","1. 体内模型：小鼠原位结肠癌模型
2. 体外模型：药物释放实验：在模拟胃液（SGF）和模拟肠液（SIF）中测定释放行为","In vitro + in vivo","20.0%; 34.6%","递送靶向性","1. 显著降低肿瘤体积（相比对照组减少 20.0%）；
2. 显著降低肿瘤重量（相比对照组减少 34.6%）；
3. 组织学分析显示该系统显著增强了对结肠癌细胞的治疗效果。","not captured","not reported","not reported","Level 1: animal-validated mechanistic evidence","Wnt/beta-catenin/stemness","39914966","PMID39914966","Tanshinone IIA\189-39914966-tanshinone iia cyclodextrin encaps source carbohydr polym so 2025.pdf","Tanshinone IIA@beta-cyclodextrin encapsulated with Eucommia ulmoides rubber/acetylated starch film as novel oral delivery system for therapy of orthotopic colon cancer.","Included","2025","2025/04/01","Tanshinone IIA","丹参","Yes—directly traceable in supplied records","Constituent of Danshen (Salvia miltiorrhiza)","PMID 39914966; PMID39914966","Formulation/nanodelivery contextual evidence","Row-level annotation; deduplicate by PMID for final reference-level counts"
"Jaranol","Flavonoids","黄芪","转移性结肠癌小鼠模型 Western blot","In vivo","not captured in source extraction","DBD 通过上调 Bax、Caspase3 和 Cleaved caspase3 的表达以及下调 Bcl2 的表达来抑制 MCC","not reported","yes","not reported","not reported","Contextual mixture/formulation evidence","Apoptosis/cell cycle; EMT/ECM/metastasis","33658761","PMID33658761","Formononetin\106-33658761-Danggui Buxue Decoction in the Treat Source Drug Des Devel Ther SO 2021 15 705 720.pdf","Danggui Buxue Decoction in the Treatment of Metastatic Colon Cancer: Network Pharmacology Analysis and Experimental Validation.","Included","2021","2021/02/24","Jaranol","黄芪","Potentially traceable—named Chinese medicinal material recorded","Named medicinal material in source extraction; author verification required","PMID 33658761; PMID33658761","Extract/formula/decoction contextual evidence","Row-level annotation; deduplicate by PMID for final reference-level counts"
"Pinocembrin","Flavonoids","蜂胶和蜂蜜","not reported","Not specified","not captured in source extraction","not reported","not reported","not captured","not reported","not reported","Excluded: insufficient extractable evidence","not assigned","37049455","PMID37049455","Luteolin\19-37049455-bee products and colorectal cancer a.pdf","Bee Products and Colorectal Cancer-Active Components and Mechanism of Action.","Excluded: insufficient extractable evidence","2023","2023/03/27","Pinocembrin","蜂胶和蜂蜜","Not established from supplied source field","Generic botanical, dietary, computational, or unspecified association","PMID 37049455; PMID37049455","Not assessed for final attribution (excluded record)","Row-level annotation; deduplicate by PMID for final reference-level counts"
"Pinocembrin","Flavonoids","天然黄酮类化合物","人结直肠癌细胞系 HT29 和 HCT116（体外模型）","In vitro","not captured in source extraction","PINO → ↑LACTB → ↑E-cadherin, ↓N-cadherin, ↓MMP-2 → 抑制 EMT、迁移、侵袭、增殖","抑制增殖、迁移、侵袭及上皮-间质转化（EMT）","not captured","not reported","not reported","Level 3: cell-based mechanistic evidence","EMT/ECM/metastasis","33395536","PMID33395536","Pinocembrin\192-33395536-Pinocembrin Inhibits the Proliferation, Migration, Invasiveness, and Epithelial-Mesenchyma.pdf","Pinocembrin Inhibits the Proliferation, Migration, Invasiveness, and Epithelial-Mesenchymal Transition of Colorectal Cancer Cells by Regulating LACTB.","Included","2022","2022/09/01","Pinocembrin","天然黄酮类化合物","Not established from supplied source field","Generic botanical, dietary, computational, or unspecified association","PMID 33395536; PMID33395536","Purified isolated compound: Pinocembrin","Row-level annotation; deduplicate by PMID for final reference-level counts"
"Pinocembrin","Flavonoids","中药复方 二藤散结 胶囊（ETSJC）","参与网络分析和分子对接预测，动物实验","In vivo","not captured in source extraction","PI3K/Akt 信号通路","抑制增殖、促进凋亡、调控细胞迁移与蛋白磷酸化","yes","not reported","not reported","Level 2: in vivo evidence","Apoptosis/cell cycle; PI3K/Akt/mTOR/metabolism; NF-kB/STAT3/inflammation; MAPK/JNK/ERK; EMT/ECM/metastasis","38428659","PMID38428659","Kaempferol\94-38428659-exploring the mechanism of erteng sa source j ethnopharmacol so 2024.pdf","Exploring the mechanism of Erteng-Sanjie capsule in treating gastric and colorectal cancers via network pharmacology and in-vivo validation.","Included","2024","2024/06/12","Pinocembrin","中药复方 二藤散结 胶囊（ETSJC）","Contextual association only","Compound annotated within a TCM formula or preparation","PMID 38428659; PMID38428659","Extract/formula/decoction contextual evidence","Row-level annotation; deduplicate by PMID for final reference-level counts"
"Pinocembrin","Flavonoids","蜂胶","多种人癌细胞系，重点为结直肠癌细胞","In vitro","not captured in source extraction","DNA损伤（ɣH2AX）触发","合成油酰基杂合物 → 提高生物利用度 → 诱导DNA损伤 → 激活凋亡 → 抑制癌细胞","not captured","not reported","not reported","Level 3: cell-based mechanistic evidence","Apoptosis/cell cycle","33153029","PMID33153029","Pinocembrin\194-33153029-New Oleoyl Hybrids of Natural Antiox Source Antioxidants Basel SO 2020.pdf","New Oleoyl Hybrids of Natural Antioxidants: Synthesis and In Vitro Evaluation as Inducers of Apoptosis in Colorectal Cancer Cells.","Included","2020","2020/11/03","Pinocembrin","蜂胶","Not established from supplied source field","Generic botanical, dietary, computational, or unspecified association","PMID 33153029; PMID33153029","Derivative/metabolite contextual evidence","Row-level annotation; deduplicate by PMID for final reference-level counts"
"Pinocembrin","Flavonoids","Manuka蜂蜜","富含结肠癌干细胞（CSCs）的结肠类球体","In vitro","not captured in source extraction","Wnt/β-catenin 通路、Hedgehog 通路、Notch 通路","增强 5-氟尿嘧啶（5-Fluorouracil）的化疗敏感性（化学增敏作用），抑制癌干细胞的自我更新能力","not captured","not reported","not reported","Level 3: cell-based mechanistic evidence","Wnt/beta-catenin/stemness","37418807","PMID37418807","Pinocembrin\195-37418807-can the phenolic compounds of manuka source food chem so 2023.pdf","Can the phenolic compounds of Manuka honey chemosensitize colon cancer stem cells? A deep insight into the effect on chemoresistance and self-renewal.","Included","2023","2023/11/30","Pinocembrin","Manuka蜂蜜","Not established from supplied source field","Generic botanical, dietary, computational, or unspecified association","PMID 37418807; PMID37418807","Extract/formula/decoction contextual evidence","Row-level annotation; deduplicate by PMID for final reference-level counts"
"Naamidine J","Alkaloids","1-甲基副尿酸（1-methylparabanic acid, 8） 和 化合物 7，经硅烷化后在甲苯中回流反应制得","not reported","Not specified","not captured in source extraction","not reported","not reported","not captured","not reported","not reported","Excluded: insufficient extractable evidence","not assigned","37040446","PMID37040446","Naamidine J\196-37040446-Bioactivity Driven Synthesis of the Source J Med Chem SO 2023.pdf","Bioactivity-Driven Synthesis of the Marine Natural Product Naamidine J and Its Derivatives as Potential Tumor Immunological Agents by Inhibiting Programmed Death-Ligand 1.","Excluded: no CRC-specific model or outcome extracted","2023","2023/04/27","Naamidine J","1-甲基副尿酸（1-methylparabanic acid, 8） 和 化合物 7，经硅烷化后在甲苯中回流反应制得","Not established from supplied source field","Generic botanical, dietary, computational, or unspecified association","PMID 37040446; PMID37040446","Not assessed for final attribution (excluded record)","Row-level annotation; deduplicate by PMID for final reference-level counts"
"Pachymic acid","Triterpenoids","蜜蜂中分离出来的Aspergillus niger AW17","结直肠 （Caco-2）、肝脏 （HepG2）、乳腺癌 （MCF-7） 和肺癌细胞系 （A549） 癌细胞系","In vitro","not captured in source extraction","not reported","Caco-2 表现出G1 停滞，早期细胞凋亡和大量坏死","not captured","not reported","not reported","Level 3: cell-based mechanistic evidence","Apoptosis/cell cycle","40940406","PMID40940406","Pachymic acid\197-40940406-Honeybee associated Aspergillus nige Source Sci Rep SO 2025.pdf","Honeybee associated Aspergillus niger AW17 as a source of selective anticancer compounds with cytotoxicity evaluation in human cancer cell lines.","Included","2025","2025/09/12","Pachymic acid","蜜蜂中分离出来的Aspergillus niger AW17","Not established from supplied source field","Generic botanical, dietary, computational, or unspecified association","PMID 40940406; PMID40940406","Extract/formula/decoction contextual evidence","Row-level annotation; deduplicate by PMID for final reference-level counts"
"isorhamnetin","Flavonoids","葱属和芸苔属蔬菜和水果中、许多食用植物","（综述文章）体外、动物实验、流行病学研究","In vitro + in vivo","not captured in source extraction","PI3K-Akt-mTOR 通路","影响人结肠癌 （HCT-116） 细胞的细胞周期、细胞死亡和增殖","not captured","not reported","not reported","Level 1: animal-validated mechanistic evidence","Apoptosis/cell cycle; PI3K/Akt/mTOR/metabolism","38948535","PMID38948535","isorhamnetin\198-38948535-Targeting colorectal cancer using di Source Cancer Innov SO 2023.pdf","Targeting colorectal cancer using dietary flavonols.","Included","2023","2023/11/28","isorhamnetin","葱属和芸苔属蔬菜和水果中、许多食用植物","Not established from supplied source field","Generic botanical, dietary, computational, or unspecified association","PMID 38948535; PMID38948535","Extract/formula/decoction contextual evidence","Row-level annotation; deduplicate by PMID for final reference-level counts"
"isorhamnetin","Flavonoids","许多水果和蔬菜","HT-29人结肠癌细胞，体外培养，zymosan诱导炎症","In vitro","not captured in source extraction","抗增殖、促氧化、抗炎","not reported","not captured","not reported","not reported","Level 3: cell-based mechanistic evidence","NF-kB/STAT3/inflammation; ROS/ferroptosis","37763324","PMID37763324","isorhamnetin\199-37763324-Isorhamnetin Influences the Viabilit.pdf","Isorhamnetin Influences the Viability, Superoxide Production and Interleukin-8 Biosynthesis of Human Colorectal Adenocarcinoma HT-29 Cells In Vitro.","Included","2023","2023/09/15","isorhamnetin","许多水果和蔬菜","Not established from supplied source field","Generic botanical, dietary, computational, or unspecified association","PMID 37763324; PMID37763324","Purified isolated compound: isorhamnetin","Row-level annotation; deduplicate by PMID for final reference-level counts"
"isorhamnetin","Flavonoids","Dodonaea viscosa Jacq. 的70%乙醇水提取物","体外：SW480 和 SW620 结直肠癌细胞系","In vitro","70%","p53 和 caspase-3 激活","细胞毒性、抗增殖、线粒体损伤、Sub G0/G1 峰、凋亡诱导","not captured","not reported","not reported","Level 3: cell-based mechanistic evidence","Apoptosis/cell cycle","37426815","not available","isorhamnetin\200-37426815-dodonaea viscosa jacq induces cytotpharmacol.pdf","not retained - incomplete bibliographic metadata","Excluded: incomplete bibliographic title requiring verification","2023","2023/06/23","isorhamnetin","Dodonaea viscosa Jacq. 的70%乙醇水提取物","Not established from supplied source field","Generic botanical, dietary, computational, or unspecified association","PMID 37426815; not available","Not assessed for final attribution (excluded record)","Row-level annotation; deduplicate by PMID for final reference-level counts"
"isorhamnetin","Flavonoids","治疗 mCRC 的高频中药复方","基于临床 RCT 荟萃分析 + 网络药理学预测","Network/in silico","not captured in source extraction","CDKN1A、CDK1、CDK2、E2F1、CDK4、PCNA、RB1、CCNA2、MAPK3、CCND1、CCNB1、JUN、MAPK1、RELA、FOS、MAPK8、STAT3、MAPK14、NR3C1 和 MYC","可能通过靶向上述枢纽基因的多个生物学过程来抑制 mCRC","not captured","not reported","not reported","Level 4: in silico-only","NF-kB/STAT3/inflammation; MAPK/JNK/ERK; EMT/ECM/metastasis","34781857","PMID34781857","isorhamnetin\203-34781857-Network Pharmacology Analysis to Explore the Pharmaco.pdf","Network Pharmacology Analysis to Explore the Pharmacological Mechanism of Effective Chinese Medicines in Treating Metastatic Colorectal Cancer using Meta-Analysis Approach.","Included","2021","2021/01/01","isorhamnetin","治疗 mCRC 的高频中药复方","Contextual association only","Compound annotated within a TCM formula or preparation","PMID 34781857; PMID34781857","Network pharmacology/in silico evidence","Row-level annotation; deduplicate by PMID for final reference-level counts"
"isorhamnetin","Flavonoids","益肺健脾通腑方（YJTF）","计算模型（网络药理学、分子对接）+ 小鼠肺转移模型","In vivo","not captured in source extraction","抑制肺转移","not reported","yes","not reported","not reported","Contextual mixture/formulation evidence","PI3K/Akt/mTOR/metabolism; EMT/ECM/metastasis","35942366","PMID35942366","isorhamnetin\202-35942366-study on the action mechanism of the source evid based complement alternat med so 2022.pdf","Study on the Action Mechanism of the Yifei Jianpi Tongfu Formula in Treatment of Colorectal Cancer Lung Metastasis Based on Network Analysis, Molecular Docking, and Experimental Validation.","Included","2022","2022/07/30","isorhamnetin","益肺健脾通腑方（YJTF）","Contextual association only","Compound annotated within a TCM formula or preparation","PMID 35942366; PMID35942366","Extract/formula/decoction contextual evidence","Row-level annotation; deduplicate by PMID for final reference-level counts"
"isorhamnetin","Flavonoids","Opuntia ficus-indica 提取物","体外：HT-29 RFP 细胞；体内：免疫抑制小鼠异种移植模型","In vitro + in vivo","not captured in source extraction","激活内源性凋亡通路","凋亡诱导、ROS 产生、G0/G1 阻滞、抑瘤、降 MPO 和胆固醇","not captured","not reported","not reported","Contextual mixture/formulation evidence","Apoptosis/cell cycle; ROS/ferroptosis; Immune microenvironment","34786663","PMID34786663","isorhamnetin\201-34786663-opuntia ficus indica extract and iso source plant foods hum nutr so 2021 nov 16.pdf","Opuntia ficus-indica Extract and Isorhamnetin-3-O-Glucosyl-Rhamnoside Diminish Tumor Growth of Colon Cancer Cells Xenografted in Immune-Suppressed Mice through the Activation of Apoptosis Intrinsic Pathway.","Included","2021","2021/12/01","isorhamnetin","Opuntia ficus-indica 提取物","Not established from supplied source field","Generic botanical, dietary, computational, or unspecified association","PMID 34786663; PMID34786663","Extract/formula/decoction contextual evidence","Row-level annotation; deduplicate by PMID for final reference-level counts"
"isorhamnetin","Flavonoids","肠胃清Changweiqing (CWQ)","生物信息学分析（WGCNA、PPI、分子对接）、公共数据库（TCGA、UALCAN等）","Network/in silico","not captured in source extraction","调控癌症通路、MAPK 信号通路和 AGE-RAGE 信号通路","not reported","not captured","not reported","not reported","Level 4: in silico-only","MAPK/JNK/ERK","40065477","PMID40065477","isorhamnetin\40065477-Network pharmacological approach com Source Hereditas SO 2025.pdf","Network pharmacological approach combined with weighted gene co-expression network analysis identifies CDKN2A as the keg target of Changweiqing against colorectal cancer.","Included","2025","2025/03/10","isorhamnetin","肠胃清Changweiqing (CWQ)","Not established from supplied source field","Generic botanical, dietary, computational, or unspecified association","PMID 40065477; PMID40065477","Network pharmacology/in silico evidence","Row-level annotation; deduplicate by PMID for final reference-level counts"
"isorhamnetin","Flavonoids","植物","人结肠癌细胞 SW-480、HT-29；正常细胞 HaCaT","In vitro","not captured in source extraction","CYP1A1, CYP1B1, MRP1, MRP5, P-gp, GST","细胞毒性、促凋亡、下调耐药蛋白表达、潜在逆转耐药","not captured","对正常 HaCaT 细胞毒性低","not reported","Level 3: cell-based mechanistic evidence","Apoptosis/cell cycle","40649986","PMID40649986","isorhamnetin\204-40649986-isorhamnetin modulates drug resistan.pdf","Isorhamnetin Modulates Drug-Resistance-Related Biomarkers in Colon Cancer Cells.","Included","2025","2025/06/27","isorhamnetin","植物","Not established from supplied source field","Generic botanical, dietary, computational, or unspecified association","PMID 40649986; PMID40649986","Purified isolated compound: isorhamnetin","Row-level annotation; deduplicate by PMID for final reference-level counts"
"isorhamnetin","Flavonoids","Eruca sativa（芝麻菜）","计算模型：网络药理学、分子对接、分子动力学模拟","Network/in silico","not captured in source extraction","AKT1、PGR、MMP9 和 PTGS2","not reported","not captured","not reported","not reported","Level 4: in silico-only","PI3K/Akt/mTOR/metabolism; EMT/ECM/metastasis","40283891","not available","isorhamnetin\206-40283891-insights into the therapeutic target source pharmaceuticals basel so 2025.pdf","not retained - incomplete bibliographic metadata","Excluded: no CRC-specific model or outcome extracted","2025","2025/03/24","isorhamnetin","Eruca sativa（芝麻菜）","Not established from supplied source field","Generic botanical, dietary, computational, or unspecified association","PMID 40283891; not available","Not assessed for final attribution (excluded record)","Row-level annotation; deduplicate by PMID for final reference-level counts"
"beta-sitosterol","Phytosterols","左金胶囊（Zuojin Capsule, ZJC）","1. 体外模型：结直肠癌细胞（CRC cells）
2. 体内模型：HCT-116 细胞系移植瘤小鼠模型（HCT-116 xenografted mice）","In vitro + in vivo","not captured in source extraction","P53 信号通路","1. 抑制结直肠癌细胞增殖；
2. 阻滞细胞周期进程；
3. 诱导细胞凋亡；
4. 抑制肿瘤迁移。","not captured","not reported","not reported","Level 1: animal-validated mechanistic evidence","Apoptosis/cell cycle; EMT/ECM/metastasis","34942456","PMID34942456","beta-sitosterol\207-34942456-integrating network pharmacology dec source phytomedicine actions search in pubmed search in nlm catalog add to search 2021 dec 9 96 153881 doi 10 1016 j phymed 2021 153881 online ahead of print].pdf","Integrating network pharmacology deciphers the action mechanism of Zuojin capsule in suppressing colorectal cancer.","Included","2022","2022/02/01","beta-sitosterol","左金胶囊（Zuojin Capsule, ZJC）","Contextual association only","Compound annotated within a TCM formula or preparation","PMID 34942456; PMID34942456","Extract/formula/decoction contextual evidence","Row-level annotation; deduplicate by PMID for final reference-level counts"
"beta-sitosterol","Phytosterols","坚果、植物油、谷物和人参等多种中药","人结肠癌HCT116细胞","In vitro","not captured in source extraction","β谷甾醇通过抑制LEF1的表达，阻断LEF1介导的Wntβcatenin信号通路，从而抑制结肠癌细胞的增殖和侵袭。","显著抑制HCT116细胞的增殖（CCK8和克隆实验支持）；抑制细胞迁移和侵袭能力（划痕实验支持）；下调Wnt通路下游靶基因表达（Cmyc Survivin CCND1）；阻断Wnt信号传导；减少细胞集落形成能力。","not captured","not reported","not reported","Level 3: cell-based mechanistic evidence","Wnt/beta-catenin/stemness; EMT/ECM/metastasis","36603684","PMID36603684","beta-sitosterol\208-36603684-sitosterol blocks the lef 1 mediat source cell signal so 2023.pdf","beta-Sitosterol blocks the LEF-1-mediated Wnt/beta-catenin pathway to inhibit proliferation of human colon cancer cells.","Included","2023","2023/04/01","beta-sitosterol","坚果、植物油、谷物和人参等多种中药","Not established from supplied source field","Generic botanical, dietary, computational, or unspecified association","PMID 36603684; PMID36603684","Purified isolated compound: beta-sitosterol","Row-level annotation; deduplicate by PMID for final reference-level counts"
"beta-sitosterol","Phytosterols","植物","体外细胞模型
1 Caco 2 细胞 人结肠肿瘤细胞
2 CCD 18Co 细胞 人非肿瘤结肠细胞","In vitro","not captured in source extraction","线粒体介导的内源性凋亡通路","1 抑制Caco 2肿瘤细胞增殖（经MTT法证实）
2 诱导肿瘤细胞凋亡
3 通过ROS和ceramide途径触发内源性凋亡
4 下调p21基因表达
5 同时对非肿瘤细胞具有保护作用 可减轻胆固醇代谢物cholestenone的细胞毒性","not captured","not reported","not reported","Level 3: cell-based mechanistic evidence","Apoptosis/cell cycle; ROS/ferroptosis","37982821","PMID37982821","beta-sitosterol\209-37982821-ethylcoprostanol modulates colorecta source food funct so 2023.pdf","Ethylcoprostanol modulates colorectal cancer cell proliferation and mitigates cytotoxicity of cholesterol metabolites in non-tumor colon cells.","Included","2023","2023/12/11","beta-sitosterol","植物","Not established from supplied source field","Generic botanical, dietary, computational, or unspecified association","PMID 37982821; PMID37982821","Derivative/metabolite contextual evidence","Row-level annotation; deduplicate by PMID for final reference-level counts"
"beta-sitosterol","Phytosterols","植物","大鼠结肠癌模型，采用体内+ 计算机模拟","In vivo","not captured in source extraction","可能VEGF介导的血管生成通路；MMP-9相关的侵袭转移通路；IL-10调控的抗炎免疫通路","1. 显著降低氧化应激标志物（8-OHdG、蛋白羰基、NO）
2. 提高抗氧化酶活性（GSH、SOD、CAT）
3. 抑制促癌因子（VEGF、MMP-9）
4. 上调抗炎因子IL-10
5. 减轻镍诱导的系统性炎症和DNA损伤","yes","not reported","not reported","Level 2: in vivo evidence","NF-kB/STAT3/inflammation; ROS/ferroptosis; EMT/ECM/metastasis; Immune microenvironment","38049552","PMID38049552","beta-sitosterol\210-38049552-countenance and implication of sit source sci rep so 2023.pdf","Countenance and implication of -sitosterol, -amyrin and epiafzelechin in nickel exposed Rat: in-silico and in-vivo approach.","Included","2023","2023/12/04","beta-sitosterol","植物","Not established from supplied source field","Generic botanical, dietary, computational, or unspecified association","PMID 38049552; PMID38049552","Network pharmacology/in silico evidence","Row-level annotation; deduplicate by PMID for final reference-level counts"
"beta-sitosterol","Phytosterols","薏苡附子败酱散","网络药理学和分子对接","Network/in silico","not captured in source extraction","PI3K-Akt 信号通路、TNF 信号通路和 IL-17 信号通路","控制细胞凋亡、增殖以及蛋白质和酶的结合来减缓结直肠癌的进展。","not captured","not reported","not reported","Contextual mixture/formulation evidence","Apoptosis/cell cycle; PI3K/Akt/mTOR/metabolism; MAPK/JNK/ERK","36735641","PMID36735641","beta-sitosterol\211-36735641-exploring the mechanism of action of source biotechnol genet eng rev so 2023.pdf","Exploring the mechanism of action of Yiyi Fuzi Baijiang powder in colorectal cancer based on network pharmacology and molecular docking studies.","Included","2023","2023/10/01","beta-sitosterol","薏苡附子败酱散","Contextual association only","Compound annotated within a TCM formula or preparation","PMID 36735641; PMID36735641","Extract/formula/decoction contextual evidence","Row-level annotation; deduplicate by PMID for final reference-level counts"
"beta-sitosterol","Phytosterols","中药复方制剂 JC724","网络药理学与转录组联合","Network/in silico","not captured in source extraction","Nrf2信号通路；氧化应激相关通路；IL-17信号通路","1. 参与调节结直肠癌相关基因表达；
2. 通过影响核心靶点（如HMOX1、NQO1等）发挥抗氧化、抗炎及潜在抗肿瘤作用；
3. 在网络模型中表现为与其他黄酮类成分协同作用于CRC关键通路。","not captured","not reported","not reported","Level 4: in silico-only","ROS/ferroptosis","36684054","PMID36684054","beta-sitosterol\212-36684054-a.pdf","Network pharmacology-based analysis of heat clearing and detoxifying drug JC724 on the treatment of colorectal cancer.","Included","2023","2023/01/15","beta-sitosterol","中药复方制剂 JC724","Contextual association only","Compound annotated within a TCM formula or preparation","PMID 36684054; PMID36684054","Network pharmacology/in silico evidence","Row-level annotation; deduplicate by PMID for final reference-level counts"
"beta-sitosterol","Phytosterols","薏苡附子败酱散","1. 体外模型：人结肠癌HT-29细胞系（用于CCK-8、划痕、侵袭、凋亡、ChIP等实验）；
2. 体内模型：BALB/c裸鼠皮下移植HT-29细胞构建的结肠癌异种移植瘤模型","In vitro + in vivo","not captured in source extraction","TNF-α、白细胞介素-17 和 Toll 样受体信号通路","抗炎信号传导和调节 TLR4/NF-κB 信号通路下调 SMOX 表达","not captured","not reported","not reported","Contextual mixture/formulation evidence","Apoptosis/cell cycle; NF-kB/STAT3/inflammation; EMT/ECM/metastasis","36353478","PMID36353478","beta-sitosterol\213-36353478-Identification of the effect and mec Source Front Pharmacol SO 2022.pdf","Identification of the effect and mechanism of Yiyi Fuzi Baijiang powder against colorectal cancer using network pharmacology and experimental validation.","Included","2022","2022/10/24","beta-sitosterol","薏苡附子败酱散","Contextual association only","Compound annotated within a TCM formula or preparation","PMID 36353478; PMID36353478","Extract/formula/decoction contextual evidence","Row-level annotation; deduplicate by PMID for final reference-level counts"
"beta-sitosterol","Phytosterols","中药肿节风（Herba Sarcandrae, HS）","体外模型：人结直肠癌细胞系
体内模型：结直肠癌异种移植瘤小鼠模型","In vitro + in vivo","not captured in source extraction","β-sitosterol → 稳定 TBX20 蛋白 → 抑制 CRC 进展","1. 抑制结直肠癌细胞增殖；
2. 诱导癌细胞凋亡；
3. 增强 CRC 对化疗药 5-FU 和奥沙利铂的敏感性；
4. 在体内显著抑制肿瘤生长","not captured","not reported","not reported","Level 1: animal-validated mechanistic evidence","Apoptosis/cell cycle","40889204","PMID40889204","beta-sitosterol\214-40889204-sitosterol as an anti tumour activ source j cell mol med so 2025.pdf","beta-Sitosterol as an Anti-Tumour Active Component of Herba Sarcandrae Inhibits Colorectal Cancer Progression Through Up-Regulation of TBX20.","Included","2025","2025/09/01","beta-sitosterol","中药肿节风（Herba Sarcandrae, HS）","Not established from supplied source field","Generic botanical, dietary, computational, or unspecified association","PMID 40889204; PMID40889204","Purified isolated compound: beta-sitosterol","Row-level annotation; deduplicate by PMID for final reference-level counts"
"beta-sitosterol","Phytosterols","Terminalia arjuna（印度乳香树）的树皮","提取优化模型；化学分析模型；生物信息学模型","Not specified","not captured in source extraction","not reported","抗氧化潜力；潜在的抗肿瘤活性","not captured","not reported","not reported","Contextual mixture/formulation evidence","ROS/ferroptosis","37850546","not available","beta-sitosterol\215-37850546-optimizing the extraction of polyphe source curr comput aided drug des so 2024.pdf","not retained - incomplete bibliographic metadata","Excluded: no CRC-specific model or outcome extracted","2024","2024/01/01","beta-sitosterol","Terminalia arjuna（印度乳香树）的树皮","Not established from supplied source field","Generic botanical, dietary, computational, or unspecified association","PMID 37850546; not available","Not assessed for final attribution (excluded record)","Row-level annotation; deduplicate by PMID for final reference-level counts"
"beta-sitosterol","Phytosterols","大黄","网络药理学 + 分子对接（计算模型）","Network/in silico","not captured in source extraction","氮代谢、p53 信号通路和多种癌症相关通路，以及 AGE-RAGE 信号通路、雌激素信号通路、白细胞介素-17 信号通路和甲状腺激素信号通路","not reported","not captured","not reported","not reported","Level 4: in silico-only","EMT/ECM/metastasis","38518016","PMID38518016","beta-sitosterol\216-38518016-prediction of potential mechanisms o.pdf","Prediction of potential mechanisms of rhubarb therapy for colorectal cancer based on network pharmacological analysis and molecular docking.","Included","2024","2024/03/22","beta-sitosterol","大黄","Not established from supplied source field","Generic botanical, dietary, computational, or unspecified association","PMID 38518016; PMID38518016","Network pharmacology/in silico evidence","Row-level annotation; deduplicate by PMID for final reference-level counts"
"beta-sitosterol","Phytosterols","白花蛇舌草","体外细胞模型：人结直肠癌 SW620 细胞系
生物信息学模型：基于TCGA、HPA、GEPIA数据库的基因表达与生存分析
分子对接模型","In vitro","not captured in source extraction","TP53，CCND1","抑制细胞增殖
诱导细胞凋亡","not captured","not reported","not reported","Level 3: cell-based mechanistic evidence","Apoptosis/cell cycle","38446216","PMID38446216","beta-sitosterol\217-38446216-network pharmacology and experimenta source naunyn schmiedebergs arch pharmacol so 2024.pdf","Network pharmacology and experimental verification study on the mechanism of Hedyotis diffusa Willd in treating colorectal cancer.","Included","2024","2024/09/01","beta-sitosterol","白花蛇舌草","Potentially traceable—named Chinese medicinal material recorded","Named medicinal material in source extraction; author verification required","PMID 38446216; PMID38446216","Network pharmacology/in silico evidence","Row-level annotation; deduplicate by PMID for final reference-level counts"
"beta-sitosterol","Phytosterols","葛根","人结直肠癌细胞系 SW480 和 SW620","In vitro","not captured in source extraction","not reported","抗肿瘤潜力","not captured","not reported","not reported","Level 3: cell-based mechanistic evidence","not assigned","36364084","not available","beta-sitosterol\218-36364084-studies on chemical composition of p source molecules so 2022.pdf","not retained - incomplete bibliographic metadata","Excluded: incomplete bibliographic title requiring verification","2022","2022/10/26","beta-sitosterol","葛根","Not established from supplied source field","Generic botanical, dietary, computational, or unspecified association","PMID 36364084; not available","Not assessed for final attribution (excluded record)","Row-level annotation; deduplicate by PMID for final reference-level counts"
"beta-sitosterol","Phytosterols","Annona reticulata（刺果番荔枝）的乙醇叶提取物的石油醚组分","人结肠癌细胞系 HCT-116","In vitro","not captured in source extraction","可能作用于 EIF4E, B-Raf, NOS2, ICAM, caspase 3, caspase 8, MMP-9 等靶点","显著抑制HCT-116结肠癌细胞的增殖、迁移","not captured","not reported","not reported","Contextual mixture/formulation evidence","Apoptosis/cell cycle; EMT/ECM/metastasis","39866203","not available","beta-sitosterol\219-39866203-evaluation of the merit of ethanolic source f1000res so 1000.pdf","not retained - incomplete bibliographic metadata","Excluded: incomplete bibliographic title requiring verification","2024","2024/06/07","beta-sitosterol","Annona reticulata（刺果番荔枝）的乙醇叶提取物的石油醚组分","Not established from supplied source field","Generic botanical, dietary, computational, or unspecified association","PMID 39866203; not available","Not assessed for final attribution (excluded record)","Row-level annotation; deduplicate by PMID for final reference-level counts"
"emodin/aloe-emodin","Anthraquinones","芦荟","体外：SW620 和 HT29 结直肠癌细胞系；AE 浓度为 10, 20, 40 μM","In vitro","Aloe-emodin 10, 20, and 40 µM in SW620 and HT29 cells","ER stress-dependent apoptosis 通路：
AE → ROS↑ → ER stress → UPR激活（PERK/eIF2α/CHOP）→ Ca²⁺↑ → calpain & caspase-12↑ → 凋亡","抑制增殖、诱导凋亡、ROS↑、Ca²⁺↑、ER stress、UPR激活","not captured","not reported","not reported","Level 3: cell-based mechanistic evidence","Apoptosis/cell cycle; MAPK/JNK/ERK; ROS/ferroptosis","30199885","PMID30199885","emodin   aloe-emodin\220-30199885-aloe-emodin induces endoplasmic reticulum stress-dependent apoptosis in colorectal cancer cells.pdf","Aloe-Emodin Induces Endoplasmic Reticulum Stress-Dependent Apoptosis in Colorectal Cancer Cells.","Included","2018","2018/09/10","emodin/aloe-emodin","芦荟","Not established from supplied source field","Generic botanical, dietary, computational, or unspecified association","PMID 30199885; PMID30199885","Purified isolated compound: emodin/aloe-emodin","Row-level annotation; deduplicate by PMID for final reference-level counts"
"emodin/aloe-emodin","Anthraquinones","天然产物","通过调节 GRP78","Not specified","not captured in source extraction","not reported","GRP78","not captured","not reported","not reported","Excluded: insufficient extractable evidence","not assigned","39870235","PMID39870235","emodin   aloe-emodin\221-39870235-grp78 a new promising candidate in source eur j pharmacol so 2025.pdf","GRP78: A new promising candidate in colorectal cancer pathogenesis and therapy.","Excluded: insufficient extractable evidence","2025","2025/05/15","emodin/aloe-emodin","天然产物","Not established from supplied source field","Generic botanical, dietary, computational, or unspecified association","PMID 39870235; PMID39870235","Not assessed for final attribution (excluded record)","Row-level annotation; deduplicate by PMID for final reference-level counts"
"emodin/aloe-emodin","Anthraquinones","大黄","网络药理学 + 分子对接（计算模型）","Network/in silico","not captured in source extraction","氮代谢、p53 信号通路和多种癌症相关通路，以及 AGE-RAGE 信号通路、雌激素信号通路、白细胞介素-17 信号通路和甲状腺激素信号通路","not reported","not captured","not reported","not reported","Level 4: in silico-only","EMT/ECM/metastasis","38518016","PMID38518016","beta-sitosterol\216-38518016-prediction of potential mechanisms o.pdf","Prediction of potential mechanisms of rhubarb therapy for colorectal cancer based on network pharmacological analysis and molecular docking.","Included","2024","2024/03/22","emodin/aloe-emodin","大黄","Not established from supplied source field","Generic botanical, dietary, computational, or unspecified association","PMID 38518016; PMID38518016","Network pharmacology/in silico evidence","Row-level annotation; deduplicate by PMID for final reference-level counts"
"emodin/aloe-emodin","Anthraquinones","Lycium shawii（枸杞属植物，一种灌木）","体外实验模型（结直肠癌细胞系：HCT116、正常乳腺上皮细胞：MCF 10A、乳腺癌细胞系：MDA-MB-231）、计算机模拟模型","In vitro","not captured in source extraction","the carbonic anhydrase IX","抗肿瘤，抗菌，选择性毒性","not captured","not reported","not reported","Level 3: cell-based mechanistic evidence","not assigned","35489282","PMID35489282","catechin\173-35489282-in silico predicting as a tool to develop source biomed pharmacother 2022 apr 27 150 113008.pdf","In-silico predicting as a tool to develop plant-based biomedicines and nanoparticles: Lycium shawii metabolites.","Included","2022","2022/06/01","emodin/aloe-emodin","Lycium shawii（枸杞属植物，一种灌木）","Not established from supplied source field","Generic botanical, dietary, computational, or unspecified association","PMID 35489282; PMID35489282","Formulation/nanodelivery contextual evidence","Row-level annotation; deduplicate by PMID for final reference-level counts"
"emodin/aloe-emodin","Anthraquinones","西伯利亚黄蒽 （ Xanthium sibiricum Herba）","分子对接、分子动力学模拟、细胞凋亡实验（体外）","In vitro","not captured in source extraction","p53信号通路、凋亡通路、MAPK信号通路","促进癌细胞凋亡，抑制增殖与迁移","not captured","not reported","not reported","Level 3: cell-based mechanistic evidence","Apoptosis/cell cycle; MAPK/JNK/ERK; EMT/ECM/metastasis","37143277","not available","emodin   aloe-emodin\224-37143277-a study against colon cancer mechanism of xanth source comb chem high throughput screen 2023.pdf","not retained - incomplete bibliographic metadata","Excluded: incomplete bibliographic title requiring verification","2024","2024/01/01","emodin/aloe-emodin","西伯利亚黄蒽 （ Xanthium sibiricum Herba）","Not established from supplied source field","Generic botanical, dietary, computational, or unspecified association","PMID 37143277; not available","Not assessed for final attribution (excluded record)","Row-level annotation; deduplicate by PMID for final reference-level counts"
"rhein","Anthraquinones","药用植物中，特别是大黄","细胞模型人结直肠癌细胞系
体内实验模型： HCT116 细胞系来源的裸鼠异种移植瘤模型","In vitro + in vivo","not captured in source extraction","mTOR/p70S6K 通路；mTOR/HSF1 通路","显著抑制结直肠癌细胞的增殖迁移和侵袭能力；诱导S期细胞周期阻滞；抑制上皮间质转化EMT过程下调","not captured","No obvious toxicity reported in the HCT116 xenograft experiment (PDF abstract).","not reported","Level 1: animal-validated mechanistic evidence","Apoptosis/cell cycle; PI3K/Akt/mTOR/metabolism; EMT/ECM/metastasis","33946531","PMID33946531","rhein\225-33946531-rhein suppresses colorectal cancer cell growth by source cancers basel 2021 apr 30 13 9 2176.pdf","Rhein Suppresses Colorectal Cancer Cell Growth by Inhibiting the mTOR Pathway In Vitro and In Vivo.","Included","2021","2021/04/30","rhein","药用植物中，特别是大黄","Not established from supplied source field","Generic botanical, dietary, computational, or unspecified association","PMID 33946531; PMID33946531","Purified isolated compound: rhein","Row-level annotation; deduplicate by PMID for final reference-level counts"
"rhein","Anthraquinones","大黄","纯计算模拟研究 采用网络药理学分析， Cytoscape构建成分靶点网络，蛋白蛋白相互作用 PPI 分析，基因本体与KEGG通路富集分析，分子对接","Network/in silico","not captured in source extraction","p53 信号通路； AGE RAGE 信号通路； interleukin 17 信号通路 ；雌激素信号通路； 甲状腺激素信号通路 ；氮代谢 多种癌症相关通路","p53通路 → 细胞周期凋亡；IL 17 AGE RAGE → 炎症；Cancer related pathways → 增殖 侵袭；MMP9靶点 → 迁移与侵袭","not captured","not reported","not reported","Level 4: in silico-only","Apoptosis/cell cycle; NF-kB/STAT3/inflammation; EMT/ECM/metastasis","38518016","PMID38518016","beta-sitosterol\216-38518016-prediction of potential mechanisms o.pdf","Prediction of potential mechanisms of rhubarb therapy for colorectal cancer based on network pharmacological analysis and molecular docking.","Included","2024","2024/03/22","rhein","大黄","Not established from supplied source field","Generic botanical, dietary, computational, or unspecified association","PMID 38518016; PMID38518016","Network pharmacology/in silico evidence","Row-level annotation; deduplicate by PMID for final reference-level counts"
"rhein","Anthraquinones","大黄","体外细胞模型
1 HT-29 人结直肠癌细胞系 批号 CL-0118
2 SW480 人结直肠癌细胞系 批号 CL-0223B","In vitro","Rhein 10, 20, and 50 µM in HT-29 and SW480 cells","抑制 MYD88 / TLR4 / NF-κB 信号通路 诱导结直肠癌细胞凋亡","1 显著抑制 HT-29 和 SW480 细胞的迁移能力 经伤口愈合实验验证
2 显著抑制细胞侵袭能力 经Transwell实验验证
3 明显提高细胞凋亡率 经TUNEL染色证实
4 下调BCL-2 蛋白和mRNA表达
5 上调BAX 和cleaved caspase-3 蛋白和mRNA表达
6 下调MYD88 TLR4 和NF-κB p65 的蛋白和mRNA表达
7 TLR4激动剂LPS可部分逆转rhein对通路的抑制作用 恢复部分细胞功能","not captured","not reported","not reported","Level 3: cell-based mechanistic evidence","Apoptosis/cell cycle; NF-kB/STAT3/inflammation; EMT/ECM/metastasis","40469706","PMID40469706","rhein\227-40469706-rhein induced apoptosis in colorecta source cytojournal so 2025.pdf","Rhein-induced apoptosis in colorectal cancer cell lines: A mechanistic study of the myeloid differentiation primary response gene 88/toll-like receptor 4/nuclear factor kappa-B signaling pathway.","Included","2025","2025/04/01","rhein","大黄","Not established from supplied source field","Generic botanical, dietary, computational, or unspecified association","PMID 40469706; PMID40469706","Purified isolated compound: rhein","Row-level annotation; deduplicate by PMID for final reference-level counts"
"myricetin","Flavonoids","植物提取物","人结直肠癌细胞系","In vitro","not captured in source extraction","对结直肠癌中可能的细胞命运决定机制（如细胞死亡/增殖）的调节作用","诱导癌细胞死亡、调控凋亡/增殖、形态学改变","not captured","not reported","not reported","Level 3: cell-based mechanistic evidence","Apoptosis/cell cycle","36232319","PMID36232319","myricetin\228-36232319-synthesis of silver nano particles u source int j mol sci so 2022.pdf","Synthesis of Silver Nano Particles Using Myricetin and the In-Vitro Assessment of Anti-Colorectal Cancer Activity: In-Silico Integration.","Included","2022","2022/09/20","myricetin","植物提取物","Not established from supplied source field","Generic botanical, dietary, computational, or unspecified association","PMID 36232319; PMID36232319","Formulation/nanodelivery contextual evidence","Row-level annotation; deduplicate by PMID for final reference-level counts"
"myricetin","Flavonoids","西兰花、番茄、樱桃、蓝莓、果皮、浆果、茶和红酒","HT-29 细胞、Caco-2、SW480、COLO 205、VACO-235 和 T84","In vitro","not captured in source extraction","抑制EGFR、抑制MMP-2、调节apopain、线粒体凋亡通路、增强抗氧化系统（GPx/GSH/catalase）、抑制脂质过氧化","抑制增殖、诱导凋亡、抗转移、减少肿瘤数、延缓疾病进展、增强抗氧化能力","not captured","not reported","not reported","Level 3: cell-based mechanistic evidence","Apoptosis/cell cycle; ROS/ferroptosis; EMT/ECM/metastasis","38948535","PMID38948535","isorhamnetin\198-38948535-Targeting colorectal cancer using di Source Cancer Innov SO 2023.pdf","Targeting colorectal cancer using dietary flavonols.","Included","2023","2023/11/28","myricetin","西兰花、番茄、樱桃、蓝莓、果皮、浆果、茶和红酒","Not established from supplied source field","Generic botanical, dietary, computational, or unspecified association","PMID 38948535; PMID38948535","Extract/formula/decoction contextual evidence","Row-level annotation; deduplicate by PMID for final reference-level counts"
"myricetin","Flavonoids","蔬菜、水果、浆果、茶、葡萄酒和核桃","HT-29 人结直肠癌细胞（体外模型）","In vitro","not captured in source extraction","线粒体功能障碍引发的内源性凋亡通路","凋亡增加、ROS升高、MMP下降、克隆形成减少、细胞存活率降低","not captured","not reported","not reported","Level 3: cell-based mechanistic evidence","Apoptosis/cell cycle; ROS/ferroptosis; EMT/ECM/metastasis","35767106","PMID35767106","myricetin\230-35767106-myricetin loaded in solid lipid nano source mol biol rep so 2022.pdf","Myricetin loaded in solid lipid nanoparticles induces apoptosis in the HT-29 colorectal cancer cells via mitochondrial dysfunction.","Included","2022","2022/09/01","myricetin","蔬菜、水果、浆果、茶、葡萄酒和核桃","Not established from supplied source field","Generic botanical, dietary, computational, or unspecified association","PMID 35767106; PMID35767106","Formulation/nanodelivery contextual evidence","Row-level annotation; deduplicate by PMID for final reference-level counts"
"myricetin","Flavonoids","籼稻叶片","HT-29 人结直肠癌细胞系（体外）","In vitro","not captured in source extraction","not reported","细胞毒性（抑制癌细胞增殖）","not captured","not reported","not reported","Contextual mixture/formulation evidence","not assigned","38041881","PMID38041881","Kaempferol\74-38041881-optimization of pluchea indica l source ultrason sonochem so 2023.pdf","Optimization of Pluchea indica (L.) leaf extract using ultrasound-assisted extraction and its cytotoxicity on the HT-29 colorectal cancer cell line.","Included","2023","2023/12/01","myricetin","籼稻叶片","Not established from supplied source field","Generic botanical, dietary, computational, or unspecified association","PMID 38041881; PMID38041881","Extract/formula/decoction contextual evidence","Row-level annotation; deduplicate by PMID for final reference-level counts"
"myricetin","Flavonoids","杨梅果实","CRC 细胞系及动物模型","In vitro + in vivo","not captured in source extraction","Wnt/β-catenin 信号通路","抑制增殖、侵袭、转移，克服耐药","not captured","not reported","not reported","Level 1: animal-validated mechanistic evidence","Wnt/beta-catenin/stemness; EMT/ECM/metastasis","40308773","PMID40308773","myricetin\232-40308773-the wnt catenin signaling pathway source front pharmacol so 2025.pdf","The Wnt/beta-catenin signaling pathway in colorectal cancer: mechanism and intervention of traditional Chinese medicine and chemical compound.","Included","2025","2025/04/10","myricetin","杨梅果实","Not established from supplied source field","Generic botanical, dietary, computational, or unspecified association","PMID 40308773; PMID40308773","Review/background evidence","Row-level annotation; deduplicate by PMID for final reference-level counts"
"amygdalin","Cyanogenic glycosides","水果的果核和果肉（如杏仁、苹果籽等）","体外细胞实验为主；少量动物实验","In vitro + in vivo","not captured in source extraction","凋亡诱导、增殖抑制、转移抑制","诱导凋亡、抑制增殖、抑制转移","not captured","not reported","not reported","Contextual review-only","Apoptosis/cell cycle; EMT/ECM/metastasis","37762572","PMID37762572","amygdalin\233-37762572-amygdalin as a promising anticancer.pdf","Amygdalin as a Promising Anticancer Agent: Molecular Mechanisms and Future Perspectives for the Development of New Nanoformulations for Its Delivery.","Excluded: no CRC-specific model or outcome extracted","2023","2023/09/19","amygdalin","水果的果核和果肉（如杏仁、苹果籽等）","Not established from supplied source field","Generic botanical, dietary, computational, or unspecified association","PMID 37762572; PMID37762572","Not assessed for final attribution (excluded record)","Row-level annotation; deduplicate by PMID for final reference-level counts"
"amygdalin","Cyanogenic glycosides","保加利亚苦杏仁提取物","酵母（S. cerevisiae）+ 哺乳动物细胞（HepG2, HT-29, BJ 等）","In vitro + in vivo","not captured in source extraction","not reported","抗突变、抗重组、抗遗传毒性、选择性细胞毒性","not captured","not reported","not reported","Contextual mixture/formulation evidence","not assigned","34146630","PMID34146630","amygdalin\34146630-phytochemical characterization and b source b j ethnopharmacol b 2021 jun 16 114333 doi 10 1016 j jep 2021 114333 online ahead of print].pdf","Phytochemical characterization and biological activity of apricot kernels' extract in yeast-cell based tests and hepatocellular and colorectal carcinoma cell lines.","Included","2021","2021/10/28","amygdalin","保加利亚苦杏仁提取物","Not established from supplied source field","Generic botanical, dietary, computational, or unspecified association","PMID 34146630; PMID34146630","Extract/formula/decoction contextual evidence","Row-level annotation; deduplicate by PMID for final reference-level counts"
"amygdalin","Cyanogenic glycosides","杏仁","LoVo、HT29（结直肠癌）、Hep3B（肝癌）细胞系，体外模型","In vitro","0.06–0.09 mg/mL","PPAR-γ 表达调控介导的抗肿瘤效应","抑制增殖（GI50: 0.06–0.09 mg/mL）、细胞周期阻滞、抑制迁移","not captured","not reported","not reported","Level 3: cell-based mechanistic evidence","Apoptosis/cell cycle; EMT/ECM/metastasis","41009803","PMID41009803","amygdalin\235-41009803-preparation of a micronutrient enric so 2025.pdf","Preparation of a Micronutrient-Enriched Apricot Kernel Oil and Assessment of In Vitro Chemopreventive Properties.","Included","2025","2025/09/22","amygdalin","杏仁","Not established from supplied source field","Generic botanical, dietary, computational, or unspecified association","PMID 41009803; PMID41009803","Extract/formula/decoction contextual evidence","Row-level annotation; deduplicate by PMID for final reference-level counts"
"oroxylin A","Other natural products","黄芩根","体外：HCT116 细胞（缺氧条件）
体内：异种移植瘤模型 + 高脂饮食诱导原发癌模型","In vitro + in vivo","not captured in source extraction","HIF1α-脂肪酸代谢通路；Wnt/β-catenin 通路","抑制脂肪酸合成、增强氧化、降低脂质水平、抑制Wnt、G2/M阻滞、抑制肿瘤发生与发展","not captured","not reported","not reported","Level 1: animal-validated mechanistic evidence","Wnt/beta-catenin/stemness; ROS/ferroptosis","28594405","PMID28594405","not matched","Oroxylin A suppresses the development and growth of colorectal cancer through reprogram of HIF1alpha-modulated fatty acid metabolism.","Excluded: no local PDF matched","2017","2017/06/08","oroxylin A","黄芩根","Not established from supplied source field","Generic botanical, dietary, computational, or unspecified association","PMID 28594405; PMID28594405","Not assessed for final attribution (excluded record)","Row-level annotation; deduplicate by PMID for final reference-level counts"
"oroxylin A","Other natural products","not reported","体外：人结直肠癌细胞；体内：异种移植模型","In vitro + in vivo","not captured in source extraction","抑制 TGF-β/SMAD 信号通路","抑制增殖、迁移、侵袭；抑制EMT；促进凋亡；抑制肿瘤生长","not captured","not reported","not reported","Level 1: animal-validated mechanistic evidence","Apoptosis/cell cycle; EMT/ECM/metastasis","39406881","PMID39406881","not matched","Oroxylin A suppressed colorectal cancer metastasis by inhibiting the activation of the TGF-beta/SMAD signal pathway.","Excluded: no local PDF matched","2024","2024/10/15","oroxylin A","not reported","Not established from supplied source field","Generic botanical, dietary, computational, or unspecified association","PMID 39406881; PMID39406881","Not assessed for final attribution (excluded record)","Row-level annotation; deduplicate by PMID for final reference-level counts"
"caffeic acid","Phenolic acids","羟基肉桂酸","人结直肠癌 HT-29 细胞系","In vitro","not captured in source extraction","通过极化巨噬细胞向 M1 型表型转化，促进其分泌促炎细胞因子（如 TNF-α、IL-1β），进而激活 HT-29 细胞中的 Bax/Bcl-2 凋亡通路，诱导癌细胞凋亡。","1 显著降低 HT-29 结直肠癌细胞的存活率（P < 0.05）
2 上调促凋亡基因 Bax 的 mRNA 表达
3 下调抗凋亡基因 Bcl-2 的 mRNA 表达","not captured","not reported","not reported","Level 3: cell-based mechanistic evidence","Apoptosis/cell cycle; Immune microenvironment","40627904","PMID40627904","caffeic acid\238-40627904-caffeic acid and 5 caffeoylquinic ac source bioorg chem so 2025.pdf","Caffeic acid and 5-caffeoylquinic acid inhibit HT-29 colorectal cancer cell growth through immunotherapy by inducing the Bax/Bcl-2 apoptotic pathway in vitro.","Included","2025","2025/08/01","caffeic acid","羟基肉桂酸","Not established from supplied source field","Generic botanical, dietary, computational, or unspecified association","PMID 40627904; PMID40627904","Purified isolated compound: caffeic acid","Row-level annotation; deduplicate by PMID for final reference-level counts"
"caffeic acid","Phenolic acids","羟基肉桂酸","细胞模型：
U118MG：人胶质母细胞瘤细胞系
DLD-1：人结直肠腺癌细胞系","In vitro","not captured in source extraction","细胞膜本身：癌细胞膜（U118MG 和 DLD-1）
、生物模拟脂质膜","1 CA能与癌细胞膜发生物理结合 改变其表面电荷（通过电泳光散射检测）
2 CA可调节脂质双分子层的电容降低和电阻升高 表明其嵌入膜结构并影响膜流动性与通透性","not captured","not reported","not reported","Level 3: cell-based mechanistic evidence","not assigned","35256690","PMID35256690","caffeic acid\239-35256690-the influence of the ph on the incor source sci rep so 2022 mar 7 12 1 3692.pdf","The influence of the pH on the incorporation of caffeic acid into biomimetic membranes and cancer cells.","Included","2022","2022/03/07","caffeic acid","羟基肉桂酸","Not established from supplied source field","Generic botanical, dietary, computational, or unspecified association","PMID 35256690; PMID35256690","Purified isolated compound: caffeic acid","Row-level annotation; deduplicate by PMID for final reference-level counts"
"caffeic acid","Phenolic acids","咖啡","来自 HCT-116 细胞系的 CSC","In vitro","not captured in source extraction","PI3K/Akt/mTOR 信号通路。","↓自我更新、Stemlike 特性和迁移↓耐辐射性↓PI3K/Akt 信号","not captured","not reported","not reported","Level 3: cell-based mechanistic evidence","PI3K/Akt/mTOR/metabolism; Wnt/beta-catenin/stemness; EMT/ECM/metastasis","36375238","PMID36375238","caffeic acid\240-36375238-targeting cancer stem cells and sign source phytomedicine so 2023.pdf","Targeting cancer stem cells and signalling pathways through phytochemicals: A promising approach against colorectal cancer.","Included","2023","2023/01/01","caffeic acid","咖啡","Not established from supplied source field","Generic botanical, dietary, computational, or unspecified association","PMID 36375238; PMID36375238","Review/background evidence","Row-level annotation; deduplicate by PMID for final reference-level counts"
"caffeic acid","Phenolic acids","茶、咖啡、蜂胶、水果和蔬菜","人结肠癌细胞系 HCT116","In vitro","not captured in source extraction","PI3K/Akt 信号通路
；ERK1/2 信号通路","抑制酸适应型HCT116细胞的增殖能力；
抑制其克隆形成能力（即长期存活与扩增潜能）；
单独使用时可诱导凋亡，但更显著的是增强化疗药物（奥沙利铂、5-FU）诱导的凋亡；
逆转由酸性微环境引起的化疗耐药性。","not captured","not reported","not reported","Level 3: cell-based mechanistic evidence","Apoptosis/cell cycle; PI3K/Akt/mTOR/metabolism; MAPK/JNK/ERK","38821580","PMID38821580","caffeic acid\241-38821580-caffeic acid enhances anticancer drug induced source anticancer res 2024 jun 44 6 2587 2595.pdf","Caffeic Acid Enhances Anticancer Drug-induced Apoptosis in Acid-adapted HCT116 Colon Cancer Cells.","Included","2024","2024/06/01","caffeic acid","茶、咖啡、蜂胶、水果和蔬菜","Not established from supplied source field","Generic botanical, dietary, computational, or unspecified association","PMID 38821580; PMID38821580","Purified isolated compound: caffeic acid","Row-level annotation; deduplicate by PMID for final reference-level counts"
"caffeic acid","Phenolic acids","Echinacea purpurea","体外实验","In vitro","not captured in source extraction","not reported","抗癌特性","not captured","not reported","not reported","Level 3: cell-based mechanistic evidence","not assigned","40149916","PMID40149916","Astragaloside IV\291-40149916-interplay between traditional and sc source biomolecules so 2025.pdf","Interplay Between Traditional and Scientific Knowledge: Phytoconstituents and Their Roles in Lung and Colorectal Cancer Signaling Pathways.","Included","2025","2025/03/05","caffeic acid","Echinacea purpurea","Not established from supplied source field","Generic botanical, dietary, computational, or unspecified association","PMID 40149916; PMID40149916","Review/background evidence","Row-level annotation; deduplicate by PMID for final reference-level counts"
"caffeic acid","Phenolic acids","咖啡","CD44+/CD133+ 结直肠癌干细胞","In vitro","not captured in source extraction","PI3K/Akt 信号轴","抑制自我更新、干性、迁移、成瘤性、放疗抵抗","not captured","not reported","not reported","Level 3: cell-based mechanistic evidence","PI3K/Akt/mTOR/metabolism; Wnt/beta-catenin/stemness; EMT/ECM/metastasis","33425893","PMID33425893","caffeic acid\33425893-a novel therapeutic approach for col source front cell dev biol so 2020 8 585987.pdf","A Novel Therapeutic Approach for Colorectal Cancer Stem Cells: Blocking the PI3K/Akt Signaling Axis With Caffeic Acid.","Included","2020","2020/12/23","caffeic acid","咖啡","Not established from supplied source field","Generic botanical, dietary, computational, or unspecified association","PMID 33425893; PMID33425893","Purified isolated compound: caffeic acid","Row-level annotation; deduplicate by PMID for final reference-level counts"
"chrysophanol","Anthraquinones","天然","体外细胞实验；分子对接模拟","In vitro","not captured in source extraction","KITENIN/ErbB4 信号通路
有氧糖酵解通路
自噬降解通路","破坏复合物、降解KITENIN、抑制运动性、抑制糖酵解、减少致癌代谢物","not captured","not reported","not reported","Level 3: cell-based mechanistic evidence","PI3K/Akt/mTOR/metabolism","39030594","PMID39030594","chrysophanol\244-39030594-chrysophanol inhibits of colorectal source cancer cell int so 2024.pdf","Chrysophanol inhibits of colorectal cancer cell motility and energy metabolism by targeting the KITENIN/ErbB4 oncogenic complex.","Included","2024","2024/07/20","chrysophanol","天然","Not established from supplied source field","Generic botanical, dietary, computational, or unspecified association","PMID 39030594; PMID39030594","Purified isolated compound: chrysophanol","Row-level annotation; deduplicate by PMID for final reference-level counts"
"chrysophanol","Anthraquinones","食品、保健品、传统药物","In silico（分子对接 + ADME/Tox）、In vitro（HCT-116, HeLa 细胞）","In vitro","not captured in source extraction","caspase-3, Bcl-2, TRAF2, TNIK, CDK2","抗癌活性","not captured","not reported","not reported","Level 3: cell-based mechanistic evidence","Apoptosis/cell cycle","36355520","PMID36355520","chrysophanol\36355520-in vitro molecular docking and in s source pharmaceuticals basel so 2022.pdf","In Vitro, Molecular Docking and In Silico ADME/Tox Studies of Emodin and Chrysophanol against Human Colorectal and Cervical Carcinoma.","Included","2022","2022/10/31","chrysophanol","食品、保健品、传统药物","Not established from supplied source field","Generic botanical, dietary, computational, or unspecified association","PMID 36355520; PMID36355520","Purified isolated compound: chrysophanol","Row-level annotation; deduplicate by PMID for final reference-level counts"
"ellagic acid","Polyphenols","植物","IBD细菌分离株、Caco-2/COLO.205/HT-29细胞、IEC-6细胞","In vitro","not captured in source extraction","not reported","抑菌、杀菌、浓度依赖性细胞毒性","not captured","not reported","not reported","Level 3: cell-based mechanistic evidence","not assigned","35968644","PMID35968644","ellagic acid\246-35968644-antibacterial potential of ellagic a source nat prod res so 2022.pdf","Antibacterial potential of ellagic acid and gallic acid against IBD bacterial isolates and cytotoxicity against colorectal cancer.","Included","2023","2023/06/01","ellagic acid","植物","Not established from supplied source field","Generic botanical, dietary, computational, or unspecified association","PMID 35968644; PMID35968644","Purified isolated compound: ellagic acid","Row-level annotation; deduplicate by PMID for final reference-level counts"
"ellagic acid","Polyphenols","植物化学物","DMH诱导的小鼠结直肠癌模型","In vivo","not captured in source extraction","调节细胞膜动态与完整性，非经典信号通路","改善结肠上皮结构、恢复膜稳定性、减轻顺铂毒性","yes","not reported","not reported","Level 2: in vivo evidence","not assigned","35990576","PMID35990576","ellagic acid\247-35990576-ellagic acid modulates cisplatin tox source biochem biophys rep so 2022.pdf","Ellagic acid modulates cisplatin toxicity in DMH induced colorectal cancer: Studies on membrane alterations.","Included","2022","2022/08/05","ellagic acid","植物化学物","Not established from supplied source field","Generic botanical, dietary, computational, or unspecified association","PMID 35990576; PMID35990576","Purified isolated compound: ellagic acid","Row-level annotation; deduplicate by PMID for final reference-level counts"
"ellagic acid","Polyphenols","水果和食物","人结肠癌细胞 HCT116","In vitro","not captured in source extraction","AMPK/mTOR 通路","抑制增殖、诱导凋亡、诱导保护性自噬","not captured","not reported","not reported","Level 3: cell-based mechanistic evidence","Apoptosis/cell cycle; PI3K/Akt/mTOR/metabolism","36701898","PMID36701898","ellagic acid\248-36701898-ellagic acid induces apoptosis and a source tissue cell so 2023.pdf","Ellagic acid induces apoptosis and autophagy in colon cancer through the AMPK/mTOR pathway.","Included","2023","2023/04/01","ellagic acid","水果和食物","Not established from supplied source field","Generic botanical, dietary, computational, or unspecified association","PMID 36701898; PMID36701898","Purified isolated compound: ellagic acid","Row-level annotation; deduplicate by PMID for final reference-level counts"
"ellagic acid","Polyphenols","石榴、核桃、多种浆果","小鼠（体内吸收）、SW480/SW620/HCT116/HT-29细胞（体外毒性）","In vitro + in vivo","not captured in source extraction","not reported","吸收差、转化率低、促进癌细胞增殖","not captured","not reported","not reported","Level 1: animal-validated mechanistic evidence","not assigned","37706115","PMID37706115","ellagic acid\247-37706115-absorption and metabolism of urolith source evid based complement alternat med so 2023.pdf","Absorption and Metabolism of Urolithin A and Ellagic Acid in Mice and Their Cytotoxicity in Human Colorectal Cancer Cells.","Included","2023","2023/09/05","ellagic acid","石榴、核桃、多种浆果","Not established from supplied source field","Generic botanical, dietary, computational, or unspecified association","PMID 37706115; PMID37706115","Purified isolated compound: ellagic acid","Row-level annotation; deduplicate by PMID for final reference-level counts"
"ellagic acid","Polyphenols","浆果、石榴和核桃等水果","HCT116（结直肠癌）、MCF7（乳腺癌）细胞系","In vitro","not captured in source extraction","抑制Drp-1 → 线粒体超融合 → 功能障碍 → 细胞周期阻滞 → 增殖抑制与细胞死亡","线粒体形态改变、功能受损、周期退出、增殖下降、细胞死亡、增敏Dox","not captured","not reported","not reported","Level 3: cell-based mechanistic evidence","Apoptosis/cell cycle","36607523","PMID36607523","ellagic acid\250-36607523-ellagic acid inhibits mitochondrial source mol cell biochem so 2023.pdf","Ellagic acid inhibits mitochondrial fission protein Drp-1 and cell proliferation in cancer.","Included","2023","2023/09/01","ellagic acid","浆果、石榴和核桃等水果","Not established from supplied source field","Generic botanical, dietary, computational, or unspecified association","PMID 36607523; PMID36607523","Purified isolated compound: ellagic acid","Row-level annotation; deduplicate by PMID for final reference-level counts"
"ellagic acid","Polyphenols","木本植物和水果中，如坚果、葡萄和浆果。","人结肠癌 HCT-116 细胞系","In vitro","not captured in source extraction","通过调控 lncRNA-mRNA 共表达网络发挥作用","1. 抑制 HCT-116 细胞增殖
2. 诱导细胞周期阻滞（G0/G1 期）
3. 诱导细胞凋亡
4. 显著改变 lncRNA 和 mRNA 表达谱","not captured","not reported","not reported","Level 3: cell-based mechanistic evidence","Apoptosis/cell cycle","36847079","PMID36847079","ellagic acid\251-36847079-ellagic acid inhibits human colon ca source anticancer drugs so 2023.pdf","Ellagic acid inhibits human colon cancer HCT-116 cells by regulating long noncoding RNAs.","Included","2023","2023/11/01","ellagic acid","木本植物和水果中，如坚果、葡萄和浆果。","Not established from supplied source field","Generic botanical, dietary, computational, or unspecified association","PMID 36847079; PMID36847079","Purified isolated compound: ellagic acid","Row-level annotation; deduplicate by PMID for final reference-level counts"
"ellagic acid","Polyphenols","植物","使用二甲基肼（DMH）诱导的小鼠结直肠癌模型","In vivo","not captured in source extraction","功能靶点为：细胞膜的物理特性，包括：
膜流动性（↓ 在DMH+CP组，↑ 经EA恢复）；
膜微环境极性/有序性（异常 → 经EA趋于正常）","1. DMH + CP导致结肠上皮结构紊乱和细胞膜完整性破坏。
2. EA联合CP可改善结肠上皮形态，减少异常结构。
3. EA有助于恢复因毒性损伤引起的细胞膜流动性与微环境极性的异常。","yes","not reported","not reported","Level 2: in vivo evidence","NF-kB/STAT3/inflammation","37237848","PMID37237848","ellagic acid\252-37237848-antioxidant and anti inflammatory pr source antioxidants basel so 2023.pdf","Antioxidant and Anti-Inflammatory Properties of Walnut Constituents: Focus on Personalized Cancer Prevention and the Microbiome.","Included","2023","2023/04/22","ellagic acid","植物","Not established from supplied source field","Generic botanical, dietary, computational, or unspecified association","PMID 37237848; PMID37237848","Extract/formula/decoction contextual evidence","Row-level annotation; deduplicate by PMID for final reference-level counts"
"ellagic acid","Polyphenols","水果和坚果","动物模型（如NMBA诱导的食管癌）和体外癌细胞模型","In vitro + in vivo","not captured in source extraction","Wnt/β-catenin, PI3K/Akt, STAT3, NF-κB, p53 等","抑制增殖、诱导凋亡、抑制炎症和EMT","not captured","not reported","not reported","Level 1: animal-validated mechanistic evidence","Apoptosis/cell cycle; PI3K/Akt/mTOR/metabolism; Wnt/beta-catenin/stemness; NF-kB/STAT3/inflammation; EMT/ECM/metastasis","39222186","PMID39222186","ellagic acid\253-39222186-exploring the potential of ellagic a source oncol ther so 2024.pdf","Exploring the Potential of Ellagic Acid in Gastrointestinal Cancer Prevention: Recent Advances and Future Directions.","Excluded: no CRC-specific model or outcome extracted","2024","2024/12/01","ellagic acid","水果和坚果","Not established from supplied source field","Generic botanical, dietary, computational, or unspecified association","PMID 39222186; PMID39222186","Not assessed for final attribution (excluded record)","Row-level annotation; deduplicate by PMID for final reference-level counts"
"ellagic acid","Polyphenols","石榴、核桃、浆果等药用植物","生物信息学分析（系统药理学+分子对接）","Network/in silico","not captured in source extraction","细胞凋亡、P53信号通路、WNT信号通路","诱导凋亡、调控细胞周期基因、多通路协同","not captured","not reported","not reported","Level 4: in silico-only","Apoptosis/cell cycle; Wnt/beta-catenin/stemness; MAPK/JNK/ERK","32410114","PMID32410114","ellagic acid\254-32410114-ellagic acid and human cancers a sy source mol divers so 2020 may 14.pdf","Ellagic acid and human cancers: a systems pharmacology and docking study to identify principal hub genes and main mechanisms of action.","Excluded: no CRC-specific model or outcome extracted","2021","2021/02/01","ellagic acid","石榴、核桃、浆果等药用植物","Not established from supplied source field","Generic botanical, dietary, computational, or unspecified association","PMID 32410114; PMID32410114","Not assessed for final attribution (excluded record)","Row-level annotation; deduplicate by PMID for final reference-level counts"
"ellagic acid","Polyphenols","Terminalia chebula 果实的醇水提取物（来自印度曼尼普尔）","HCT 116 细胞、MTT/LDH/caspase 检测、GC-MS/HPTLC 分析","In vitro","not captured in source extraction","caspase依赖性凋亡通路","细胞毒性、诱导凋亡、抗氧化、抑制增殖","not captured","not reported","not reported","Contextual mixture/formulation evidence","Apoptosis/cell cycle; ROS/ferroptosis","37049666","not available","ellagic acid\255-37049666-chemical profiling and therapeutic e source molecules so 2023.pdf","not retained - incomplete bibliographic metadata","Excluded: no CRC-specific model or outcome extracted","2023","2023/03/23","ellagic acid","Terminalia chebula 果实的醇水提取物（来自印度曼尼普尔）","Not established from supplied source field","Generic botanical, dietary, computational, or unspecified association","PMID 37049666; not available","Not assessed for final attribution (excluded record)","Row-level annotation; deduplicate by PMID for final reference-level counts"
"ellagic acid","Polyphenols","多种植物：芍药、树莓、柯子、核桃、乳香、枇杷叶、石榴皮、鸡屎藤、仙草","not reported","Not specified","not captured in source extraction","VEGFR-2、Notch、PKC、COX-2（抑增殖）；PI3K/Akt、JNK、线粒体、Bcl-2/Bax、TGF-β/Smad3（促凋亡）；EMT、MMP、SDF1α/CXCR4（抑转移）；自噬、代谢重编程","凋亡、增殖抑制、转移侵袭抑制、自噬、代谢干扰、EMT阻断","not captured","not reported","not reported","Excluded: insufficient extractable evidence","Apoptosis/cell cycle; PI3K/Akt/mTOR/metabolism; MAPK/JNK/ERK; EMT/ECM/metastasis","37423169","PMID37423169","ellagic acid\256-37423169-the multifaceted mechanisms of ellag source biomed pharmacother so 2023.pdf","The multifaceted mechanisms of ellagic acid in the treatment of tumors: State-of-the-art.","Excluded: no CRC-specific model or outcome extracted","2023","2023/09/01","ellagic acid","多种植物：芍药、树莓、柯子、核桃、乳香、枇杷叶、石榴皮、鸡屎藤、仙草","Not established from supplied source field","Generic botanical, dietary, computational, or unspecified association","PMID 37423169; PMID37423169","Not assessed for final attribution (excluded record)","Row-level annotation; deduplicate by PMID for final reference-level counts"
"ellagic acid","Polyphenols","Haritaki churna","1 细胞模型：
  癌细胞：人结直肠癌细胞系 HCT116、DLD1、HT29；
  正常细胞对照：原代人外周血单个核细胞（PBMCs）、非癌性HEK293细胞
2 体外实验系统：细胞活力检测、细胞周期分析、蛋白表达检测（cyclin A2）、凋亡标志物检测
3 稳定性测试：在生物胃液中评估稳定性","In vitro","not captured in source extraction","通过线粒体依赖性凋亡通路诱导癌细胞死亡","1 显著抑制结直肠癌细胞增殖
2 阻滞细胞周期于 S期
3 诱导细胞凋亡，表现为：
DNA片段化、凋亡相关蛋白表达改变、caspase3 和 PARP1 被切割激活","not captured","not reported","not reported","Contextual mixture/formulation evidence","Apoptosis/cell cycle","37256897","PMID37256897","ellagic acid\257-37256897-extraction phytochemical characteri source plos one so 2023.pdf","Extraction, phytochemical characterization and anti-cancer mechanism of Haritaki churna: An ayurvedic formulation.","Included","2023","2023/05/31","ellagic acid","Haritaki churna","Not established from supplied source field","Generic botanical, dietary, computational, or unspecified association","PMID 37256897; PMID37256897","Extract/formula/decoction contextual evidence","Row-level annotation; deduplicate by PMID for final reference-level counts"
"ellagic acid","Polyphenols","Jaboticaba 果实乙醇提取物（FEX）","DMH诱导的大鼠结直肠癌前病变模型，口服FEX干预56天","In vivo","not captured in source extraction","调节肠道菌群 → 提升短链脂肪酸（SCFA），尤其是丁酸水平","抑制ACF形成（尤其大尺寸ACF）、改善菌群结构、提高丁酸","yes","not reported","not reported","Contextual mixture/formulation evidence","not assigned","36820999","PMID36820999","ellagic acid\258-36820999-jaboticaba myrciaria cauliflora fr source plant foods hum nutr so 2023.pdf","Jaboticaba (Myrciaria cauliflora) Fruit Extract Suppressed Aberrant Crypt Formation in 1,2-Dimetylhydrazine-Induced Rats.","Included","2023","2023/06/01","ellagic acid","Jaboticaba 果实乙醇提取物（FEX）","Not established from supplied source field","Generic botanical, dietary, computational, or unspecified association","PMID 36820999; PMID36820999","Extract/formula/decoction contextual evidence","Row-level annotation; deduplicate by PMID for final reference-level counts"
"ellagic acid","Polyphenols","Phyllanthus amarus 植物提取物","HCT116 细胞、CCD18Co 正常细胞；体外实验","In vitro","not captured in source extraction","caspase依赖性凋亡通路（caspase-8/-9/-3/7, PARP, cytochrome c）","抑制增殖、诱导凋亡","not captured","not reported","not reported","Level 3: cell-based mechanistic evidence","Apoptosis/cell cycle","32532192","PMID32532192","ellagic acid\259-32532192-lignans and polyphenols of phyllanthus.pdf","Lignans and Polyphenols of Phyllanthus amarus Schumach and Thonn Induce Apoptosis in HCT116 Human Colon Cancer Cells through Caspases-Dependent Pathway.","Included","2021","2021/01/01","ellagic acid","Phyllanthus amarus 植物提取物","Not established from supplied source field","Generic botanical, dietary, computational, or unspecified association","PMID 32532192; PMID32532192","Extract/formula/decoction contextual evidence","Row-level annotation; deduplicate by PMID for final reference-level counts"
"ellagic acid","Polyphenols","选定的委陵菜属Potentilla植物地上部分的丙酮提取物","细胞模型 人结肠腺癌细胞系 LS180癌细胞 ；正常人结肠上皮细胞系 CCD841","In vitro","not captured in source extraction","上调：p53、Bax、caspase 3/6/7/8/9
下调：Bcl 2、cleaved caspase 3、MMP 2、MMP 9、NF κB 活性","显著抑制 LS180 癌细胞的DNA合成BrdU实验，降低癌细胞代谢活性MTT实验，引起癌细胞细胞膜损伤LDH释放增加，对正常细胞CCD841 CoN影响极小，表现出高选择性毒性 所有提取物均呈剂量依赖性效应","not captured","not reported","not reported","Contextual mixture/formulation evidence","Apoptosis/cell cycle; EMT/ECM/metastasis","36249795","not available","astragalin\157-36249795-Anticancer potential of acetone extr Source Front Pharmacol SO 2022.pdf","not retained - incomplete bibliographic metadata","Excluded: no CRC-specific model or outcome extracted","2022","2022/09/29","ellagic acid","选定的委陵菜属Potentilla植物地上部分的丙酮提取物","Not established from supplied source field","Generic botanical, dietary, computational, or unspecified association","PMID 36249795; not available","Not assessed for final attribution (excluded record)","Row-level annotation; deduplicate by PMID for final reference-level counts"
"ellagic acid","Polyphenols","丁香皮","体外模型 癌细胞与T细胞共培养系统
体内模型 人源化 PD-1/PD-L1 基因敲入 MC-38 结肠癌小鼠模型 hPD-L1/MC-38 tumor-bearing mice","In vitro + in vivo","70%","可能通过抑制癌细胞中 PD-L1 的表达 从而阻断 PD-1/PD-L1 免疫检查点通路 恢复T细胞抗肿瘤活性","显著下调癌细胞中 PD-L1 的组成性和诱导性表达
增强癌细胞死亡 mortality
提高T细胞活性
抑制肿瘤生长 大于70%
增加肿瘤微环境中 CD8+ T细胞浸润","not captured","not reported","not reported","Level 1: animal-validated mechanistic evidence","Immune microenvironment","39771037","not available","ellagic acid\261-39771037-caryophylli cortex suppress pd l1 ex source nutrients so 2024.pdf","not retained - incomplete bibliographic metadata","Excluded: incomplete bibliographic title requiring verification","2024","2024/12/23","ellagic acid","丁香皮","Not established from supplied source field","Generic botanical, dietary, computational, or unspecified association","PMID 39771037; not available","Not assessed for final attribution (excluded record)","Row-level annotation; deduplicate by PMID for final reference-level counts"
"ellagic acid","Polyphenols","Jaboticaba 果实的全果乙醇提取物（FEX）","动物模型：1,2-二甲基肼（DMH）诱导的结直肠癌前病变大鼠模型","In vivo","not captured in source extraction","通过调节肠道菌群组成，促进产短链脂肪酸（SCFA）菌群生长，提高盲肠中丁酸浓度，从而发挥结直肠癌的化学预防作用。","1. 显著抑制异常隐窝灶（ACF）形成，特别是大尺寸ACF（>5个隐窝）；
2. 改善肠道微生态结构；
3. 提升具有抗炎和抗癌潜力的丁酸水平；
4. 表明FEX具有在结直肠癌早期进行干预的潜力。","yes","not reported","not reported","Contextual mixture/formulation evidence","not assigned","36902263","not available","astragalin\159-36902263-Phytochemical Profiling of Extracts Source Int J Mol Sci SO 2023.pdf","not retained - incomplete bibliographic metadata","Excluded: incomplete bibliographic title requiring verification","2023","2023/03/02","ellagic acid","Jaboticaba 果实的全果乙醇提取物（FEX）","Not established from supplied source field","Generic botanical, dietary, computational, or unspecified association","PMID 36902263; not available","Not assessed for final attribution (excluded record)","Row-level annotation; deduplicate by PMID for final reference-level counts"
"ellagic acid","Polyphenols","乳香和没药","网络药理学分析","Network/in silico","not captured in source extraction","可能1. PI3K/Akt 信号通路
2. TNF 信号通路
3. HIF-1 信号通路
4. 结直肠癌通路","抗肿瘤和抗炎作用","not captured","not reported","not reported","Level 4: in silico-only","PI3K/Akt/mTOR/metabolism","38415445","PMID38415445","ellagic acid\263-38415445-network pharmacology analysis on the source curr pharm des so 2024 feb 19.pdf","Network Pharmacology Analysis on the Mechanism of Xihuangwan in Treating Rectal Cancer and Radiation Enteritis.","Included","2024","2024/01/01","ellagic acid","乳香和没药","Not established from supplied source field","Generic botanical, dietary, computational, or unspecified association","PMID 38415445; PMID38415445","Network pharmacology/in silico evidence","Row-level annotation; deduplicate by PMID for final reference-level counts"
"ellagic acid","Polyphenols","1 在丁香 Syzygium aromaticum 的乙醇提取物中占 6.70%
2 在 nervosum 的种子乙醇提取物中占 3.06%","体外细胞模型
1 HCT116 细胞 p53野生型人结肠癌细胞
2 HT 29 细胞 p53突变型人结肠癌细胞","In vitro","6.70%; 3.06%","在 p53 野生型 HCT116 细胞中激活 p53 介导的检查点通路 导致细胞周期阻滞和凋亡","1 显著抑制 HCT116 细胞增殖
2 诱导细胞凋亡 经 Annexin V FITC PI 染色和 caspase 3/7 活性增加证实
3 引起 sub G1 期细胞积累 表明DNA碎片化和凋亡发生
4 上调 p21 表达
5 下调 cyclin D1 表达","not captured","not reported","not reported","Contextual mixture/formulation evidence","Apoptosis/cell cycle","40725071","not available","ellagic acid\264-40725071-the effect of the ethanolic extracts.pdf","not retained - incomplete bibliographic metadata","Excluded: incomplete bibliographic title requiring verification","2025","2025/07/16","ellagic acid","1 在丁香 Syzygium aromaticum 的乙醇提取物中占 6.70%
2 在 nervosum 的种子乙醇提取物中占 3.06%","Not established from supplied source field","Generic botanical, dietary, computational, or unspecified association","PMID 40725071; not available","Not assessed for final attribution (excluded record)","Row-level annotation; deduplicate by PMID for final reference-level counts"
"ellagic acid","Polyphenols","葡萄和石榴","DSS（葡聚糖硫酸钠）诱导的结肠炎小鼠模型，使用的是 12–16周龄雄性Swiss Webster小鼠","In vivo","not captured in source extraction","促进caspase-3表达，激活细胞凋亡通路","细胞凋亡增强，体重下降缓解，炎症相关癌变风险降低","yes","not reported","not reported","Contextual mixture/formulation evidence","Apoptosis/cell cycle; NF-kB/STAT3/inflammation","34900217","not available","ellagic acid\265-34900217-ethanol extract of pomegranate lt source int j inflam so 2021 2021 4919410.pdf","not retained - incomplete bibliographic metadata","Excluded: no CRC-specific model or outcome extracted","2021","2021/12/02","ellagic acid","葡萄和石榴","Not established from supplied source field","Generic botanical, dietary, computational, or unspecified association","PMID 34900217; not available","Not assessed for final attribution (excluded record)","Row-level annotation; deduplicate by PMID for final reference-level counts"
"ellagic acid","Polyphenols","not reported","体外细胞实验和体内小鼠模型，研究对象为结肠癌","In vitro + in vivo","not captured in source extraction","1. 线粒体靶向与功能破坏：EA单元具有线粒体靶向性，促进药物在线粒体释放。
2. 活性氧（ROS）自循环：诱导内源性ROS爆发，形成ROS自循环，激活程序性细胞死亡。
3. 化学动力学治疗（CDT）协同：通过ROS生成参与CDT过程。","1. 诱导线粒体功能障碍
2. 触发内源性ROS爆发
3. 激活程序性细胞死亡
4. 增强化疗协同效应","not captured","not reported","not reported","Level 1: animal-validated mechanistic evidence","Apoptosis/cell cycle; ROS/ferroptosis","40403808","PMID40403808","ellagic acid\266-40403808-a functionalized lignin dual network source int j biol macromol so 2025.pdf","A functionalized lignin dual network nanoplatform for enhanced cancer therapy by triggering reactive oxygen species self-circulation.","Included","2025","2025/06/01","ellagic acid","not reported","Not established from supplied source field","Generic botanical, dietary, computational, or unspecified association","PMID 40403808; PMID40403808","Formulation/nanodelivery contextual evidence","Row-level annotation; deduplicate by PMID for final reference-level counts"
"syringic acid","Phenolic acids","植物 Tamarix aucheriana（阿拉伯传统药用植物）","体外细胞实验模型，包括人结直肠癌细胞和正常成纤维细胞。","In vitro","not captured in source extraction","NFκB信号通路抑制、26S蛋白酶体功能抑制、抗血管生成通路","1. 显著抑制结直肠癌细胞增殖，具有时间和剂量依赖性
2. 诱导细胞周期阻滞于S/G2-M或G1/G2-M期
3. 促进癌细胞凋亡
4. 抑制26S蛋白酶体的多种酶活性
5. 抑制NFκB的DNA结合能力
6. 抑制肿瘤细胞侵袭和血管生成
7. 显著增强多种化疗药物的敏感性，表现出强效化学增敏作用","not captured","not reported","not reported","Level 3: cell-based mechanistic evidence","Apoptosis/cell cycle; EMT/ECM/metastasis; Immune microenvironment","23745612","PMID23745612","syringic acid\267-23745612-syringic acid from tamarix aucherian source pharm biol so 2013 sep 51 9 1110 24.pdf","Syringic acid from Tamarix aucheriana possesses antimitogenic and chemo-sensitizing activities in human colorectal cancer cells.","Included","2013","2013/09/01","syringic acid","植物 Tamarix aucheriana（阿拉伯传统药用植物）","Not established from supplied source field","Generic botanical, dietary, computational, or unspecified association","PMID 23745612; PMID23745612","Purified isolated compound: syringic acid","Row-level annotation; deduplicate by PMID for final reference-level counts"
"syringic acid","Phenolic acids","白黑无花果乳胶","体外细胞模型
宫颈癌细胞系
结直肠癌细胞系","In vitro","not captured in source extraction","not reported","抗氧化活性、 抗癌活性","not captured","not reported","not reported","Contextual mixture/formulation evidence","ROS/ferroptosis","39590517","PMID39590517","syringic acid\268-39590517-effect of in vitro digestion on anti source chem biodivers so 2024.pdf","Effect of In Vitro Digestion on Anticancer and Antioxidant Activity of Phenolic Extracts From Latex of Fig Fruit (Ficus carica L.).","Included","2025","2025/04/01","syringic acid","白黑无花果乳胶","Not established from supplied source field","Generic botanical, dietary, computational, or unspecified association","PMID 39590517; PMID39590517","Extract/formula/decoction contextual evidence","Row-level annotation; deduplicate by PMID for final reference-level counts"
"sanguinarine","Alkaloids","天然生物碱","体外和体内实验","In vitro + in vivo","not captured in source extraction","mTOR, MAPK, EGFR, PI3K/AKT, NF-κB","抑制肿瘤体积、抑制EMT、诱导凋亡与自噬、免疫调节","not captured","not reported","not reported","Level 1: animal-validated mechanistic evidence","Apoptosis/cell cycle; PI3K/Akt/mTOR/metabolism; NF-kB/STAT3/inflammation; MAPK/JNK/ERK; EMT/ECM/metastasis; Immune microenvironment","39125943","PMID39125943","sanguinarine\269-39125943-natural alkaloids in cancer therapy.pdf","Natural Alkaloids in Cancer Therapy: Berberine, Sanguinarine and Chelerythrine against Colorectal and Gastric Cancer.","Included","2024","2024/07/31","sanguinarine","天然生物碱","No—direct Chinese materia medica association not established in supplied sources","Related natural-product evidence only","PMID 39125943; PMID39125943","Review/background evidence","Row-level annotation; deduplicate by PMID for final reference-level counts"
"sanguinarine","Alkaloids","植物","SW620 和 HCT-116 细胞系（体外）","In vitro","Sanguinarine concentration series: SW620 0-2 µmol/L; HCT-116 0-3 µmol/L","SAN → ↑STUB1 → ↓GPX4 → 铁死亡","铁死亡","not captured","not reported","not reported","Level 3: cell-based mechanistic evidence","ROS/ferroptosis","39276049","PMID39276049","sanguinarine\270-39276049-sanguinarine induces ferroptosis of so nan fang yi ke da xue xue bao 2024 aug 20 44 8 1537 1544 doi 10 12122 j issn 1673 4254 2024 08 12.pdf","[Sanguinarine induces ferroptosis of colorectal cancer cells by upregulating STUB1 and downregulating GPX4].","Included","2024","2024/08/20","sanguinarine","植物","No—direct Chinese materia medica association not established in supplied sources","Related natural-product evidence only","PMID 39276049; PMID39276049","Purified isolated compound: sanguinarine","Row-level annotation; deduplicate by PMID for final reference-level counts"
"sanguinarine","Alkaloids","Sanguinaria canadensis（北美血根草）","体外实验","In vitro","not captured in source extraction","PI3K/Akt/mTOR、RAS/RAF/MAPK、Wnt/β-catenin、TGF-β","抑制癌细胞增殖、诱导凋亡","not captured","not reported","not reported","Level 3: cell-based mechanistic evidence","Apoptosis/cell cycle; PI3K/Akt/mTOR/metabolism; Wnt/beta-catenin/stemness; MAPK/JNK/ERK","40149916","PMID40149916","Astragaloside IV\291-40149916-interplay between traditional and sc source biomolecules so 2025.pdf","Interplay Between Traditional and Scientific Knowledge: Phytoconstituents and Their Roles in Lung and Colorectal Cancer Signaling Pathways.","Included","2025","2025/03/05","sanguinarine","Sanguinaria canadensis（北美血根草）","No—direct Chinese materia medica association not established in supplied sources","Related natural-product evidence only","PMID 40149916; PMID40149916","Review/background evidence","Row-level annotation; deduplicate by PMID for final reference-level counts"
"sanguinarine","Alkaloids","传统草药","计算模型（虚拟筛选、对接、动力学模拟等）","Not specified","not captured in source extraction","MLK4","not reported","not captured","not reported","not reported","Excluded: insufficient extractable evidence","not assigned","39298888","PMID39298888","sanguinarine\272-39298888-discovery of novel mlk4 inhibitors a source comput biol med so 2024.pdf","Discovery of novel MLK4 inhibitors against colorectal cancer through computational approaches.","Excluded: insufficient extractable evidence","2024","2024/11/01","sanguinarine","传统草药","No—direct Chinese materia medica association not established in supplied sources","Related natural-product evidence only","PMID 39298888; PMID39298888","Not assessed for final attribution (excluded record)","Row-level annotation; deduplicate by PMID for final reference-level counts"
"sanguinarine","Alkaloids","加拿大血根菌","体外模型：人结直肠癌（CRC）细胞
体内模型：HT-29 移植瘤小鼠模型","In vitro + in vivo","not captured in source extraction","通过 ROS（特别是 H₂O₂）依赖性激活 KEAP1-PGAM5-AIFM1 信号轴","诱导 oxeiptosis —— 一种由活性氧（ROS）触发、caspase 非依赖、非炎症性的程序性细胞死亡方式。","not captured","not reported","not reported","Level 1: animal-validated mechanistic evidence","Apoptosis/cell cycle; NF-kB/STAT3/inflammation; ROS/ferroptosis","36914635","PMID36914635","sanguinarine\273-36914635-targeting oxeiptosis mediated tumor source cell death discov so 2023.pdf","Targeting oxeiptosis-mediated tumor suppression: a novel approach to treat colorectal cancers by sanguinarine.","Included","2023","2023/03/13","sanguinarine","加拿大血根菌","No—direct Chinese materia medica association not established in supplied sources","Related natural-product evidence only","PMID 36914635; PMID36914635","Purified isolated compound: sanguinarine","Row-level annotation; deduplicate by PMID for final reference-level counts"
"silibinin","Flavonoids","奶蓟草","CT26 小鼠结肠癌细胞系（体外）","In vitro + in vivo","not captured in source extraction","凋亡通路（Bcl-2/Bax/Caspase-3）、自噬通路（Atg5/7/BECN1）、HIF-1α/VEGF 血管生成通路、MMPs 介导的侵袭通路、趋化因子受体通路（CCR-2/CXCR-4）等","抑制增殖、诱导凋亡与自噬、抑制血管生成、抑制迁移","not captured","not reported","not reported","Level 1: animal-validated mechanistic evidence","Apoptosis/cell cycle; EMT/ECM/metastasis","34059044","PMID34059044","silibinin\274-34059044-targeting the hallmarks of cancer t source bmc complement med ther so 2021 may 31 21 1 160.pdf","Targeting the hallmarks of cancer: the effects of silibinin on proliferation, cell death, angiogenesis, and migration in colorectal cancer.","Included","2021","2021/05/31","silibinin","奶蓟草","Not established from supplied source field","Generic botanical, dietary, computational, or unspecified association","PMID 34059044; PMID34059044","Purified isolated compound: silibinin","Row-level annotation; deduplicate by PMID for final reference-level counts"
"silibinin","Flavonoids","奶蓟草","not reported","Not specified","not captured in source extraction","EGFR → PI3K/Akt → GSK-3β → β-catenin 抑制","抑制 β-catenin 信号上调，防止结直肠上皮癌变","not captured","not reported","not reported","Excluded: insufficient extractable evidence","PI3K/Akt/mTOR/metabolism; Wnt/beta-catenin/stemness","37481200","PMID37481200","silibinin\275-37481200-targeting beta catenin signaling for source eur j pharmacol so 2023.pdf","Targeting beta-catenin signaling for prevention of colorectal cancer - Nutraceutical, drug, and dietary options.","Excluded: insufficient extractable evidence","2023","2023/10/05","silibinin","奶蓟草","Not established from supplied source field","Generic botanical, dietary, computational, or unspecified association","PMID 37481200; PMID37481200","Not assessed for final attribution (excluded record)","Row-level annotation; deduplicate by PMID for final reference-level counts"
"silibinin","Flavonoids","水飞蓟","SW480、HT29 和 LoVo 细胞系的 CSC；
NOD/SCID 小鼠","In vitro + in vivo","not captured in source extraction","↓IL-4 /-6 致癌信号转导 ↓结肠圈形成 ↓Lgr5、ASCL2、CD44、CD133、Oct-4、Nanog、MSI-1 和 Bmi-1","↓CSCs 的肿瘤发生性和肿瘤生长","not captured","not reported","not reported","Level 1: animal-validated mechanistic evidence","Wnt/beta-catenin/stemness","36375238","PMID36375238","caffeic acid\240-36375238-targeting cancer stem cells and sign source phytomedicine so 2023.pdf","Targeting cancer stem cells and signalling pathways through phytochemicals: A promising approach against colorectal cancer.","Included","2023","2023/01/01","silibinin","水飞蓟","Not established from supplied source field","Generic botanical, dietary, computational, or unspecified association","PMID 36375238; PMID36375238","Review/background evidence","Row-level annotation; deduplicate by PMID for final reference-level counts"
"silibinin","Flavonoids","水飞蓟","AOM/DSS 小鼠模型 + CCD-18Co/SW480/RKO 细胞共培养","In vitro + in vivo","not captured in source extraction","↓ α-SMA、↓ POSTN","抑制 CAF 活化、增殖、克隆形成、迁移","not captured","not reported","not reported","Level 1: animal-validated mechanistic evidence","EMT/ECM/metastasis","40242441","PMID40242441","silibinin\277-40242441-therapeutic potential and mechanisti pharmacol so 2025.pdf","Therapeutic potential and mechanistic insights of silibinin targeting cancer-associated fibroblasts in colorectal cancer.","Included","2025","2025/04/02","silibinin","水飞蓟","Not established from supplied source field","Generic botanical, dietary, computational, or unspecified association","PMID 40242441; PMID40242441","Purified isolated compound: silibinin","Row-level annotation; deduplicate by PMID for final reference-level counts"
"silibinin","Flavonoids","水飞蓟","体内：使用 DMH 诱导的雄性 Wistar 大鼠结肠肿瘤模型。","In vivo","not captured in source extraction","Wnt/β-catenin 信号通路","抑制结肠肿瘤的发生和发展","yes","not reported","not reported","Level 2: in vivo evidence","Wnt/beta-catenin/stemness","33596716","PMID33596716","silibinin\278-33596716-modulation of the canonical wnt signaling pathway by dietary polyphenols an opportunity.pdf","Modulation of the Canonical Wnt Signaling Pathway by Dietary Polyphenols, an Opportunity for Colorectal Cancer Chemoprevention and Treatment.","Included","2022","2022/01/01","silibinin","水飞蓟","Not established from supplied source field","Generic botanical, dietary, computational, or unspecified association","PMID 33596716; PMID33596716","Review/background evidence","Row-level annotation; deduplicate by PMID for final reference-level counts"
"silibinin","Flavonoids","牛奶蓟（milk thistle）","细胞系：SW480 人结肠癌细胞
对照细胞：人正常细胞
实验类型：体外（in-vitro）细胞实验","In vitro","not captured in source extraction","Bax/Bcl-2 线粒体凋亡通路、p53 信号通路、细胞周期调控通路","抑制癌细胞增殖、诱导细胞凋亡、引起细胞周期阻滞、对正常细胞无显著毒性（选择性杀伤）","not captured","not reported","not reported","Level 3: cell-based mechanistic evidence","Apoptosis/cell cycle","39068589","PMID39068589","silibinin\279-39068589-synthesis characterization and in source asian pac j cancer prev so 2024.pdf","Synthesis, Characterization, and In-Vitro Evaluation of Silibinin-loaded PEGylated Niosomal Nanoparticles: Potential Anti-Cancer Effects on SW480 Colon Cancer Cells.","Included","2024","2024/07/01","silibinin","牛奶蓟（milk thistle）","Not established from supplied source field","Generic botanical, dietary, computational, or unspecified association","PMID 39068589; PMID39068589","Formulation/nanodelivery contextual evidence","Row-level annotation; deduplicate by PMID for final reference-level counts"
"silibinin","Flavonoids","水飞蓟","C26（小鼠）、HT29（人源）结直肠癌细胞；正常细胞对照；体外模型","In vitro + in vivo","not captured in source extraction","X","抑制增殖、诱导早期凋亡（非坏死）、持续释放、靶向递送","not captured","not reported","not reported","Level 1: animal-validated mechanistic evidence","Apoptosis/cell cycle; Immune microenvironment","38898204","PMID38898204","silibinin\280-38898204-development optimization and in vi source aaps pharmscitech so 2024.pdf","Development, Optimization, and in vitro Evaluation of Silybin-loaded PLGA Nanoparticles and Decoration with 5TR1 Aptamer for Targeted Delivery to Colorectal Cancer Cells.","Included","2024","2024/06/19","silibinin","水飞蓟","Not established from supplied source field","Generic botanical, dietary, computational, or unspecified association","PMID 38898204; PMID38898204","Formulation/nanodelivery contextual evidence","Row-level annotation; deduplicate by PMID for final reference-level counts"
"silibinin","Flavonoids","奶蓟草","not reported","Not specified","not captured in source extraction","抑制 PI3K/Akt、NF-κB、Wnt/β-catenin、MAPK 等致癌通路","抗氧化、抗炎、抗增殖、促凋亡、抗转移、抗血管生成","not captured","not reported","not reported","Excluded: insufficient extractable evidence","Apoptosis/cell cycle; PI3K/Akt/mTOR/metabolism; Wnt/beta-catenin/stemness; NF-kB/STAT3/inflammation; MAPK/JNK/ERK; ROS/ferroptosis; EMT/ECM/metastasis","38487172","PMID38487172","silibinin\281-38487172-a comprehensive evaluation of the thpharmacol.pdf","A comprehensive evaluation of the therapeutic potential of silibinin: a ray of hope in cancer treatment.","Excluded: no CRC-specific model or outcome extracted","2024","2024/02/29","silibinin","奶蓟草","Not established from supplied source field","Generic botanical, dietary, computational, or unspecified association","PMID 38487172; PMID38487172","Not assessed for final attribution (excluded record)","Row-level annotation; deduplicate by PMID for final reference-level counts"
"silibinin","Flavonoids","奶蓟","DLD-1 结肠癌细胞系。","In vitro","not captured in source extraction","not reported","与 curcumin 联用时，显著抑制结肠癌细胞的增殖","not captured","not reported","not reported","Level 3: cell-based mechanistic evidence","not assigned","35966396","PMID35966396","silibinin\282-35966396-curcumin but not its degradation pr source micropubl biol so 2022.pdf","Curcumin, but not its degradation products, in combination with silibinin is primarily responsible for the inhibition of colon cancer cell proliferation.","Included","2022","2022/07/28","silibinin","奶蓟","Not established from supplied source field","Generic botanical, dietary, computational, or unspecified association","PMID 35966396; PMID35966396","Multi-compound combination contextual evidence","Row-level annotation; deduplicate by PMID for final reference-level counts"
"silibinin","Flavonoids","水飞蓟（Silybum marianum）种子提取物","体外细胞模型 和 抗菌功能测试模型","In vitro","not captured in source extraction","not reported","1 抑制结肠癌细胞增殖 HT 29
2 与金纳米颗粒 AuNPs 产生协同抗肿瘤效应 增强对肿瘤细胞的杀伤力
3 在健康皮肤细胞中显示极低毒性 具有良好的生物相容性
4 实现可控释放 延长药物作用时间
5 增强整体系统的抗菌活性 间接归因于 silibinin 与 AuNPs 的协同","not captured","not reported","not reported","Level 3: cell-based mechanistic evidence","ROS/ferroptosis","40712877","PMID40712877","silibinin\283-40712877-enhanced antimicrobial and anticance so int j biol macromol 2025 jul 23 321 pt 1 146286 doi 10 1016 j ijbiomac 2025 146286 online ahead of print.pdf","Enhanced antimicrobial and anticancer activities of zein protein-agarose@Au composite hydrogel for controlled release of silibinin in colon cancer therapy.","Included","2025","2025/09/01","silibinin","水飞蓟（Silybum marianum）种子提取物","Not established from supplied source field","Generic botanical, dietary, computational, or unspecified association","PMID 40712877; PMID40712877","Formulation/nanodelivery contextual evidence","Row-level annotation; deduplicate by PMID for final reference-level counts"
"silibinin","Flavonoids","植物提取物水飞蓟素","体外细胞模型
正常细胞：正常猪小肠上皮细胞系-1 (IPEC-1)
肿瘤细胞：人结肠腺癌上皮细胞系 (CaCo-2)","In vitro","not captured in source extraction","1. 经典 Wnt/β-catenin 信号通路：通过调节该通路发挥化学预防作用。
2. 影响细胞周期、凋亡和细胞存活激酶：通过影响这些过程介导其抗增殖和抗炎效应。","促进代谢活性和增殖，保护线粒体膜电位，轻微降低促炎细胞因子，显著上调抗炎因子 TGF-β，抑制代谢活性，抑制增殖，诱导细胞周期阻滞（隐含），增加凋亡，显著下调促炎白细胞介素和 TGF-β","not captured","not reported","not reported","Level 3: cell-based mechanistic evidence","Apoptosis/cell cycle; Wnt/beta-catenin/stemness; NF-kB/STAT3/inflammation","36836848","PMID36836848","silibinin\284-36836848-silybin showed higher cytotoxic ant source life basel so 2023.pdf","Silybin Showed Higher Cytotoxic, Antiproliferative, and Anti-Inflammatory Activities in the CaCo Cancer Cell Line while Retaining Viability and Proliferation in Normal Intestinal IPEC-1 Cells.","Included","2023","2023/02/10","silibinin","植物提取物水飞蓟素","Not established from supplied source field","Generic botanical, dietary, computational, or unspecified association","PMID 36836848; PMID36836848","Purified isolated compound: silibinin","Row-level annotation; deduplicate by PMID for final reference-level counts"
"silibinin","Flavonoids","水飞蓟 Silybum marianum 的提取物","癌细胞模型为 HT29 人结肠癌细胞正常细胞模型为 HEK293 人胚肾细胞实验类型为体外细胞实验检测方法包括 MTT 法流式细胞术TEM DLS FTIR 和 VSM","In vitro","not captured in source extraction","干扰细胞周期抑制血管生成侵袭和转移诱导凋亡并通过多种分子事件发挥作用","Silibininloaded MNNPs 显著增强对 HT29 细胞的细胞毒性使细胞活力下降 5 倍优于纯 silibinin 的 3 倍细胞摄取水平显著提高对 HEK293 正常细胞无明显毒性药物在酸性环境 pH 58 下释放更多显示肿瘤微环境响应性","not captured","not reported","not reported","Level 3: cell-based mechanistic evidence","Apoptosis/cell cycle; EMT/ECM/metastasis","37441534","PMID37441534","silibinin\285-37441534-targeted delivery of silibinin via mpharmacol.pdf","Targeted delivery of silibinin via magnetic niosomal nanoparticles: potential application in treatment of colon cancer cells.","Included","2023","2023/06/27","silibinin","水飞蓟 Silybum marianum 的提取物","Not established from supplied source field","Generic botanical, dietary, computational, or unspecified association","PMID 37441534; PMID37441534","Formulation/nanodelivery contextual evidence","Row-level annotation; deduplicate by PMID for final reference-level counts"
"silibinin","Flavonoids","水飞蓟","体外细胞实验模型，包括人乳腺癌细胞 MCF7、人肺癌细胞 A549、人结肠癌细胞 HT29、人胰腺癌细胞 Panc，以及人脐静脉内皮细胞 Huvec","In vitro","not captured in source extraction","not reported","显著抑制多种癌细胞活力；选择性诱导癌细胞凋亡；具有强大抗氧化活性（经ABTS和DPPH验证）；BSA组分促进水飞蓟宾和ZnO在肿瘤区域的缓释；叶酸修饰实现靶向递送，增强对癌细胞的选择性杀伤。","not captured","在正常细胞（Huvec）中表现出较低毒性，并具有保护正常细胞的潜力","not reported","Level 3: cell-based mechanistic evidence","Apoptosis/cell cycle; ROS/ferroptosis","38809850","PMID38809850","silibinin\286-38809850-the anticancer impact of folate link source j biomater sci polym ed so 2024.pdf","The anticancer impact of folate-linked ZnO-decorated bovine serum albumin/silibinin nanoparticles on human pancreatic, breast, lung, and colon cancers.","Included","2024","2024/08/01","silibinin","水飞蓟","Not established from supplied source field","Generic botanical, dietary, computational, or unspecified association","PMID 38809850; PMID38809850","Formulation/nanodelivery contextual evidence","Row-level annotation; deduplicate by PMID for final reference-level counts"
"Astragaloside IV","Triterpenoid saponins","黄芪","体外模型包括小鼠结肠癌细胞 MC38 和小鼠巨噬细胞 RAW264.7
体内模型为小鼠脾脏-肝脏转移模型","In vitro + in vivo","not captured in source extraction","下调 nSMase2 和 Rab27a 表达，抑制肿瘤细胞外囊泡（TEVs）的生成与释放；
减少 TEVs 对肿瘤相关巨噬细胞（TAMs）的调控作用；
抑制 TAMs 向 M2 型（促肿瘤）极化，促进向 M1 型（抗肿瘤）转化
重塑肿瘤微环境，间接抑制癌细胞迁移与侵袭","1. 显著减少结直肠癌细胞释放肿瘤衍生的细胞外囊泡（TEVs）
2. 抑制 nSMase2 和 Rab27a 蛋白表达，阻断 EVs 分泌通路
3. 改变巨噬细胞极化方向：降低 M2 型比例，提高 M1 型比例
4. 抑制癌细胞的迁移和侵袭能力
5. 在小鼠体内显著抑制结直肠癌肝转移
6. 减少肝脏转移灶中 M2 型巨噬细胞的浸润","not captured","not reported","not reported","Level 1: animal-validated mechanistic evidence","EMT/ECM/metastasis; Immune microenvironment","38831823","PMID38831823","Astragaloside IV\287-38831823-astragaloside iv inhibits colorectal source heliyon so 2024.pdf","Astragaloside IV inhibits colorectal cancer metastasis by reducing extracellular vesicles release and suppressing M2-type TAMs activation.","Included","2024","2024/05/22","Astragaloside IV","黄芪","Yes—directly traceable in supplied records","Constituent of Huangqi (Astragalus medicinal material)","PMID 38831823; PMID38831823","Purified isolated compound: Astragaloside IV","Row-level annotation; deduplicate by PMID for final reference-level counts"
"Astragaloside IV","Triterpenoid saponins","黄芪","体外模型：人结直肠癌（CRC）细胞系
体内模型：裸鼠皮下移植瘤模型","In vitro + in vivo","not captured in source extraction","通过调控 circ_0001615/miR-873-5p/LASP1 轴 抑制结直肠癌进展","抑制结直肠癌细胞增殖、促进细胞凋亡","not captured","not reported","not reported","Level 1: animal-validated mechanistic evidence","Apoptosis/cell cycle","38230773","PMID38230773","Astragaloside IV\288-38230773-astragaloside iv regulates circ 0001 source chem biol drug des so 2024.pdf","Astragaloside IV regulates circ\_0001615 and miR-873-5p/LASP1 axis to suppress colorectal cancer cell progression.","Included","2024","2024/01/01","Astragaloside IV","黄芪","Yes—directly traceable in supplied records","Constituent of Huangqi (Astragalus medicinal material)","PMID 38230773; PMID38230773","Purified isolated compound: Astragaloside IV","Row-level annotation; deduplicate by PMID for final reference-level counts"
"Astragaloside IV","Triterpenoid saponins","黄芪","1 细胞模型：多种结直肠癌细胞系
2 动物模型
小鼠结直肠癌模型","In vitro + in vivo","not captured in source extraction","not reported","1 抑制癌细胞增殖 suppression of proliferation
2 诱导肿瘤细胞凋亡 inducing tumor cell apoptosis
3 增强免疫功能 increasing immune function
4 逆转或减少药物耐药性 reducing drug resistance","not captured","not reported","not reported","Contextual review-only","Apoptosis/cell cycle; Wnt/beta-catenin/stemness; Immune microenvironment","37793276","PMID37793276","Astragaloside IV\37793276-the potential molecular pathways of source biomed pharmacother so 2023.pdf","The potential molecular pathways of Astragaloside-IV in colorectal cancer: A systematic review.","Included","2023","2023/11/01","Astragaloside IV","黄芪","Yes—directly traceable in supplied records","Constituent of Huangqi (Astragalus medicinal material)","PMID 37793276; PMID37793276","Review/background evidence","Row-level annotation; deduplicate by PMID for final reference-level counts"
"Astragaloside IV","Triterpenoid saponins","黄芪","not reported","Not specified","not captured in source extraction","NF-κB 信号通路
PPARγ 信号通路","促进 M2 巨噬细胞极化；
减轻黏膜炎症；
修复肠道屏障；
促进 M1 巨噬细胞极化；
抑制肿瘤生长；
诱导肿瘤细胞凋亡；
抑制肿瘤转移；
增强化疗敏感性","not captured","not reported","not reported","Excluded: insufficient extractable evidence","Apoptosis/cell cycle; NF-kB/STAT3/inflammation; EMT/ECM/metastasis; Immune microenvironment","40530759","PMID40530759","Astragaloside IV\290-40530759-astragaloside iv a promising drug t source am j chin med so 2025.pdf","Astragaloside IV: A Promising Drug to Prevent the Transition from Colitis to Colorectal Cancer.","Excluded: insufficient extractable evidence","2025","2025/01/01","Astragaloside IV","黄芪","Yes—directly traceable in supplied records","Constituent of Huangqi (Astragalus medicinal material)","PMID 40530759; PMID40530759","Not assessed for final attribution (excluded record)","Row-level annotation; deduplicate by PMID for final reference-level counts"
"Astragaloside IV","Triterpenoid saponins","黄芪","体外实验","In vitro","not captured in source extraction","PI3K/Akt/mTOR 通路
RAS/RAF/MAPK 通路
Wnt/β-catenin 通路
TGF-β 通路","1. 抑制肺癌和结直肠癌细胞的异常信号传导
2. 调控细胞增殖、存活、迁移相关通路
3. 发挥抗癌作用","not captured","not reported","not reported","Level 3: cell-based mechanistic evidence","PI3K/Akt/mTOR/metabolism; Wnt/beta-catenin/stemness; MAPK/JNK/ERK; EMT/ECM/metastasis","40149916","PMID40149916","Astragaloside IV\291-40149916-interplay between traditional and sc source biomolecules so 2025.pdf","Interplay Between Traditional and Scientific Knowledge: Phytoconstituents and Their Roles in Lung and Colorectal Cancer Signaling Pathways.","Included","2025","2025/03/05","Astragaloside IV","黄芪","Yes—directly traceable in supplied records","Constituent of Huangqi (Astragalus medicinal material)","PMID 40149916; PMID40149916","Review/background evidence","Row-level annotation; deduplicate by PMID for final reference-level counts"
"Astragaloside IV","Triterpenoid saponins","黄芪","LoVo 和 HCT116;CRC 临床样本;HCT116 异种移植裸鼠、LPS 诱导的 IEC6 细胞;AOM/DSS 诱导的 CAC 大鼠、CT26 细胞;携带 CT26 的小鼠","In vitro + in vivo","not captured in source extraction","PPARγ信号通路","抑制肿瘤生长、细胞增殖和迁移;诱导细胞凋亡，BAX↑、MMP9↓;调节 circ_0001615 和 miR-873–5p/LASP1 轴活 PPARγ信号通路，Nrf2 和 HO 1↑;抗氧化应激和 DNA 损伤、
抑制细胞增殖和肿瘤生长;诱导巨噬细胞复极化，M2 巨噬细胞↓，M2 巨噬细胞↑;协同 aPD 1 增加 T 细胞浸润","not captured","not reported","not reported","Contextual review-only","Apoptosis/cell cycle; ROS/ferroptosis; EMT/ECM/metastasis; Immune microenvironment","39413615","PMID39413615","Astragaloside IV\292-39413615-pharmacological potential of natural source biomed pharmacother so 2024.pdf","Pharmacological potential of natural medicine Astragali Radix in treating intestinal diseases.","Included","2024","2024/11/01","Astragaloside IV","黄芪","Yes—directly traceable in supplied records","Constituent of Huangqi (Astragalus medicinal material)","PMID 39413615; PMID39413615","Review/background evidence","Row-level annotation; deduplicate by PMID for final reference-level counts"
"Astragaloside IV","Triterpenoid saponins","植物","1 体外细胞实验 如巨噬细胞系与结肠癌细胞共培养
2 动物模型 如小鼠结肠癌移植瘤或自发模型
3 肿瘤微环境研究 涉及免疫细胞 功能调控","In vitro + in vivo","not captured in source extraction","1 抑制 NF κB STAT3 信号通路 从而抑制M2型肿瘤相关巨噬细胞极化
2 抑制 VEGF HIF 1α 介导的血管生成通路
3 下调 PD L1 表达 增强抗肿瘤免疫反应","1 抑制肿瘤相关巨噬细胞向M2型极化（促肿瘤表型）
2 抑制肿瘤血管生成（抗血管生成）
3 增强抗肿瘤免疫力
4 下调免疫检查点分子PD L1 表达 改善免疫逃逸","not captured","not reported","not reported","Level 1: animal-validated mechanistic evidence","NF-kB/STAT3/inflammation; Immune microenvironment","40873588","PMID40873588","Astragaloside IV\293-40873588-tumor associated macrophages in colo source front immunol so 2025.pdf","Tumor-associated macrophages in colon cancer immunotherapy: mechanisms, natural product interventions, and microenvironment remodeling.","Included","2025","2025/08/12","Astragaloside IV","植物","Yes—directly traceable in supplied records","Constituent of Huangqi (Astragalus medicinal material)","PMID 40873588; PMID40873588","Review/background evidence","Row-level annotation; deduplicate by PMID for final reference-level counts"
"Astragaloside IV","Triterpenoid saponins","补中益气汤","体外实验模型","In vitro","not captured in source extraction","PI3K/AKT/mTOR 信号轴","抗结直肠癌活性；
影响巨噬细胞极化","not captured","not reported","not reported","Contextual mixture/formulation evidence","PI3K/Akt/mTOR/metabolism; Immune microenvironment","40065054","PMID40065054","Astragaloside IV\294-40065054-investigating the pi3k akt mtor axis.pdf","Investigating the PI3K/AKT/mTOR axis in Buzhong Yiqi Decoction's anti-colorectal cancer activity.","Included","2025","2025/03/10","Astragaloside IV","补中益气汤","Yes—directly traceable in supplied records","Constituent of Huangqi (Astragalus medicinal material)","PMID 40065054; PMID40065054","Extract/formula/decoction contextual evidence","Row-level annotation; deduplicate by PMID for final reference-level counts"
"curdione","Terpenoids","莪术","用 12.5 μM、25 μM 和 50 μM 剂量的姜屈酮处理结直肠癌（CRC）细胞，然后用甲基噻唑基四唑铵（MTT）测量细胞的活性。裸鼠皮下注射不同剂量的Curdione和尾静脉注射奥沙利铂，然后采用苏木精-伊红（HE）染色检查肿瘤组织学","In vitro + in vivo","Curdione 12.5, 25, and 50 µM in CRC cells","促进 CRC 细胞和组织中 METTL14 和 YTHDF2 的表达，降低 SLC7A11、SLC3A2、HOXA13 和谷胱甘肽过氧化物酶 4 的表达","铁死亡（ROS↑, Fe²⁺↑, LPO↑, GSH↓）、肿瘤坏死、细胞活力下降","not captured","not reported","not reported","Level 1: animal-validated mechanistic evidence","ROS/ferroptosis","37735401","PMID37735401","curdione\295-37735401-Curdione induces ferroptosis mediate Chin Med.pdf","Curdione induces ferroptosis mediated by m6A methylation via METTL14 and YTHDF2 in colorectal cancer.","Included","2023","2023/09/21","curdione","莪术","Yes—directly traceable in supplied records","Constituent of Ezhu (Curcumae Rhizoma)","PMID 37735401; PMID37735401","Purified isolated compound: curdione","Row-level annotation; deduplicate by PMID for final reference-level counts"
"curdione","Terpenoids","莪术","not reported","Not specified","not captured in source extraction","NF-κB、MAPK、PI-3K/AKT 和 GSK-3β信号通路","与细胞增殖、存活、抗细胞凋亡、侵袭和转移相关的几种信号通路（NF-κB、MAPK、PI-3K/AKT 和 GSK-3β）的抑制","not captured","not reported","not reported","Excluded: insufficient extractable evidence","Apoptosis/cell cycle; PI3K/Akt/mTOR/metabolism; NF-kB/STAT3/inflammation; MAPK/JNK/ERK; EMT/ECM/metastasis","32285707","PMID32285707","curdione\296-32285707-Therapeutic Effects of Curcumol in S Source Nutr Cancer SO 2020 Apr 14 1 15.pdf","Therapeutic Effects of Curcumol in Several Diseases; An Overview.","Excluded: no CRC-specific model or outcome extracted","2021","2021/01/01","curdione","莪术","Yes—directly traceable in supplied records","Constituent of Ezhu (Curcumae Rhizoma)","PMID 32285707; PMID32285707","Not assessed for final attribution (excluded record)","Row-level annotation; deduplicate by PMID for final reference-level counts"
"1,4,6-tri-O-galloyl-β-d-glucopyranose","Hydrolysable tannins","地榆（Sanguisorba officinalis）干燥根茎","体外模型：
人结直肠癌细胞系：HCT116、SW480、DLD-1、HT29
正常结肠上皮细胞：NCM460
体内模型：
裸鼠皮下异种移植瘤模型（HCT116细胞接种）","In vitro + in vivo","not captured in source extraction","Wnt/β-catenin 信号通路","抑制结直肠癌细胞增殖；
诱导线粒体依赖性凋亡；
阻滞细胞周期于G1期；
抑制体内肿瘤生长；
对正常细胞毒性低","not captured","not reported","not reported","Level 1: animal-validated mechanistic evidence","Apoptosis/cell cycle; Wnt/beta-catenin/stemness","31164916","PMID31164916","1,4,6-tri-O-galloyl-β-d-glucopyranose\297-31164916-a tannin compound from sanguisorba officinalis blocks wnt b catenin signaling pathway and induces.pdf","A tannin compound from Sanguisorba officinalis blocks Wnt/beta-catenin signaling pathway and induces apoptosis of colorectal cancer cells.","Included","2019","2019/05/31","1,4,6-tri-O-galloyl-β-d-glucopyranose","地榆（Sanguisorba officinalis）干燥根茎","Not established from supplied source field","Generic botanical, dietary, computational, or unspecified association","PMID 31164916; PMID31164916","Purified isolated compound: 1,4,6-tri-O-galloyl-β-d-glucopyranose","Row-level annotation; deduplicate by PMID for final reference-level counts"
"Phytosphingosine","Other natural products","原位移植型结肠癌小鼠模型","not reported","Not specified","not captured in source extraction","not reported","not reported","not captured","not reported","not reported","Excluded: insufficient extractable evidence","not assigned","33129117","PMID33129117","not matched","Metabonomics study on orthotopic transplantion mice model of colon cancer treated with Astragalus membranaceus-Curcuma wenyujin in different proportions via UPLC-Q-TOF/MS.","Excluded: no local PDF matched","2021","2021/01/30","Phytosphingosine","原位移植型结肠癌小鼠模型","Not established from supplied source field","Generic botanical, dietary, computational, or unspecified association","PMID 33129117; PMID33129117","Not assessed for final attribution (excluded record)","Row-level annotation; deduplicate by PMID for final reference-level counts"
"Phytosphingosine","Other natural products","not reported","not reported","Not specified","not captured in source extraction","not reported","not reported","not captured","not reported","not reported","Excluded: insufficient extractable evidence","Wnt/beta-catenin/stemness","40983245","PMID40983245","not matched","Phytosphingosine suppresses gastric cancer through SFRP4/beta-catenin axis-mediated Wnt signaling pathway inhibition.","Excluded: no CRC-specific model or outcome extracted","2025","2025/11/01","Phytosphingosine","not reported","Not established from supplied source field","Generic botanical, dietary, computational, or unspecified association","PMID 40983245; PMID40983245","Not assessed for final attribution (excluded record)","Row-level annotation; deduplicate by PMID for final reference-level counts"
"wighteone","Flavonoids","not reported","not reported","Not specified","not captured in source extraction","not reported","not reported","not captured","not reported","not reported","Excluded: insufficient extractable evidence","not assigned","not reported","not available","not matched","not retained - incomplete bibliographic metadata","Excluded: no CRC-specific model or outcome extracted","","","wighteone","not reported","Not established from supplied source field","Generic botanical, dietary, computational, or unspecified association","PMID not reported; not available","Not assessed for final attribution (excluded record)","Row-level annotation; deduplicate by PMID for final reference-level counts"
"8-Isopentenyl-kaempferol","Other natural products","not reported","not reported","Not specified","not captured in source extraction","not reported","not reported","not captured","not reported","not reported","Excluded: insufficient extractable evidence","not assigned","not reported","not available","not matched","not retained - incomplete bibliographic metadata","Excluded: no CRC-specific model or outcome extracted","","","8-Isopentenyl-kaempferol","not reported","Not established from this row alone","Dietary, generic botanical, or non-specific natural-product source","PMID not reported; not available","Not assessed for final attribution (excluded record)","Row-level annotation; deduplicate by PMID for final reference-level counts"
"norartocarpetin","Other natural products","not reported","not reported","Not specified","not captured in source extraction","not reported","not reported","not captured","not reported","not reported","Excluded: insufficient extractable evidence","not assigned","not reported","not available","not matched","not retained - incomplete bibliographic metadata","Excluded: no CRC-specific model or outcome extracted","","","norartocarpetin","not reported","Not established from supplied source field","Generic botanical, dietary, computational, or unspecified association","PMID not reported; not available","Not assessed for final attribution (excluded record)","Row-level annotation; deduplicate by PMID for final reference-level counts"
"Carthamidin","Other natural products","not reported","not reported","Not specified","not captured in source extraction","not reported","not reported","not captured","not reported","not reported","Excluded: insufficient extractable evidence","PI3K/Akt/mTOR/metabolism","39498081","PMID39498081","not matched","Downregulation of aquaporins and PI3K/AKT and upregulation of PTEN expression induced by the flavone scutellarein in human colon cancer cell lines.","Excluded: no local PDF matched","2024","2024/10/15","Carthamidin","not reported","Not established from supplied source field","Generic botanical, dietary, computational, or unspecified association","PMID 39498081; PMID39498081","Not assessed for final attribution (excluded record)","Row-level annotation; deduplicate by PMID for final reference-level counts"
